name,age,team,minutes_played,PER,TS,WS,BPM,VORP,PPG,AST,TRB,BLK,STL,G,MP,mvp_label,year
Buck Williams,24.0,NJN,3182.0,16.7,0.562,7.7,-0.3,1.4,18.2,2.0,12.3,1.3,0.8,82.0,38.8,0,1985
Larry Bird,28.0,BOS,3161.0,26.5,0.585,15.7,8.8,8.7,28.7,6.6,10.5,1.2,1.6,80.0,39.5,1,1985
Michael Jordan,21.0,CHI,3144.0,25.8,0.592,14.0,7.3,7.4,28.2,5.9,6.5,0.8,2.4,82.0,38.3,0,1985
Michael Ray Richardson,29.0,NJN,3127.0,19.8,0.513,8.7,4.1,4.8,20.1,8.2,5.6,0.3,3.0,82.0,38.1,0,1985
Isiah Thomas,23.0,DET,3089.0,22.2,0.529,11.2,6.3,6.5,21.2,13.9,4.5,0.3,2.3,81.0,38.1,0,1985
Ralph Sampson,24.0,HOU,3086.0,17.4,0.533,6.2,0.4,1.8,22.1,2.7,10.4,2.0,1.0,82.0,37.6,0,1985
Purvis Short,27.0,GSW,3081.0,18.9,0.533,6.2,0.6,2.0,28.0,3.0,5.1,0.3,1.5,78.0,39.5,0,1985
Eddie Johnson,25.0,KCK,3029.0,16.2,0.542,5.3,-0.6,1.1,22.9,3.3,5.0,0.3,1.0,82.0,36.9,0,1985
Dominique Wilkins,25.0,ATL,3023.0,20.9,0.514,7.6,2.2,3.2,27.4,2.5,6.9,0.7,1.7,81.0,37.3,0,1985
Rodney McCray,23.0,HOU,3001.0,15.5,0.576,8.5,2.7,3.6,14.4,4.3,6.6,0.9,1.1,82.0,36.6,0,1985
Dennis Johnson,30.0,BOS,2976.0,14.4,0.522,6.4,0.3,1.8,15.7,6.8,4.0,0.5,1.2,80.0,37.2,0,1985
Gus Williams,31.0,WSB,2960.0,17.3,0.482,5.1,2.1,3.1,20.0,7.7,2.5,0.4,2.3,79.0,37.5,0,1985
Moses Malone,29.0,PHI,2957.0,22.5,0.577,11.9,1.6,2.7,24.6,1.6,13.1,1.6,0.8,79.0,37.4,0,1985
Alex English,31.0,DEN,2924.0,21.6,0.561,8.9,2.7,3.5,27.9,4.2,5.7,0.6,1.2,81.0,36.1,0,1985
Tom Chambers,25.0,SEA,2923.0,16.5,0.56,5.9,-0.6,1.0,21.5,2.6,7.1,0.7,0.9,81.0,36.1,0,1985
Hakeem Olajuwon,22.0,HOU,2914.0,21.1,0.564,10.2,2.1,3.0,20.6,1.4,11.9,2.7,1.2,82.0,35.5,0,1985
Norm Nixon,29.0,LAC,2894.0,15.6,0.507,3.7,-0.6,1.1,17.2,8.8,2.7,0.0,1.2,81.0,35.7,0,1985
Bill Laimbeer,27.0,DET,2892.0,18.0,0.548,9.8,1.3,2.4,17.5,1.9,12.4,0.9,0.8,82.0,35.3,0,1985
Paul Pressey,26.0,MIL,2876.0,17.6,0.577,9.6,4.2,4.5,16.1,6.8,5.4,0.7,1.6,80.0,36.0,0,1985
Sleepy Floyd,24.0,GSW,2873.0,15.4,0.514,3.1,-0.4,1.1,19.5,5.0,2.5,0.5,1.6,82.0,35.0,0,1985
Mike Mitchell,29.0,SAS,2853.0,16.5,0.533,6.0,-1.1,0.6,22.2,1.8,5.1,0.3,0.7,82.0,34.8,0,1985
Robert Parish,31.0,BOS,2850.0,17.6,0.586,9.0,0.8,2.0,17.6,1.6,10.6,1.3,0.7,79.0,36.1,0,1985
Rolando Blackman,25.0,DAL,2834.0,17.7,0.566,7.3,0.9,2.0,19.7,3.6,3.7,0.2,0.8,81.0,35.0,0,1985
Orlando Woolridge,25.0,CHI,2816.0,19.5,0.608,9.0,1.5,2.5,22.9,1.8,5.6,0.5,0.8,77.0,36.6,0,1985
Mark Eaton,28.0,UTA,2813.0,13.6,0.502,5.4,1.2,2.3,9.7,1.5,11.3,5.6,0.4,82.0,34.3,0,1985
Magic Johnson,25.0,LAL,2781.0,23.2,0.637,12.7,6.7,6.1,18.3,12.6,6.2,0.3,1.5,77.0,36.1,0,1985
Darrell Griffith,26.0,UTA,2776.0,15.6,0.512,3.5,0.0,1.4,22.6,3.1,4.4,0.4,1.7,78.0,35.6,0,1985
Derek Smith,23.0,LAC,2762.0,19.1,0.592,8.0,1.4,2.4,22.1,2.7,5.3,0.7,1.0,80.0,34.5,0,1985
Artis Gilmore,35.0,SAS,2756.0,20.3,0.68,10.5,2.2,2.9,19.1,1.6,10.4,2.1,0.5,81.0,34.0,0,1985
Sidney Moncrief,27.0,MIL,2734.0,20.1,0.565,11.2,4.8,4.7,21.7,5.2,5.4,0.5,1.6,73.0,37.5,0,1985
Terry Cummings,23.0,MIL,2722.0,22.1,0.536,10.7,4.3,4.3,23.6,2.9,9.1,0.8,1.5,79.0,34.5,0,1985
Mark Aguirre,25.0,DAL,2699.0,21.3,0.563,7.2,1.8,2.6,25.7,3.1,6.0,0.3,0.8,80.0,33.7,0,1985
James Worthy,23.0,LAL,2696.0,17.0,0.601,7.5,1.6,2.5,17.6,2.5,6.4,0.8,1.1,80.0,33.7,0,1985
Johnny Moore,26.0,SAS,2689.0,18.3,0.513,7.2,3.7,3.9,12.8,10.0,4.6,0.2,2.8,82.0,32.8,0,1985
Greg Ballard,30.0,WSB,2664.0,14.3,0.513,6.0,0.6,1.7,13.1,2.5,6.5,0.4,1.2,82.0,32.5,0,1985
Calvin Natt,28.0,DEN,2657.0,21.8,0.604,10.2,3.1,3.4,23.3,3.1,7.8,0.4,1.0,78.0,34.1,0,1985
Kevin McHale,27.0,BOS,2653.0,20.7,0.617,11.0,2.5,3.0,19.8,1.8,9.0,1.5,0.4,79.0,33.6,0,1985
Gerald Henderson,29.0,SEA,2648.0,14.3,0.529,3.7,-0.3,1.1,13.4,7.1,2.4,0.1,1.8,79.0,33.5,0,1985
Kareem Abdul-Jabbar,37.0,LAL,2630.0,22.9,0.628,11.2,5.1,4.8,22.0,3.2,7.9,2.1,0.8,79.0,33.3,0,1985
Mychal Thompson,30.0,POR,2616.0,17.5,0.554,6.1,0.7,1.8,18.4,2.6,7.8,1.3,1.0,79.0,33.1,0,1985
Maurice Cheeks,28.0,PHI,2616.0,17.6,0.619,9.0,3.7,3.8,13.1,6.4,2.8,0.3,2.2,78.0,33.5,0,1985
Jeff Malone,23.0,WSB,2613.0,15.0,0.543,5.7,-0.9,0.7,18.9,2.4,2.7,0.1,0.7,76.0,34.4,0,1985
Danny Ainge,25.0,BOS,2564.0,14.2,0.57,6.6,0.7,1.8,12.9,5.3,3.6,0.1,1.6,75.0,34.2,0,1985
Fat Lever,24.0,DEN,2559.0,16.7,0.479,5.2,2.2,2.7,12.8,7.5,5.0,0.4,2.5,82.0,31.2,0,1985
Herb Williams,26.0,IND,2557.0,15.5,0.505,2.2,0.0,1.3,18.3,3.4,8.5,1.8,0.7,75.0,34.1,0,1985
Clyde Drexler,22.0,POR,2555.0,19.7,0.534,7.5,4.3,4.1,17.2,5.5,6.0,0.9,2.2,80.0,31.9,0,1985
Al Wood,26.0,SEA,2545.0,14.3,0.521,4.2,-0.1,1.2,15.0,3.0,3.5,0.7,1.1,80.0,31.8,0,1985
Reggie Theus,27.0,KCK,2543.0,17.0,0.559,4.6,0.7,1.7,16.4,8.0,3.3,0.2,1.2,82.0,31.0,0,1985
Jay Vincent,25.0,DAL,2543.0,18.0,0.545,6.5,-0.2,1.1,18.2,2.1,8.9,0.3,0.6,79.0,32.2,0,1985
Brad Davis,29.0,DAL,2539.0,15.2,0.596,7.4,1.0,1.9,10.1,7.1,2.4,0.1,1.1,82.0,31.0,0,1985
Jerome Whitehead,28.0,GSW,2536.0,12.6,0.553,3.6,-3.5,-0.9,13.0,0.7,7.9,0.5,0.6,79.0,32.1,0,1985
Julius Erving,34.0,PHI,2535.0,20.0,0.546,7.6,3.5,3.5,20.0,3.0,5.3,1.4,1.7,78.0,32.5,0,1985
Kiki Vandeweghe,26.0,POR,2502.0,18.0,0.603,8.4,0.4,1.5,22.4,1.5,3.2,0.3,0.5,72.0,34.8,0,1985
Larry Smith,27.0,GSW,2497.0,15.1,0.553,4.7,-1.6,0.2,11.1,1.2,10.9,0.7,1.0,80.0,31.2,0,1985
Craig Hodges,24.0,MIL,2496.0,11.8,0.552,6.0,0.0,1.3,10.6,4.3,2.3,0.0,1.2,82.0,30.4,0,1985
Darrell Walker,23.0,NYK,2489.0,14.7,0.483,2.8,0.6,1.7,13.5,5.0,3.4,0.3,2.0,82.0,30.4,0,1985
Vern Fleming,22.0,IND,2486.0,12.8,0.526,3.3,-1.6,0.3,14.1,3.1,4.0,0.1,1.2,80.0,31.1,0,1985
Thurl Bailey,23.0,UTA,2481.0,14.7,0.533,5.4,-0.2,1.2,15.2,1.7,6.6,1.3,0.6,80.0,31.0,0,1985
LaSalle Thompson,23.0,KCK,2458.0,15.6,0.579,5.3,0.3,1.4,11.8,1.6,10.4,1.6,1.2,82.0,30.0,0,1985
Louis Orr,26.0,NYK,2452.0,13.8,0.552,4.8,0.3,1.4,12.7,1.7,4.9,0.3,1.3,79.0,31.0,0,1985
Clark Kellogg,23.0,IND,2449.0,18.9,0.557,6.1,1.8,2.3,18.6,3.2,9.4,0.3,1.1,77.0,31.8,0,1985
Marques Johnson,28.0,LAC,2448.0,14.3,0.489,2.7,-1.4,0.4,16.4,3.4,5.9,0.4,1.0,72.0,34.0,0,1985
Rickey Green,30.0,UTA,2431.0,16.3,0.546,6.7,1.6,2.2,13.0,7.8,2.5,0.0,1.7,77.0,31.6,0,1985
Mike Gminski,25.0,NJN,2418.0,16.1,0.538,6.1,0.5,1.6,12.8,2.0,7.8,1.1,0.5,81.0,29.9,0,1985
Jack Sikma,29.0,SEA,2402.0,20.4,0.564,8.3,4.4,3.9,18.5,4.2,10.6,1.3,1.2,68.0,35.3,0,1985
John Bagley,24.0,CLE,2401.0,16.0,0.524,4.6,1.7,2.2,9.9,8.6,3.6,0.1,1.6,81.0,29.6,0,1985
James Donaldson,27.0,LAC,2392.0,14.6,0.679,5.0,-0.7,0.8,11.3,0.6,8.1,1.6,0.3,82.0,29.2,0,1985
Larry Drew,26.0,KCK,2373.0,14.7,0.538,3.6,-0.1,1.1,14.9,6.7,2.3,0.1,1.3,72.0,33.0,0,1985
Eddie Johnson,29.0,ATL,2367.0,15.8,0.546,4.2,-0.7,0.8,16.3,7.8,2.6,0.1,0.6,73.0,32.4,0,1985
Charles Barkley,21.0,PHI,2347.0,18.3,0.599,7.5,1.7,2.2,14.0,1.9,8.6,1.0,1.2,82.0,28.6,0,1985
Roy Hinson,23.0,CLE,2344.0,16.0,0.551,5.0,-0.4,0.9,15.8,0.9,7.8,2.3,0.7,76.0,30.8,0,1985
Sam Perkins,23.0,DAL,2317.0,15.0,0.535,5.8,0.0,1.2,11.0,1.6,7.4,0.8,0.8,82.0,28.3,0,1985
Steve Stipanovich,24.0,IND,2315.0,15.9,0.544,5.0,0.8,1.6,13.7,2.4,7.5,1.0,0.9,82.0,28.2,0,1985
Byron Scott,23.0,LAL,2305.0,16.8,0.587,6.9,0.9,1.7,16.0,3.0,2.6,0.2,1.2,81.0,28.5,0,1985
Rory Sparrow,26.0,NYK,2292.0,14.3,0.539,4.3,-0.1,1.1,9.9,7.1,2.1,0.1,1.0,79.0,29.0,0,1985
T.R. Dunn,29.0,DEN,2290.0,9.8,0.531,4.4,-0.1,1.0,5.4,1.9,4.8,0.2,1.7,81.0,28.3,0,1985
Darnell Valentine,25.0,POR,2278.0,15.1,0.541,5.0,0.6,1.5,11.6,7.0,2.9,0.1,1.9,75.0,30.4,0,1985
Mark Olberding,28.0,KCK,2277.0,12.2,0.603,4.1,-0.9,0.6,10.2,3.0,6.3,0.1,0.7,81.0,28.1,0,1985
Lester Conner,25.0,GSW,2258.0,13.1,0.508,2.8,0.3,1.3,8.1,4.7,3.1,0.2,2.0,79.0,28.6,0,1985
Jim Paxson,27.0,POR,2253.0,17.3,0.555,6.5,1.5,2.0,17.9,3.9,3.3,0.1,1.5,68.0,33.1,0,1985
Phil Hubbard,28.0,CLE,2249.0,16.0,0.578,5.7,0.1,1.2,15.8,1.5,6.3,0.1,1.1,76.0,29.6,0,1985
World B. Free,31.0,CLE,2249.0,19.7,0.529,6.0,3.0,2.8,22.5,4.5,3.0,0.2,1.1,71.0,31.7,0,1985
Andrew Toney,27.0,PHI,2237.0,16.2,0.582,5.5,0.4,1.4,17.8,5.2,2.5,0.3,0.9,70.0,32.0,0,1985
Derek Harper,23.0,DAL,2218.0,15.2,0.564,5.4,2.1,2.3,9.6,4.4,2.4,0.5,1.8,82.0,27.0,0,1985
Sam Bowie,23.0,POR,2216.0,15.7,0.578,5.7,2.0,2.2,10.0,2.8,8.6,2.7,0.7,76.0,29.2,0,1985
Larry Nance,25.0,PHO,2202.0,20.6,0.612,7.9,4.4,3.5,19.9,2.6,8.8,1.7,1.4,61.0,36.1,0,1985
Michael Cooper,28.0,LAL,2189.0,12.9,0.539,4.6,1.5,1.9,8.6,5.2,3.1,0.6,1.1,82.0,26.7,0,1985
Danny Vranes,26.0,SEA,2163.0,8.3,0.48,1.8,-2.2,-0.1,5.8,2.0,5.7,0.8,1.0,76.0,28.5,0,1985
Alvan Adams,30.0,PHO,2136.0,19.8,0.578,6.8,4.0,3.2,14.7,3.8,6.1,0.6,1.4,82.0,26.0,0,1985
Lewis Lloyd,25.0,HOU,2128.0,15.2,0.558,4.7,0.6,1.4,13.1,3.4,2.8,0.3,0.9,82.0,26.0,0,1985
Doc Rivers,23.0,ATL,2126.0,18.1,0.561,6.3,3.7,3.1,14.1,5.9,3.1,0.8,2.4,69.0,30.8,0,1985
Quintin Dailey,24.0,CHI,2101.0,15.2,0.517,2.6,-2.1,-0.1,16.0,2.4,2.6,0.1,0.9,79.0,26.6,0,1985
Vinnie Johnson,28.0,DET,2093.0,14.9,0.5,4.2,0.3,1.2,12.8,4.0,3.1,0.2,0.9,82.0,25.5,0,1985
Gene Banks,25.0,SAS,2091.0,14.5,0.642,5.6,1.2,1.7,9.5,2.9,5.4,0.2,0.8,82.0,25.5,0,1985
Alton Lister,26.0,MIL,2091.0,15.0,0.559,5.3,0.9,1.5,9.9,1.6,8.0,2.1,0.6,81.0,25.8,0,1985
George Gervin,32.0,SAS,2091.0,18.5,0.564,4.6,-0.3,0.9,21.2,2.5,3.3,0.7,0.9,72.0,29.0,0,1985
Rick Mahorn,26.0,WSB,2072.0,10.4,0.526,3.6,-1.5,0.3,6.3,1.6,7.9,1.4,0.8,77.0,26.9,0,1985
Pat Cummings,28.0,NYK,2069.0,14.3,0.556,3.3,-1.5,0.3,15.8,1.7,8.2,0.3,0.8,63.0,32.8,0,1985
Bernard King,28.0,NYK,2063.0,25.2,0.585,7.1,5.1,3.6,32.9,3.7,5.8,0.3,1.3,55.0,37.5,0,1985
Dave Corzine,28.0,CHI,2062.0,11.8,0.534,2.9,-1.3,0.4,8.5,1.7,5.1,0.8,0.4,82.0,25.1,0,1985
Jay Humphries,22.0,PHO,2062.0,10.6,0.502,1.9,-2.6,-0.3,8.8,4.4,2.1,0.1,1.3,80.0,25.8,0,1985
Jim Thomas,24.0,IND,2059.0,13.0,0.534,3.5,-1.1,0.5,11.1,2.9,3.3,0.1,1.0,80.0,25.7,0,1985
Junior Bridgeman,31.0,LAC,2042.0,14.8,0.516,3.1,-1.4,0.3,13.9,2.1,2.9,0.2,0.6,80.0,25.5,0,1985
Wayne Cooper,28.0,DEN,2031.0,15.1,0.505,3.5,-2.4,-0.2,12.1,1.1,7.9,2.5,0.4,80.0,25.4,0,1985
Kyle Macy,27.0,PHO,2018.0,13.8,0.555,4.6,0.3,1.1,11.0,5.8,2.8,0.0,1.3,65.0,31.0,0,1985
Cliff Levingston,24.0,ATL,2017.0,14.6,0.56,4.7,0.0,1.0,9.8,1.4,7.6,0.9,0.9,74.0,27.3,0,1985
Kurt Nimphius,26.0,DAL,2010.0,10.9,0.504,3.3,-0.3,0.9,6.1,2.2,5.0,1.5,0.4,82.0,24.5,0,1985
Terry Tyler,28.0,DET,2004.0,14.6,0.516,4.5,0.0,1.0,11.6,0.8,5.2,1.1,0.6,82.0,24.4,0,1985
Mike Woodson,26.0,KCK,1998.0,17.5,0.548,4.2,0.3,1.1,17.0,1.8,2.5,0.4,1.5,78.0,25.6,0,1985
Adrian Dantley,29.0,UTA,1971.0,21.9,0.607,8.0,3.8,2.9,26.6,3.4,5.9,0.1,1.0,55.0,35.8,0,1985
Lionel Hollins,31.0,HOU,1950.0,11.1,0.508,2.5,-1.9,0.1,7.6,5.2,2.2,0.1,1.0,80.0,24.4,0,1985
Melvin Turpin,24.0,CLE,1949.0,13.1,0.541,3.1,-1.7,0.2,10.6,0.5,5.7,1.1,0.5,79.0,24.7,0,1985
Johnny Davis,29.0,CLE,1920.0,14.7,0.51,3.0,-0.7,0.6,12.4,5.6,1.6,0.1,0.6,76.0,25.3,0,1985
Otis Thorpe,22.0,KCK,1918.0,16.6,0.62,4.0,-1.0,0.5,12.8,1.4,6.8,0.5,0.4,82.0,23.4,0,1985
Cliff Robinson,24.0,WSB,1870.0,16.4,0.507,2.9,-0.7,0.6,16.7,2.5,9.1,0.8,0.9,60.0,31.2,0,1985
Otis Birdsong,29.0,NJN,1842.0,18.1,0.534,4.2,1.2,1.5,20.6,4.1,2.6,0.1,1.5,56.0,32.9,0,1985
John Long,28.0,DET,1820.0,14.2,0.518,3.3,-1.1,0.4,14.7,2.0,2.9,0.2,1.1,66.0,27.6,0,1985
Trent Tucker,25.0,NYK,1819.0,12.6,0.521,3.3,0.2,1.0,8.5,2.6,2.4,0.2,1.0,77.0,23.6,0,1985
Jerry Sichting,28.0,IND,1808.0,13.6,0.567,3.5,-0.8,0.5,11.0,3.8,1.6,0.1,0.7,70.0,25.8,0,1985
James Edwards,29.0,PHO,1787.0,15.8,0.562,3.7,-0.7,0.6,14.9,2.2,5.5,0.7,0.4,70.0,25.5,0,1985
Kevin Willis,22.0,ATL,1785.0,12.9,0.497,2.7,-3.8,-0.8,9.3,0.4,6.4,0.6,0.4,82.0,21.8,0,1985
Robert Reid,29.0,HOU,1763.0,11.8,0.507,3.0,-1.3,0.3,8.7,2.1,3.3,0.3,0.6,82.0,21.5,0,1985
Michael Holton,23.0,PHO,1761.0,8.9,0.497,0.8,-3.6,-0.7,8.4,2.7,1.8,0.1,0.8,74.0,23.8,0,1985
Tree Rollins,29.0,ATL,1750.0,12.3,0.578,3.8,0.7,1.2,6.3,0.7,6.3,2.4,0.5,70.0,25.0,0,1985
Kelvin Ransey,26.0,NJN,1689.0,15.3,0.505,3.4,0.3,1.0,8.9,4.4,1.6,0.1,1.1,81.0,20.9,0,1985
Alvin Robertson,22.0,SAS,1685.0,15.3,0.538,3.1,0.9,1.2,9.2,3.5,3.4,0.3,1.6,79.0,21.3,0,1985
Dan Issel,36.0,DEN,1684.0,16.9,0.528,4.3,-0.3,0.7,12.8,1.8,4.3,0.4,0.8,77.0,21.9,0,1985
Kelly Tripucka,25.0,DET,1675.0,16.7,0.548,4.2,0.5,1.0,19.1,2.5,4.0,0.3,0.9,55.0,30.5,0,1985
Bill Hanzlik,27.0,DEN,1673.0,10.5,0.495,2.2,-2.7,-0.3,7.8,2.6,2.6,0.3,1.1,80.0,20.9,0,1985
Maurice Lucas,32.0,PHO,1670.0,15.1,0.517,2.5,-1.7,0.1,13.4,2.3,8.8,0.3,0.6,63.0,26.5,0,1985
Steve Johnson,27.0,CHI,1659.0,14.1,0.593,3.1,-2.1,-0.1,10.0,0.9,5.9,0.8,0.5,74.0,22.4,0,1985
Ben Poquette,29.0,CLE,1656.0,12.6,0.514,3.5,-0.7,0.5,6.7,1.0,6.0,0.7,0.6,79.0,21.0,0,1985
Bill Walton,32.0,LAC,1647.0,17.8,0.558,3.3,2.2,1.7,10.1,2.3,9.0,2.1,0.7,67.0,24.6,0,1985
Earl Cureton,27.0,DET,1642.0,10.2,0.505,2.0,-2.2,-0.1,6.1,1.0,5.2,0.5,0.7,81.0,20.3,0,1985
Bobby Jones,33.0,PHI,1633.0,15.2,0.625,4.8,2.9,2.0,7.5,1.9,3.7,0.6,1.1,80.0,20.4,0,1985
Kurt Rambis,26.0,LAL,1617.0,12.7,0.577,4.1,0.0,0.8,5.2,0.8,6.4,0.6,1.0,82.0,19.7,0,1985
Michael Cage,23.0,LAC,1610.0,12.5,0.582,3.2,-1.5,0.2,7.1,0.7,5.2,0.4,0.5,75.0,21.5,0,1985
Tony Brown,24.0,IND,1586.0,10.8,0.503,1.8,-1.7,0.1,6.6,1.9,3.5,0.1,0.7,82.0,19.3,0,1985
Paul Mokeski,28.0,MIL,1586.0,10.1,0.511,3.4,-1.7,0.1,6.2,1.3,5.2,0.4,0.4,79.0,20.1,0,1985
Tim McCormick,22.0,SEA,1584.0,14.7,0.606,3.8,-2.1,0.0,9.3,1.0,5.1,0.4,0.2,78.0,20.3,0,1985
Mitchell Wiggins,25.0,HOU,1575.0,14.0,0.516,3.5,-0.2,0.7,9.0,1.5,2.9,0.2,1.0,82.0,19.2,0,1985
Darren Daye,24.0,WSB,1573.0,15.7,0.566,3.8,1.1,1.2,8.7,3.0,3.4,0.2,0.7,80.0,19.7,0,1985
Mickey Johnson,32.0,GSW,1565.0,17.2,0.513,2.7,0.4,1.0,13.3,2.3,6.0,0.5,1.1,66.0,23.7,0,1985
Maurice Cheeks,29.0,PHI,3270.0,17.9,0.597,10.6,3.6,4.6,15.4,9.2,2.9,0.3,2.5,82.0,39.9,0,1986
Larry Bird,29.0,BOS,3113.0,25.6,0.58,15.8,8.7,8.4,25.8,6.8,9.8,0.6,2.0,82.0,38.0,1,1986
Buck Williams,25.0,NJN,3070.0,15.1,0.565,6.8,-0.6,1.1,15.9,1.6,12.0,1.2,0.9,82.0,37.4,0,1986
Dominique Wilkins,26.0,ATL,3049.0,23.3,0.536,10.8,4.2,4.8,30.3,2.6,7.9,0.6,1.8,78.0,39.1,0,1986
Alex English,32.0,DEN,3024.0,21.7,0.562,9.8,2.9,3.7,29.8,4.0,5.0,0.4,0.9,81.0,37.3,0,1986
Jeff Malone,24.0,WSB,2992.0,16.3,0.533,6.1,-1.2,0.6,22.4,2.4,3.6,0.2,0.9,80.0,37.4,0,1986
Mike Mitchell,30.0,SAS,2970.0,15.9,0.514,4.4,-2.3,-0.3,23.4,2.3,5.0,0.3,0.7,82.0,36.2,0,1986
Charles Barkley,22.0,PHI,2952.0,22.4,0.619,10.8,5.1,5.3,20.0,3.9,12.8,1.6,2.2,80.0,36.9,0,1986
Reggie Theus,28.0,SAC,2919.0,17.9,0.556,6.4,1.2,2.4,18.3,9.6,3.7,0.2,1.4,82.0,35.6,0,1986
Bill Laimbeer,28.0,DET,2891.0,17.6,0.545,9.2,0.6,1.9,16.6,1.8,13.1,0.8,0.7,82.0,35.3,0,1986
Alvin Robertson,23.0,SAS,2878.0,19.5,0.563,8.6,4.7,4.9,17.0,5.5,6.3,0.5,3.7,82.0,35.1,0,1986
Vern Fleming,23.0,IND,2870.0,15.3,0.558,6.9,1.1,2.3,14.2,6.3,4.8,0.1,1.6,80.0,35.9,0,1986
Ralph Sampson,25.0,HOU,2864.0,16.9,0.516,5.0,0.4,1.8,18.9,3.6,11.1,1.6,1.3,79.0,36.3,0,1986
Roy Hinson,24.0,CLE,2834.0,17.4,0.578,7.4,0.7,1.9,19.6,1.2,7.8,1.4,0.8,82.0,34.6,0,1986
Joe Barry Carroll,27.0,GSW,2801.0,17.2,0.516,3.4,-0.7,0.9,21.2,2.2,8.5,1.8,1.3,79.0,35.5,0,1986
Kiki Vandeweghe,27.0,POR,2791.0,19.7,0.614,9.9,1.4,2.4,24.8,2.4,2.7,0.2,0.7,79.0,35.3,0,1986
Jack Sikma,30.0,SEA,2790.0,17.6,0.535,7.8,2.5,3.1,17.1,3.8,9.4,0.9,1.2,80.0,34.9,0,1986
Isiah Thomas,24.0,DET,2790.0,21.2,0.554,8.8,5.0,4.9,20.9,10.8,3.6,0.3,2.2,77.0,36.2,0,1986
Rolando Blackman,26.0,DAL,2787.0,19.0,0.576,7.0,0.6,1.8,21.5,3.3,3.5,0.3,1.0,82.0,34.0,0,1986
Herb Williams,27.0,IND,2770.0,17.9,0.533,6.2,1.4,2.4,19.9,2.2,9.1,2.4,0.6,78.0,35.5,0,1986
Sleepy Floyd,25.0,GSW,2764.0,20.0,0.587,7.5,3.5,3.9,17.2,9.1,3.6,0.2,1.9,82.0,33.7,0,1986
Randy Wittman,26.0,ATL,2760.0,13.0,0.555,5.9,0.5,1.7,12.9,3.8,2.1,0.2,1.0,81.0,34.1,0,1986
Adrian Dantley,30.0,UTA,2744.0,24.6,0.629,12.8,4.9,4.8,29.8,3.5,5.2,0.1,0.8,76.0,36.1,0,1986
Jay Humphries,23.0,PHO,2733.0,12.6,0.534,4.8,-0.6,0.9,11.0,6.4,3.2,0.1,1.6,82.0,33.3,0,1986
Dennis Johnson,31.0,BOS,2732.0,14.7,0.509,6.7,0.5,1.8,15.6,5.8,3.4,0.4,1.4,78.0,35.0,0,1986
Xavier McDaniel,22.0,SEA,2706.0,16.3,0.525,5.1,-0.3,1.2,17.1,2.4,8.0,0.5,1.2,82.0,33.0,0,1986
Moses Malone,30.0,PHI,2706.0,20.6,0.553,8.9,-0.1,1.3,23.8,1.2,11.8,1.0,0.9,74.0,36.6,0,1986
Paul Pressey,27.0,MIL,2704.0,18.6,0.564,9.8,5.7,5.3,14.3,7.8,5.0,0.9,2.1,80.0,33.8,0,1986
James Donaldson,28.0,2TM,2682.0,13.0,0.627,5.7,0.1,1.4,8.6,1.2,9.6,1.7,0.3,83.0,32.3,0,1986
Terry Cummings,24.0,MIL,2669.0,18.2,0.503,7.4,0.9,2.0,19.8,2.4,8.5,0.6,1.5,82.0,32.5,0,1986
Kareem Abdul-Jabbar,38.0,LAL,2629.0,22.7,0.603,10.8,5.4,4.9,23.4,3.5,6.1,1.6,0.8,79.0,33.3,0,1986
Kelly Tripucka,26.0,DET,2626.0,18.3,0.567,7.5,1.8,2.5,20.0,3.3,4.3,0.1,1.1,81.0,32.4,0,1986
Sam Perkins,24.0,DAL,2626.0,17.6,0.573,7.3,1.0,1.9,15.4,1.9,8.6,1.2,0.9,80.0,32.8,0,1986
Fat Lever,25.0,DEN,2616.0,15.7,0.473,4.5,1.6,2.4,13.8,7.5,5.4,0.2,2.3,78.0,33.5,0,1986
Rodney McCray,24.0,HOU,2610.0,13.6,0.583,6.3,1.0,2.0,10.3,3.6,6.3,0.7,0.6,82.0,31.8,0,1986
Marques Johnson,29.0,LAC,2605.0,18.9,0.555,5.9,1.7,2.5,20.3,3.8,5.5,0.7,1.4,75.0,34.7,0,1986
Magic Johnson,26.0,LAL,2578.0,24.0,0.61,12.1,6.7,5.7,18.8,12.6,5.9,0.2,1.6,72.0,35.8,0,1986
Clyde Drexler,23.0,POR,2576.0,19.8,0.53,6.7,4.3,4.1,18.5,8.0,5.6,0.6,2.6,75.0,34.3,0,1986
Mychal Thompson,31.0,POR,2569.0,13.7,0.525,3.7,-1.9,0.1,14.7,2.1,7.4,0.4,0.9,82.0,31.3,0,1986
Gerald Henderson,30.0,SEA,2568.0,15.7,0.537,6.2,1.3,2.1,13.1,5.9,2.3,0.1,1.7,82.0,31.3,0,1986
Robert Parish,32.0,BOS,2567.0,18.8,0.586,9.2,2.1,2.6,16.1,1.8,9.5,1.4,0.8,81.0,31.7,0,1986
Sidney Moncrief,28.0,MIL,2567.0,20.0,0.604,11.7,4.9,4.5,20.2,4.9,4.6,0.2,1.4,73.0,35.2,0,1986
Cliff Robinson,25.0,WSB,2563.0,18.3,0.518,5.6,0.7,1.7,18.7,2.4,8.7,0.6,1.3,78.0,32.9,0,1986
Mark Eaton,29.0,UTA,2551.0,12.2,0.499,4.0,0.1,1.4,8.5,1.3,8.4,4.6,0.4,80.0,31.9,0,1986
World B. Free,32.0,CLE,2535.0,19.0,0.533,6.1,2.3,2.8,23.4,4.2,2.9,0.3,1.2,75.0,33.8,0,1986
Mike Gminski,26.0,NJN,2525.0,19.0,0.594,9.2,2.5,2.9,16.5,1.6,8.2,0.9,0.7,81.0,31.2,0,1986
Mark Aguirre,26.0,DAL,2501.0,19.2,0.547,4.7,0.3,1.4,22.6,4.6,6.0,0.2,0.8,74.0,33.8,0,1986
Larry Nance,26.0,PHO,2484.0,20.5,0.616,8.4,3.9,3.7,20.2,3.3,8.5,1.8,1.0,73.0,34.0,0,1986
Karl Malone,22.0,UTA,2475.0,13.7,0.504,1.9,-1.9,0.1,14.9,2.9,8.9,0.5,1.3,81.0,30.6,0,1986
Julius Erving,35.0,PHI,2474.0,17.4,0.537,5.9,2.1,2.6,18.1,3.4,5.0,1.1,1.5,74.0,33.4,0,1986
John Bagley,25.0,CLE,2472.0,15.2,0.475,3.0,0.6,1.6,11.7,9.4,3.5,0.1,1.6,78.0,31.7,0,1986
Hakeem Olajuwon,23.0,HOU,2467.0,24.2,0.56,9.5,4.0,3.8,23.5,2.0,11.5,3.4,2.0,68.0,36.3,0,1986
Cedric Maxwell,30.0,LAC,2458.0,15.6,0.592,5.4,-0.6,0.9,14.1,2.8,8.2,0.4,0.8,76.0,32.3,0,1986
James Worthy,24.0,LAL,2454.0,20.4,0.613,9.5,3.9,3.6,20.0,2.7,5.2,1.0,1.1,75.0,32.7,0,1986
Lewis Lloyd,26.0,HOU,2444.0,17.7,0.567,6.3,1.4,2.1,16.9,3.7,4.0,0.3,1.2,82.0,29.8,0,1986
Larry Smith,28.0,GSW,2441.0,13.4,0.539,4.3,-2.1,-0.1,9.6,1.2,11.1,0.6,0.8,77.0,31.7,0,1986
Purvis Short,28.0,GSW,2427.0,19.1,0.547,5.7,1.0,1.8,25.5,3.7,5.1,0.3,1.4,64.0,37.9,0,1986
Kyle Macy,28.0,CHI,2426.0,12.3,0.557,3.9,-0.5,0.9,8.6,5.4,2.2,0.1,1.0,82.0,29.6,0,1986
Mike Woodson,27.0,SAC,2417.0,14.2,0.527,4.0,-0.7,0.8,15.6,2.4,2.8,0.5,1.1,81.0,29.8,0,1986
Danny Ainge,26.0,BOS,2407.0,13.6,0.562,6.8,0.9,1.8,10.7,5.1,2.9,0.1,1.2,80.0,30.1,0,1986
T.R. Dunn,30.0,DEN,2401.0,9.4,0.493,4.9,0.3,1.4,5.0,2.1,4.6,0.2,1.9,82.0,29.3,0,1986
Steve Stipanovich,25.0,IND,2397.0,15.9,0.526,5.9,1.4,2.0,13.6,2.6,7.9,0.9,0.9,79.0,30.3,0,1986
Kevin McHale,28.0,BOS,2397.0,21.6,0.623,11.0,4.4,3.9,21.3,2.7,8.1,2.0,0.4,68.0,35.3,0,1986
Otis Birdsong,30.0,NJN,2395.0,13.4,0.529,3.2,-1.1,0.6,15.8,3.4,2.6,0.2,1.1,77.0,31.1,0,1986
Artis Gilmore,36.0,SAS,2395.0,17.1,0.661,7.1,0.8,1.7,16.7,1.4,8.5,1.5,0.5,71.0,33.7,0,1986
LaSalle Thompson,24.0,SAC,2377.0,16.4,0.559,5.6,0.7,1.6,12.8,2.1,9.6,1.4,0.9,80.0,29.7,0,1986
Thurl Bailey,24.0,UTA,2358.0,15.0,0.499,4.0,-0.9,0.7,14.6,1.9,6.0,1.4,0.5,82.0,28.8,0,1986
Rory Sparrow,27.0,NYK,2344.0,13.0,0.511,3.7,-0.3,1.0,10.8,6.4,2.3,0.2,1.1,74.0,31.7,0,1986
Dan Roundfield,32.0,WSB,2321.0,14.7,0.56,5.1,-0.8,0.7,11.6,2.1,8.1,0.6,0.5,79.0,29.4,0,1986
Sidney Green,25.0,CHI,2307.0,14.2,0.526,2.5,-2.7,-0.4,13.5,1.7,8.2,0.5,0.9,80.0,28.8,0,1986
Kevin Willis,23.0,ATL,2300.0,14.1,0.545,4.7,-1.9,0.0,12.3,0.5,8.6,0.5,0.8,82.0,28.0,0,1986
Melvin Turpin,25.0,CLE,2292.0,16.4,0.585,6.0,0.4,1.4,13.7,0.7,7.0,1.3,0.8,80.0,28.7,0,1986
Gus Williams,32.0,WSB,2284.0,15.0,0.473,2.8,-0.3,1.0,13.5,5.9,2.2,0.2,1.2,77.0,29.7,0,1986
Wayman Tisdale,21.0,IND,2277.0,14.0,0.539,3.2,-2.8,-0.4,14.7,1.0,7.2,0.5,0.4,81.0,28.1,0,1986
Michael Cooper,29.0,LAL,2269.0,13.5,0.557,5.8,1.8,2.2,9.2,5.7,3.0,0.5,1.1,82.0,27.7,0,1986
Orlando Woolridge,26.0,CHI,2248.0,19.6,0.56,5.6,2.0,2.3,20.7,3.0,5.0,0.7,0.7,70.0,32.1,0,1986
Walter Davis,31.0,PHO,2239.0,18.1,0.536,4.2,0.4,1.4,21.8,5.2,2.9,0.0,1.4,70.0,32.0,0,1986
Louis Orr,27.0,NYK,2237.0,12.4,0.509,3.7,-0.7,0.7,11.9,2.4,4.2,0.4,0.8,74.0,30.2,0,1986
Kurt Nimphius,27.0,2TM,2226.0,12.6,0.554,3.1,-2.6,-0.3,11.2,0.8,5.7,1.3,0.4,80.0,27.8,0,1986
Clint Richardson,29.0,IND,2224.0,12.2,0.496,3.1,-1.0,0.6,9.7,4.5,3.1,0.1,0.7,82.0,27.1,0,1986
Byron Scott,24.0,LAL,2190.0,15.0,0.55,5.2,-0.3,0.9,15.4,2.2,2.5,0.2,1.1,76.0,28.8,0,1986
Terry Teagle,25.0,GSW,2158.0,14.2,0.542,3.1,-2.1,0.0,14.2,1.4,2.9,0.4,0.9,82.0,26.3,0,1986
Robert Reid,30.0,HOU,2157.0,13.7,0.506,4.4,-1.2,0.5,12.0,2.7,3.7,0.2,1.1,82.0,26.3,0,1986
Mark Olberding,29.0,SAC,2157.0,11.2,0.618,3.9,-0.5,0.8,7.6,3.3,5.2,0.3,0.5,81.0,26.6,0,1986
Derek Harper,24.0,DAL,2150.0,18.8,0.58,6.2,3.4,2.9,12.2,5.3,2.9,0.3,1.9,79.0,27.2,0,1986
Ricky Pierce,26.0,MIL,2147.0,16.6,0.603,8.3,1.9,2.1,13.9,2.2,2.9,0.1,1.0,81.0,26.5,0,1986
Gene Banks,26.0,CHI,2139.0,15.5,0.559,4.3,0.8,1.5,10.9,3.1,4.4,0.1,1.0,82.0,26.1,0,1986
Norm Nixon,30.0,LAC,2138.0,15.7,0.493,2.0,-0.9,0.6,14.6,8.6,2.7,0.0,1.3,67.0,31.9,0,1986
John Lucas,32.0,HOU,2120.0,17.4,0.53,5.7,1.8,2.0,15.5,8.8,2.2,0.1,1.2,65.0,32.6,0,1986
Wayne Cooper,29.0,DEN,2112.0,16.3,0.509,5.1,-0.5,0.8,13.1,1.0,7.8,2.9,0.5,78.0,27.1,0,1986
Manute Bol,23.0,WSB,2090.0,11.2,0.472,3.9,0.9,1.5,3.7,0.3,6.0,5.0,0.4,80.0,26.1,0,1986
Benoit Benjamin,21.0,LAC,2088.0,16.1,0.551,4.0,-0.5,0.8,11.1,1.0,7.6,2.6,0.8,79.0,26.4,0,1986
George Gervin,33.0,CHI,2065.0,16.0,0.534,3.0,-2.1,0.0,16.2,1.8,2.6,0.3,0.6,82.0,25.2,0,1986
Bob Hansen,25.0,UTA,2032.0,10.1,0.517,2.5,-2.5,-0.3,8.7,2.4,3.0,0.1,0.9,82.0,24.8,0,1986
Gerald Wilkins,22.0,NYK,2025.0,12.2,0.488,0.7,-2.1,-0.1,12.5,2.0,2.6,0.1,0.8,81.0,25.0,0,1986
Darrell Walker,24.0,NYK,2023.0,14.0,0.479,2.1,1.3,1.7,10.3,4.2,2.7,0.4,1.8,81.0,25.0,0,1986
Tom Chambers,26.0,SEA,2019.0,17.1,0.551,4.8,-0.1,1.0,18.5,2.0,6.5,0.6,0.8,66.0,30.6,0,1986
Earl Cureton,28.0,DET,2017.0,11.7,0.523,2.6,-1.6,0.2,8.6,1.7,6.3,0.7,0.7,80.0,25.2,0,1986
Rickey Green,31.0,UTA,2012.0,16.4,0.537,5.2,1.0,1.5,11.7,5.1,1.7,0.1,1.3,80.0,25.2,0,1986
Calvin Natt,29.0,DEN,2007.0,18.6,0.562,6.1,1.3,1.7,17.7,2.4,6.3,0.2,0.8,69.0,29.1,0,1986
Alvan Adams,31.0,PHO,2005.0,15.3,0.547,3.9,1.6,1.8,10.8,4.2,6.1,0.6,1.3,78.0,25.7,0,1986
Albert King,26.0,NJN,1998.0,13.3,0.498,1.9,-2.2,-0.1,14.3,2.5,5.0,0.3,0.8,73.0,27.4,0,1986
Jay Vincent,26.0,DAL,1994.0,16.4,0.532,3.4,-1.2,0.4,13.8,2.3,4.6,0.3,0.8,80.0,24.9,0,1986
Bill Hanzlik,28.0,DEN,1982.0,15.3,0.537,4.7,0.4,1.2,12.5,4.0,3.3,0.2,1.4,79.0,25.1,0,1986
Vinnie Johnson,29.0,DET,1978.0,17.0,0.503,4.7,1.4,1.7,13.9,3.4,2.9,0.3,1.0,79.0,25.0,0,1986
Brad Davis,30.0,DAL,1971.0,16.9,0.634,6.2,1.5,1.8,9.3,5.7,1.8,0.2,0.7,82.0,24.0,0,1986
Larry Drew,27.0,SAC,1971.0,13.7,0.525,2.8,-1.3,0.3,11.9,4.5,1.7,0.0,0.9,75.0,26.3,0,1986
Darwin Cook,27.0,NJN,1965.0,13.1,0.465,3.0,1.1,1.6,8.0,4.9,2.2,0.3,2.0,79.0,24.9,0,1986
Joe Dumars,22.0,DET,1957.0,12.9,0.548,3.2,-1.1,0.4,9.4,4.8,1.5,0.1,0.8,82.0,23.9,0,1986
Cliff Levingston,25.0,ATL,1945.0,14.7,0.572,5.5,0.4,1.2,9.3,0.9,6.6,0.5,0.9,81.0,24.0,0,1986
John Stockton,23.0,UTA,1935.0,17.0,0.566,5.9,2.4,2.1,7.7,7.4,2.2,0.1,1.9,82.0,23.6,0,1986
Jim Paxson,28.0,POR,1931.0,15.9,0.545,4.8,0.6,1.3,13.1,3.7,2.0,0.1,1.3,75.0,25.7,0,1986
Dave Greenwood,28.0,SAS,1910.0,11.1,0.574,3.4,-1.6,0.2,7.9,1.3,7.8,0.8,0.5,68.0,28.1,0,1986
Danny Young,23.0,SEA,1901.0,13.7,0.573,4.8,1.9,1.9,6.9,3.7,1.5,0.1,1.3,82.0,23.2,0,1986
Steve Colter,23.0,POR,1868.0,12.7,0.528,3.3,0.0,0.9,8.7,3.2,2.2,0.1,1.4,81.0,23.1,0,1986
Wes Matthews,26.0,SAS,1853.0,15.5,0.587,3.0,0.1,1.0,10.9,6.3,1.7,0.4,1.2,75.0,24.7,0,1986
Steve Johnson,28.0,SAS,1828.0,16.8,0.667,4.9,-0.4,0.7,13.8,1.3,6.5,0.9,0.6,71.0,25.7,0,1986
Alton Lister,27.0,MIL,1812.0,16.4,0.573,5.5,1.1,1.4,9.8,1.2,7.3,1.8,0.6,81.0,22.4,0,1986
Randy Breuer,25.0,MIL,1792.0,14.1,0.521,4.5,0.6,1.2,8.4,1.4,5.6,1.4,0.6,82.0,21.9,0,1986
Greg Ballard,31.0,GSW,1792.0,13.4,0.529,3.6,-1.0,0.4,8.8,1.1,5.6,0.1,0.9,75.0,23.9,0,1986
Trent Tucker,26.0,NYK,1788.0,14.6,0.522,4.0,0.9,1.3,10.6,2.5,2.2,0.1,0.8,77.0,23.2,0,1986
Tree Rollins,30.0,ATL,1781.0,11.0,0.537,3.4,0.3,1.0,5.6,0.6,6.2,2.3,0.5,74.0,24.1,0,1986
Charles Oakley,22.0,CHI,1772.0,16.5,0.561,3.3,-0.4,0.7,9.6,1.7,8.6,0.4,0.9,77.0,23.0,0,1986
Patrick Ewing,23.0,NYK,1771.0,17.4,0.526,3.1,1.1,1.4,20.0,2.0,9.0,2.1,1.1,50.0,35.4,0,1986
Rory White,26.0,LAC,1761.0,14.0,0.56,2.6,-2.1,-0.1,11.7,1.0,2.4,0.1,1.0,75.0,23.5,0,1986
Sedale Threatt,24.0,PHI,1754.0,11.1,0.481,2.1,-2.3,-0.2,9.9,2.8,1.7,0.1,1.3,70.0,25.1,0,1986
Maurice Lucas,33.0,LAL,1750.0,13.8,0.52,4.0,-2.3,-0.1,10.2,1.1,7.4,0.3,0.6,77.0,22.7,0,1986
Al Wood,27.0,SEA,1749.0,13.5,0.489,2.5,-1.5,0.2,11.6,1.5,3.1,0.2,0.7,78.0,22.4,0,1986
Craig Hodges,25.0,MIL,1739.0,13.9,0.591,5.3,1.9,1.7,10.8,3.5,1.8,0.0,1.1,66.0,26.3,0,1986
Dave Corzine,29.0,CHI,1709.0,14.6,0.539,2.9,0.6,1.1,9.6,2.2,6.5,0.8,0.4,67.0,25.5,0,1986
Tim McCormick,23.0,SEA,1705.0,13.9,0.618,4.6,-0.9,0.4,8.8,1.1,5.2,0.4,0.2,77.0,22.1,0,1986
Jon Koncak,22.0,ATL,1695.0,13.0,0.539,3.7,-1.9,0.0,8.3,0.7,5.7,0.8,0.5,82.0,20.7,0,1986
Ron Anderson,27.0,2TM,1676.0,14.0,0.517,3.1,-0.1,0.8,9.2,1.9,3.6,0.1,0.7,77.0,21.8,0,1986
Otis Thorpe,23.0,SAC,1675.0,14.4,0.617,3.8,-0.8,0.5,9.9,1.1,5.6,0.5,0.5,75.0,22.3,0,1986
Jim Petersen,23.0,HOU,1664.0,10.8,0.525,2.9,-2.2,-0.1,6.2,1.0,4.8,0.7,0.5,82.0,20.3,0,1986
Danny Schayes,26.0,DEN,1654.0,13.4,0.585,4.6,-2.0,0.0,8.2,1.0,5.5,0.8,0.5,80.0,20.7,0,1986
Terry Tyler,29.0,SAC,1651.0,13.3,0.483,1.9,-0.6,0.6,9.5,1.3,4.4,1.5,0.9,71.0,23.3,0,1986
Mike Sanders,25.0,PHO,1644.0,16.0,0.573,3.9,0.2,0.9,11.0,1.8,3.3,0.4,0.9,82.0,20.0,0,1986
Charles Jones,28.0,WSB,1609.0,10.5,0.535,3.2,0.4,1.0,3.9,0.9,4.0,1.6,0.7,81.0,19.9,0,1986
Michael Ray Richardson,30.0,NJN,1604.0,16.9,0.498,3.3,2.8,1.9,15.7,7.2,5.3,0.2,2.7,47.0,34.1,0,1986
Ed Pinckney,22.0,PHO,1602.0,12.8,0.599,2.7,-1.4,0.2,8.5,1.1,3.9,0.5,0.9,80.0,20.0,0,1986
Jerry Sichting,29.0,BOS,1596.0,11.9,0.609,4.2,-0.2,0.7,6.5,2.3,1.3,0.0,0.6,82.0,19.5,0,1986
Mickey Johnson,33.0,NJN,1574.0,11.8,0.505,1.8,-1.4,0.3,7.8,2.7,4.2,0.3,0.8,79.0,19.9,0,1986
Kurt Rambis,27.0,LAL,1573.0,12.7,0.632,4.3,0.6,1.1,5.5,0.9,7.0,0.4,0.9,74.0,21.3,0,1986
Doc Rivers,24.0,ATL,1571.0,17.4,0.52,4.2,3.4,2.1,11.5,8.4,3.1,0.2,2.3,53.0,29.6,0,1986
John Paxson,25.0,CHI,1570.0,10.5,0.536,2.2,-2.0,0.0,5.3,3.7,1.3,0.0,0.7,75.0,20.9,0,1986
Danny Vranes,27.0,SEA,1569.0,7.8,0.475,2.1,-1.6,0.1,3.8,0.9,3.5,0.4,0.8,80.0,19.6,0,1986
Michael Cage,24.0,LAC,1566.0,12.3,0.518,1.7,-2.4,-0.2,6.7,1.0,5.3,0.4,0.8,78.0,20.1,0,1986
Michael Jordan,23.0,CHI,3281.0,29.8,0.562,16.9,10.8,10.6,37.1,4.6,5.2,1.5,2.9,82.0,40.0,0,1987
Rodney McCray,25.0,HOU,3136.0,15.7,0.612,9.4,2.6,3.7,14.4,5.4,7.1,0.7,1.1,81.0,38.7,0,1987
Clyde Drexler,24.0,POR,3114.0,20.2,0.552,10.3,4.9,5.4,21.7,6.9,6.3,0.9,2.5,82.0,38.0,0,1987
Alex English,33.0,DEN,3085.0,20.5,0.549,8.1,1.9,3.1,28.6,5.1,4.2,0.3,0.9,82.0,37.6,0,1987
Dale Ellis,26.0,SEA,3073.0,19.0,0.588,9.3,2.4,3.4,24.9,2.9,5.5,0.4,1.3,82.0,37.5,0,1987
Sleepy Floyd,26.0,GSW,3064.0,20.2,0.608,10.0,4.3,4.9,18.8,10.3,3.3,0.2,1.8,82.0,37.4,0,1987
Ron Harper,23.0,CLE,3064.0,17.2,0.503,4.2,1.8,3.0,22.9,4.8,4.8,1.0,2.5,82.0,37.4,0,1987
Kevin McHale,29.0,BOS,3060.0,24.0,0.655,14.8,5.1,5.5,26.1,2.6,9.9,2.2,0.5,77.0,39.7,0,1987
Fat Lever,26.0,DEN,3054.0,20.8,0.515,9.7,5.0,5.4,18.9,8.0,8.9,0.4,2.5,82.0,37.2,0,1987
Xavier McDaniel,23.0,SEA,3031.0,18.7,0.538,7.4,0.8,2.1,23.0,2.5,8.6,0.6,1.4,82.0,37.0,0,1987
Kiki Vandeweghe,28.0,POR,3029.0,19.2,0.597,10.8,1.5,2.7,26.9,2.8,3.2,0.2,0.7,79.0,38.3,0,1987
James Donaldson,29.0,DAL,3028.0,15.3,0.658,10.4,1.7,2.8,10.8,0.8,11.9,1.7,0.6,82.0,36.9,0,1987
Tom Chambers,27.0,SEA,3018.0,17.0,0.554,7.4,0.1,1.6,23.3,3.0,6.6,0.6,1.0,82.0,36.8,0,1987
Isiah Thomas,25.0,DET,3013.0,18.8,0.528,7.6,3.3,4.0,20.6,10.0,3.9,0.2,1.9,81.0,37.2,0,1987
Larry Bird,30.0,BOS,3005.0,26.4,0.612,15.2,9.4,8.6,28.1,7.6,9.2,0.9,1.8,74.0,40.6,0,1987
Robert Parish,33.0,BOS,2995.0,17.7,0.588,9.2,1.2,2.4,17.5,2.2,10.6,1.8,0.8,80.0,37.4,0,1987
Charles Oakley,23.0,CHI,2980.0,14.2,0.493,3.5,-2.0,0.0,14.5,3.6,13.1,0.4,1.0,82.0,36.3,0,1987
Buck Williams,26.0,NJN,2976.0,17.6,0.616,7.9,0.5,1.9,18.0,1.6,12.5,1.1,1.0,82.0,36.3,0,1987
Dominique Wilkins,27.0,ATL,2969.0,23.5,0.543,12.2,5.5,5.6,29.0,3.3,6.3,0.6,1.5,79.0,37.6,0,1987
Chuck Person,22.0,IND,2956.0,15.6,0.518,5.4,0.3,1.7,18.8,3.6,8.3,0.2,1.1,82.0,36.0,0,1987
Otis Thorpe,24.0,SAC,2956.0,18.0,0.6,9.0,1.2,2.4,18.9,2.5,10.0,0.7,0.6,82.0,36.0,0,1987
Dennis Johnson,32.0,BOS,2933.0,13.2,0.499,5.2,-0.4,1.2,13.4,7.5,3.3,0.5,1.1,79.0,37.1,0,1987
Michael Cage,25.0,LAC,2922.0,17.1,0.579,7.2,-0.2,1.3,15.7,1.6,11.5,0.8,1.2,80.0,36.5,0,1987
Magic Johnson,27.0,LAL,2904.0,27.0,0.602,15.9,8.8,8.0,23.9,12.2,6.3,0.5,1.7,80.0,36.3,1,1987
Reggie Theus,29.0,SAC,2872.0,17.9,0.555,6.2,0.9,2.1,20.3,8.8,3.4,0.2,1.0,79.0,36.4,0,1987
Karl Malone,23.0,UTA,2857.0,18.0,0.536,6.9,0.3,1.7,21.7,1.9,10.4,0.7,1.3,82.0,34.8,0,1987
Bill Laimbeer,29.0,DET,2854.0,17.4,0.559,10.5,2.3,3.0,15.4,1.8,11.6,0.8,0.9,82.0,34.8,0,1987
James Worthy,25.0,LAL,2819.0,18.4,0.578,9.3,2.6,3.3,19.4,2.8,5.7,1.0,1.3,82.0,34.4,0,1987
Tim McCormick,24.0,PHI,2817.0,12.9,0.593,6.0,-1.7,0.2,12.8,1.4,7.5,0.8,0.4,81.0,34.8,0,1987
Terry Cummings,25.0,MIL,2770.0,20.5,0.536,8.8,3.3,3.7,20.8,2.8,8.5,1.0,1.6,82.0,33.8,0,1987
Jeff Malone,25.0,WSB,2763.0,17.0,0.518,5.6,-0.1,1.4,22.0,3.7,2.7,0.2,0.9,80.0,34.5,0,1987
Steve Stipanovich,26.0,IND,2761.0,15.9,0.582,9.0,1.8,2.6,13.2,2.2,8.3,1.2,1.3,81.0,34.1,0,1987
Hakeem Olajuwon,24.0,HOU,2760.0,23.8,0.554,10.9,5.8,5.4,23.4,2.9,11.4,3.4,1.9,75.0,36.8,0,1987
Rolando Blackman,27.0,DAL,2758.0,18.1,0.569,8.0,1.0,2.1,21.0,3.3,3.5,0.3,0.8,80.0,34.5,0,1987
Gerald Wilkins,23.0,NYK,2758.0,16.2,0.527,3.3,0.0,1.4,19.1,4.4,3.7,0.2,1.1,80.0,34.5,0,1987
Charles Barkley,23.0,PHI,2740.0,25.1,0.66,12.0,6.7,6.0,23.0,4.9,14.6,1.5,1.8,68.0,40.3,0,1987
Adrian Dantley,31.0,DET,2736.0,18.6,0.614,10.3,2.1,2.9,21.5,2.0,4.1,0.1,0.8,81.0,33.8,0,1987
Byron Scott,25.0,LAL,2729.0,16.0,0.561,7.7,1.1,2.1,17.0,3.4,3.5,0.2,1.5,82.0,33.3,0,1987
Joe Barry Carroll,28.0,GSW,2724.0,18.4,0.521,4.6,0.7,1.8,21.2,2.6,7.3,1.5,1.1,81.0,33.6,0,1987
Terry Porter,23.0,POR,2714.0,16.2,0.57,6.8,1.9,2.7,13.1,8.9,4.2,0.1,2.0,80.0,33.9,0,1987
Hot Rod Williams,24.0,CLE,2714.0,16.2,0.544,7.5,1.4,2.3,14.6,1.9,7.9,2.1,0.7,80.0,33.9,0,1987
Alvin Robertson,24.0,SAS,2697.0,18.5,0.51,5.3,3.0,3.4,17.7,5.2,5.2,0.4,3.2,81.0,33.3,0,1987
Brad Daugherty,21.0,CLE,2695.0,15.6,0.579,6.0,0.8,1.9,15.7,3.8,8.1,0.8,0.6,80.0,33.7,0,1987
John Paxson,26.0,CHI,2689.0,12.8,0.547,6.0,-1.4,0.4,11.3,5.7,1.7,0.1,0.8,82.0,32.8,0,1987
Sam Perkins,25.0,DAL,2687.0,15.9,0.545,7.5,1.2,2.2,14.8,1.8,7.7,1.0,1.4,80.0,33.6,0,1987
Mark Aguirre,27.0,DAL,2663.0,22.1,0.56,8.9,3.1,3.4,25.7,3.2,5.3,0.4,1.1,80.0,33.3,0,1987
Walter Davis,32.0,PHO,2646.0,19.3,0.562,5.8,1.4,2.2,23.6,4.6,3.1,0.1,1.2,79.0,33.5,0,1987
Orlando Woolridge,27.0,NJN,2638.0,17.6,0.59,6.8,2.1,2.7,20.7,3.5,4.9,1.1,0.7,75.0,35.2,0,1987
Kevin Willis,24.0,ATL,2626.0,17.4,0.57,8.6,0.3,1.5,16.1,0.8,10.5,0.8,0.8,81.0,32.4,0,1987
Maurice Cheeks,30.0,PHI,2624.0,18.3,0.579,7.9,3.2,3.4,15.6,7.9,3.2,0.2,2.6,68.0,38.6,0,1987
Robert Reid,31.0,HOU,2594.0,11.4,0.475,4.1,-1.5,0.3,13.7,4.3,3.9,0.3,1.0,75.0,34.6,0,1987
Doc Rivers,25.0,ATL,2590.0,19.9,0.553,10.3,6.0,5.3,12.8,10.0,3.6,0.4,2.1,82.0,31.6,0,1987
Dave Greenwood,29.0,SAS,2587.0,15.2,0.58,6.2,0.0,1.3,11.6,3.0,9.9,0.6,0.9,79.0,32.7,0,1987
Jay Humphries,24.0,PHO,2579.0,14.2,0.532,4.5,-0.7,0.8,11.3,7.7,3.2,0.1,1.4,82.0,31.5,0,1987
Larry Nance,27.0,PHO,2569.0,22.2,0.607,10.2,5.0,4.5,22.5,3.4,8.7,2.1,1.2,69.0,37.2,0,1987
Derek Harper,25.0,DAL,2556.0,20.0,0.561,9.4,5.2,4.6,16.0,7.9,2.6,0.3,2.2,77.0,33.2,0,1987
Vern Fleming,24.0,IND,2549.0,15.8,0.57,7.0,1.9,2.5,12.0,5.8,4.1,0.2,1.3,82.0,31.1,0,1987
Jack Sikma,31.0,MIL,2536.0,16.0,0.533,7.4,1.1,2.0,12.7,2.5,10.0,1.1,1.1,82.0,30.9,0,1987
Herb Williams,28.0,IND,2526.0,14.1,0.521,4.7,-0.2,1.1,14.9,2.4,7.3,1.3,0.8,74.0,34.1,0,1987
Mark Eaton,30.0,UTA,2505.0,11.1,0.448,3.6,-0.7,0.8,7.7,1.3,8.8,4.1,0.5,79.0,31.7,0,1987
Ricky Pierce,27.0,MIL,2505.0,18.5,0.606,9.4,2.0,2.5,19.5,1.8,3.4,0.3,0.8,79.0,31.7,0,1987
Danny Ainge,27.0,BOS,2499.0,15.2,0.574,6.7,1.2,2.0,14.8,5.6,3.4,0.2,1.4,71.0,35.2,0,1987
Roy Hinson,25.0,PHI,2489.0,13.5,0.54,4.5,-2.2,-0.1,13.9,0.8,6.4,2.1,0.6,76.0,32.8,0,1987
Moses Malone,31.0,WSB,2488.0,23.8,0.545,9.4,2.8,3.0,24.1,1.6,11.3,1.3,0.8,73.0,34.1,0,1987
Eddie Johnson,27.0,SAC,2457.0,16.2,0.523,4.3,-0.7,0.9,18.7,3.1,4.4,0.2,0.5,81.0,30.3,0,1987
Kareem Abdul-Jabbar,39.0,LAL,2441.0,17.9,0.597,7.5,1.6,2.2,17.5,2.6,6.7,1.2,0.6,78.0,31.3,0,1987
Joe Dumars,23.0,DET,2439.0,11.9,0.543,4.2,-1.1,0.6,11.8,4.5,2.1,0.1,1.1,79.0,30.9,0,1987
Artis Gilmore,37.0,SAS,2405.0,14.2,0.634,4.9,-1.0,0.6,11.4,1.8,7.1,1.2,0.5,82.0,29.3,0,1987
Jim Petersen,24.0,HOU,2403.0,12.7,0.545,4.7,-1.3,0.5,11.3,1.5,6.8,1.2,0.5,82.0,29.3,0,1987
Chris Mullin,23.0,GSW,2377.0,15.8,0.58,5.2,0.7,1.6,15.1,3.2,2.2,0.4,1.2,82.0,29.0,0,1987
Larry Smith,29.0,GSW,2374.0,14.2,0.561,5.4,-1.1,0.6,8.8,1.2,11.5,0.7,0.9,80.0,29.7,0,1987
Steve Johnson,29.0,POR,2345.0,15.1,0.602,4.4,-1.4,0.3,16.8,2.0,7.2,1.0,0.6,79.0,29.7,0,1987
Tony Brown,26.0,NJN,2339.0,9.7,0.485,1.3,-2.8,-0.5,11.3,3.4,2.8,0.2,1.2,77.0,30.4,0,1987
Alton Lister,28.0,SEA,2288.0,14.0,0.542,4.1,-1.0,0.6,11.6,1.5,9.4,2.4,0.4,75.0,30.5,0,1987
Dave Corzine,30.0,CHI,2287.0,12.8,0.505,4.2,-0.4,0.9,8.3,2.5,6.6,1.1,0.5,82.0,27.9,0,1987
Mike Gminski,27.0,NJN,2272.0,17.0,0.531,5.4,0.4,1.4,16.4,1.4,8.8,1.0,0.7,72.0,31.6,0,1987
John Long,30.0,IND,2265.0,13.8,0.476,2.1,-1.6,0.1,15.2,3.2,2.7,0.1,1.2,80.0,28.3,0,1987
Michael Cooper,30.0,LAL,2253.0,14.0,0.536,6.1,2.1,2.3,10.5,4.5,3.1,0.5,1.0,82.0,27.5,0,1987
Ed Pinckney,23.0,PHO,2250.0,15.2,0.644,6.2,0.7,1.5,10.5,1.5,7.3,0.7,1.1,80.0,28.1,0,1987
A.C. Green,23.0,LAL,2240.0,15.7,0.599,7.6,1.0,1.7,10.8,1.1,7.8,1.0,0.9,79.0,28.4,0,1987
Benoit Benjamin,22.0,LAC,2230.0,12.6,0.5,1.1,-2.1,-0.1,11.5,1.9,8.1,2.6,0.8,72.0,31.0,0,1987
Patrick Ewing,24.0,NYK,2206.0,18.9,0.549,3.5,0.4,1.3,21.5,1.7,8.8,2.3,1.4,63.0,35.0,0,1987
John Bagley,26.0,CLE,2182.0,12.1,0.485,2.6,-1.3,0.4,10.7,5.3,3.5,0.1,1.3,72.0,30.3,0,1987
LaSalle Thompson,25.0,SAC,2166.0,15.7,0.528,4.5,-0.4,0.8,11.1,1.5,8.4,1.5,0.8,82.0,26.4,0,1987
Vinnie Johnson,30.0,DET,2166.0,17.0,0.494,4.8,1.6,1.9,15.7,3.8,3.3,0.2,1.2,78.0,27.8,0,1987
Wayman Tisdale,22.0,IND,2159.0,16.3,0.558,5.6,-0.6,0.7,14.5,1.4,5.9,0.3,0.6,81.0,26.7,0,1987
Thurl Bailey,25.0,UTA,2155.0,13.9,0.49,3.1,-1.3,0.4,13.8,1.3,5.3,1.1,0.5,81.0,26.6,0,1987
Terry Catledge,23.0,WSB,2149.0,14.2,0.522,3.6,-2.7,-0.4,13.1,0.7,7.2,0.2,0.6,78.0,27.6,0,1987
Craig Hodges,26.0,MIL,2147.0,11.9,0.567,4.3,-0.3,0.9,10.8,3.1,1.8,0.1,1.0,78.0,27.5,0,1987
Mike Woodson,28.0,LAC,2126.0,13.9,0.502,0.9,-2.5,-0.2,17.1,2.6,2.2,0.2,1.4,74.0,28.7,0,1987
Rickey Green,32.0,UTA,2090.0,15.9,0.531,5.6,1.5,1.9,9.6,6.7,2.0,0.0,1.4,81.0,25.8,0,1987
Jerome Kersey,24.0,POR,2088.0,16.9,0.565,6.4,2.0,2.1,12.3,2.4,6.0,0.9,1.5,82.0,25.5,0,1987
Phil Hubbard,30.0,CLE,2083.0,11.8,0.555,3.3,-1.9,0.1,11.8,2.0,5.7,0.1,1.0,68.0,30.6,0,1987
Paul Pressey,28.0,MIL,2057.0,16.7,0.556,5.5,3.5,2.9,13.9,7.2,4.9,0.8,1.8,61.0,33.7,0,1987
Randy Wittman,27.0,ATL,2049.0,13.0,0.531,4.2,-0.6,0.7,12.7,3.0,1.7,0.2,0.5,71.0,28.9,0,1987
Gerald Henderson,31.0,2TM,2045.0,14.5,0.519,2.9,-0.2,0.9,10.9,6.4,2.4,0.1,1.4,74.0,27.6,0,1987
Darrell Walker,25.0,DEN,2020.0,15.8,0.547,3.8,0.4,1.3,12.2,3.5,4.0,0.5,1.5,81.0,24.9,0,1987
Bill Hanzlik,29.0,DEN,1990.0,13.9,0.516,3.5,-0.8,0.6,13.0,3.8,3.5,0.4,1.2,73.0,27.3,0,1987
Bill Cartwright,29.0,NYK,1989.0,17.1,0.617,5.8,0.7,1.4,17.5,1.7,7.7,0.4,0.7,58.0,34.3,0,1987
Earl Cureton,29.0,2TM,1973.0,11.3,0.492,2.7,-2.4,-0.2,7.3,1.6,5.8,0.7,0.4,78.0,25.3,0,1987
Nate McMillan,22.0,SEA,1972.0,14.1,0.514,4.1,2.6,2.3,5.3,8.2,4.7,0.6,1.8,71.0,27.8,0,1987
Cedric Maxwell,31.0,2TM,1968.0,15.3,0.623,5.4,0.8,1.4,10.0,2.4,5.4,0.2,0.5,81.0,24.3,0,1987
Rory Sparrow,28.0,NYK,1951.0,11.2,0.483,1.0,-2.4,-0.2,7.6,5.4,1.4,0.1,0.8,80.0,24.4,0,1987
T.R. Dunn,31.0,DEN,1932.0,7.8,0.453,2.4,-1.4,0.3,3.4,1.8,3.3,0.3,1.2,81.0,23.9,0,1987
Terry Tyler,30.0,SAC,1930.0,12.8,0.524,2.9,-0.6,0.7,9.3,0.9,4.0,1.0,0.7,82.0,23.5,0,1987
Julius Erving,36.0,PHI,1918.0,17.0,0.527,3.5,1.7,1.8,16.8,3.2,4.4,1.6,1.3,60.0,32.0,0,1987
Mychal Thompson,32.0,2TM,1890.0,13.9,0.506,2.6,-2.6,-0.3,11.4,1.4,5.0,0.9,0.5,82.0,23.0,0,1987
Kelly Tripucka,27.0,UTA,1865.0,13.0,0.554,3.3,-0.7,0.6,10.1,3.1,3.1,0.1,1.1,79.0,23.6,0,1987
John Stockton,24.0,UTA,1858.0,19.0,0.575,6.7,5.3,3.4,7.9,8.2,1.8,0.2,2.2,82.0,22.7,0,1987
Cliff Levingston,26.0,ATL,1848.0,14.3,0.557,6.1,0.4,1.1,8.0,0.5,6.5,0.8,0.6,82.0,22.5,0,1987
Darrell Griffith,28.0,UTA,1843.0,15.0,0.505,2.5,0.2,1.0,15.0,1.7,3.0,0.4,1.3,76.0,24.3,0,1987
Gene Banks,27.0,CHI,1822.0,12.6,0.58,3.6,-1.2,0.4,9.7,2.7,4.9,0.3,0.8,63.0,28.9,0,1987
Ennis Whatley,24.0,WSB,1816.0,14.0,0.526,3.3,-0.5,0.7,8.5,5.4,2.7,0.1,1.3,73.0,24.9,0,1987
Jim Paxson,29.0,POR,1798.0,13.8,0.528,3.4,-0.5,0.7,12.1,3.3,1.9,0.2,1.1,72.0,25.0,0,1987
Sidney Green,26.0,DET,1792.0,13.0,0.509,3.4,-1.6,0.2,7.9,0.8,8.2,0.6,0.5,80.0,22.4,0,1987
John Williams,20.0,WSB,1773.0,15.5,0.497,3.5,1.8,1.7,9.2,2.4,4.7,0.4,1.7,78.0,22.7,0,1987
Jon Sundvold,25.0,SAS,1765.0,14.5,0.539,3.0,-1.5,0.2,11.2,4.1,1.3,0.0,0.5,76.0,23.2,0,1987
Tree Rollins,31.0,ATL,1764.0,12.0,0.576,4.9,1.0,1.4,5.4,0.3,6.5,1.9,0.6,75.0,23.5,0,1987
Darnell Valentine,27.0,LAC,1759.0,14.5,0.478,1.1,-1.0,0.5,11.2,6.9,2.3,0.2,1.8,65.0,27.1,0,1987
Brad Sellers,24.0,CHI,1751.0,13.4,0.498,3.3,-1.9,0.1,8.5,1.3,4.7,0.9,0.6,80.0,21.9,0,1987
Leon Wood,24.0,NJN,1733.0,11.1,0.49,2.0,-1.1,0.4,7.3,4.9,1.6,0.0,0.6,76.0,22.8,0,1987
Kenny Walker,22.0,NYK,1719.0,13.3,0.536,3.1,-1.6,0.2,10.4,1.1,5.0,0.7,0.7,68.0,25.3,0,1987
Detlef Schrempf,24.0,DAL,1711.0,13.7,0.56,4.0,-0.3,0.7,9.3,2.0,3.7,0.2,0.6,81.0,21.1,0,1987
Trent Tucker,27.0,NYK,1691.0,15.4,0.54,3.4,1.8,1.6,11.4,2.4,1.9,0.2,1.7,70.0,24.2,0,1987
Alvan Adams,32.0,PHO,1690.0,14.6,0.546,2.8,-0.1,0.8,11.1,3.3,5.0,0.5,0.9,68.0,24.9,0,1987
Jon Koncak,23.0,ATL,1684.0,10.9,0.531,3.7,-1.4,0.3,5.6,0.4,6.0,0.9,0.6,82.0,20.5,0,1987
Johnny Dawkins,23.0,SAS,1682.0,14.6,0.492,2.0,-1.5,0.2,10.3,3.6,2.1,0.0,0.8,81.0,20.8,0,1987
Joe Kleine,25.0,SAC,1658.0,12.4,0.514,2.6,-2.8,-0.3,7.9,0.9,6.1,0.4,0.4,79.0,21.0,0,1987
Derek Smith,25.0,SAC,1658.0,13.1,0.503,1.6,-2.2,-0.1,16.6,3.9,3.5,0.4,0.9,52.0,31.9,0,1987
Mike Sanders,26.0,PHO,1655.0,14.4,0.535,2.7,-1.6,0.2,10.5,1.5,3.3,0.3,0.7,82.0,20.2,0,1987
Terry Teagle,26.0,GSW,1650.0,13.2,0.506,1.3,-3.3,-0.5,11.2,1.3,2.1,0.2,0.8,82.0,20.1,0,1987
David Wingate,23.0,PHI,1612.0,11.9,0.492,1.4,-2.1,0.0,8.8,2.0,2.0,0.2,1.2,77.0,20.9,0,1987
Charles Jones,29.0,WSB,1609.0,10.6,0.503,2.8,0.3,1.0,3.6,1.0,4.5,2.1,0.8,79.0,20.4,0,1987
Pearl Washington,23.0,NJN,1600.0,11.5,0.519,0.7,-2.0,0.0,8.6,4.2,1.8,0.1,1.3,72.0,22.2,0,1987
Dirk Minniefield,26.0,2TM,1600.0,10.3,0.488,1.1,-2.7,-0.3,6.9,4.7,1.9,0.1,1.0,74.0,21.6,0,1987
Cliff Robinson,26.0,PHI,1586.0,15.1,0.503,2.1,-1.5,0.2,14.8,1.6,5.6,0.5,1.6,55.0,28.8,0,1987
Walter Berry,22.0,2TM,1586.0,16.8,0.561,2.3,-1.6,0.1,15.9,1.7,4.9,0.6,0.6,63.0,25.2,0,1987
Brad Davis,31.0,DAL,1582.0,14.5,0.564,3.9,0.5,1.0,7.0,4.5,1.4,0.1,0.8,82.0,19.3,0,1987
Greg Ballard,32.0,GSW,1579.0,11.5,0.479,1.7,-2.1,-0.1,7.1,1.3,4.1,0.2,0.6,82.0,19.3,0,1987
Caldwell Jones,36.0,POR,1578.0,8.7,0.573,2.6,-1.9,0.0,4.1,0.8,5.8,1.0,0.3,78.0,20.2,0,1987
Mike Evans,31.0,DEN,1567.0,13.6,0.522,1.9,-1.4,0.2,10.1,2.3,1.6,0.1,1.0,81.0,19.3,0,1987
Jerry Sichting,30.0,BOS,1566.0,9.4,0.538,2.3,-2.4,-0.1,5.7,2.4,1.2,0.0,0.5,78.0,20.1,0,1987
Larry Drew,28.0,LAC,1566.0,13.1,0.49,0.1,-3.0,-0.4,12.4,5.4,1.7,0.0,1.0,60.0,26.1,0,1987
Michael Jordan,24.0,CHI,3311.0,31.7,0.603,21.2,13.0,12.5,35.0,5.9,5.5,1.6,3.2,82.0,40.4,1,1988
Mark Jackson,22.0,NYK,3249.0,15.7,0.493,7.6,2.7,3.9,13.6,10.6,4.8,0.1,2.5,82.0,39.6,0,1988
Karl Malone,24.0,UTA,3198.0,20.7,0.568,10.1,1.5,2.9,27.7,2.4,12.0,0.6,1.4,82.0,39.0,0,1988
Charles Barkley,24.0,PHI,3170.0,27.6,0.665,16.7,7.4,7.5,28.3,3.2,11.9,1.3,1.3,80.0,39.6,0,1988
Otis Thorpe,25.0,SAC,3072.0,18.7,0.57,8.1,0.9,2.2,20.8,3.2,10.2,0.7,0.8,82.0,37.5,0,1988
Fat Lever,27.0,DEN,3061.0,20.5,0.516,10.4,5.1,5.5,18.9,7.8,8.1,0.3,2.7,82.0,37.3,0,1988
Clyde Drexler,25.0,POR,3060.0,24.1,0.564,13.2,7.0,7.0,27.0,5.8,6.6,0.6,2.5,81.0,37.8,0,1988
Byron Scott,26.0,LAL,3048.0,19.2,0.59,10.7,3.4,4.2,21.7,4.1,4.1,0.3,1.9,81.0,37.6,0,1988
Derek Harper,26.0,DAL,3032.0,18.1,0.528,9.1,3.5,4.2,17.0,7.7,3.0,0.4,2.0,82.0,37.0,0,1988
Danny Ainge,28.0,BOS,3018.0,15.9,0.598,8.6,2.4,3.3,15.7,6.2,3.1,0.2,1.4,81.0,37.3,0,1988
Terry Porter,24.0,POR,2991.0,18.1,0.592,9.8,3.2,4.0,14.9,10.1,4.6,0.2,1.8,82.0,36.5,0,1988
Alvin Robertson,25.0,SAS,2978.0,18.9,0.513,5.8,2.9,3.7,19.6,6.8,6.1,0.8,3.0,82.0,36.3,0,1988
Larry Bird,31.0,BOS,2965.0,27.8,0.608,15.0,8.8,8.1,29.9,6.1,9.3,0.8,1.6,76.0,39.0,0,1988
Mike Gminski,28.0,2TM,2961.0,16.8,0.526,6.5,0.1,1.6,16.9,1.7,10.0,1.5,0.8,81.0,36.6,0,1988
Brad Daugherty,22.0,CLE,2957.0,16.2,0.563,6.6,0.5,1.9,18.7,4.2,8.4,0.7,0.6,79.0,37.4,0,1988
Dominique Wilkins,28.0,ATL,2948.0,23.7,0.534,9.8,4.3,4.7,30.7,2.9,6.4,0.6,1.3,78.0,37.8,0,1988
Isiah Thomas,26.0,DET,2927.0,18.2,0.521,7.6,3.0,3.7,19.5,8.4,3.4,0.2,1.7,81.0,36.1,0,1988
Jack Sikma,32.0,MIL,2923.0,17.4,0.558,9.4,2.3,3.2,16.5,3.4,8.6,1.0,1.1,82.0,35.6,0,1988
Bill Laimbeer,30.0,DET,2897.0,15.1,0.546,8.8,2.2,3.1,13.5,2.4,10.1,1.0,0.8,82.0,35.3,0,1988
Jerome Kersey,25.0,POR,2888.0,17.3,0.542,8.6,1.8,2.8,19.2,3.1,8.3,0.8,1.6,79.0,36.6,0,1988
Maurice Cheeks,31.0,PHI,2871.0,18.0,0.551,8.3,3.4,3.9,13.7,8.0,3.2,0.3,2.1,79.0,36.3,0,1988
John Stockton,25.0,UTA,2842.0,23.2,0.645,14.1,8.5,7.6,14.7,13.8,2.9,0.2,3.0,82.0,34.7,0,1988
Hakeem Olajuwon,25.0,HOU,2825.0,23.4,0.555,10.7,4.4,4.6,22.8,2.1,12.1,2.7,2.1,79.0,35.8,0,1988
Alex English,34.0,DEN,2818.0,19.8,0.535,7.6,2.0,2.9,25.0,4.7,4.7,0.3,0.9,80.0,35.2,0,1988
Charles Oakley,24.0,CHI,2816.0,15.4,0.543,6.7,-0.6,1.0,12.4,3.0,13.0,0.3,0.8,82.0,34.3,0,1988
Chuck Person,23.0,IND,2807.0,13.9,0.501,3.3,-0.4,1.1,17.0,3.9,6.8,0.1,0.9,79.0,35.5,0,1988
Thurl Bailey,26.0,UTA,2804.0,16.3,0.547,6.8,0.2,1.6,19.6,1.9,6.5,1.5,0.6,82.0,34.2,0,1988
Dale Ellis,27.0,SEA,2790.0,19.3,0.572,9.0,2.5,3.2,25.8,2.6,4.5,0.1,1.0,75.0,37.2,0,1988
Michael Adams,25.0,DEN,2778.0,15.6,0.56,7.5,2.5,3.1,13.9,6.1,2.7,0.2,2.0,82.0,33.9,0,1988
John Bagley,27.0,NJN,2774.0,12.4,0.503,2.6,-1.4,0.4,12.0,5.8,3.1,0.1,1.3,82.0,33.8,0,1988
Vern Fleming,25.0,IND,2733.0,17.5,0.573,8.4,2.8,3.3,13.9,7.1,4.6,0.1,1.4,80.0,34.2,0,1988
Joe Dumars,24.0,DET,2732.0,13.7,0.53,5.9,0.6,1.8,14.2,4.7,2.4,0.2,1.1,82.0,33.3,0,1988
Mark Eaton,31.0,UTA,2731.0,9.5,0.457,4.1,-1.8,0.1,7.0,0.7,8.7,3.7,0.5,82.0,33.3,0,1988
Gerald Wilkins,24.0,NYK,2703.0,13.7,0.493,3.4,-0.4,1.1,17.4,4.0,3.3,0.3,1.1,81.0,33.4,0,1988
Xavier McDaniel,24.0,SEA,2703.0,18.2,0.528,6.2,1.4,2.3,21.4,3.4,6.6,0.7,1.2,78.0,34.7,0,1988
Steve Stipanovich,27.0,IND,2692.0,15.0,0.558,6.9,1.0,2.1,13.5,2.3,8.3,0.9,1.1,80.0,33.7,0,1988
Moses Malone,32.0,WSB,2692.0,21.1,0.577,9.2,1.6,2.5,20.3,1.4,11.2,0.9,0.7,79.0,34.1,0,1988
Rodney McCray,26.0,HOU,2689.0,15.1,0.554,7.6,1.6,2.5,12.4,3.3,7.8,0.6,0.7,81.0,33.2,0,1988
Tom Chambers,28.0,SEA,2680.0,16.8,0.526,6.4,0.0,1.3,20.4,2.6,6.0,0.6,1.1,82.0,32.7,0,1988
Dennis Johnson,33.0,BOS,2670.0,14.0,0.52,5.0,0.1,1.4,12.6,7.8,3.1,0.4,1.2,77.0,34.7,0,1988
Michael Cage,26.0,LAC,2660.0,16.4,0.537,6.7,-0.6,0.9,14.5,1.5,13.0,0.8,1.3,72.0,36.9,0,1988
Jeff Malone,26.0,WSB,2655.0,16.1,0.537,5.6,-0.3,1.1,20.5,3.0,2.6,0.2,0.6,80.0,33.2,0,1988
James Worthy,26.0,LAL,2655.0,18.2,0.571,7.9,2.3,2.9,19.7,3.9,5.0,0.7,1.0,75.0,35.4,0,1988
Reggie Theus,30.0,SAC,2653.0,16.5,0.529,3.7,-0.9,0.7,21.6,6.3,3.2,0.2,0.8,73.0,36.3,0,1988
Magic Johnson,28.0,LAL,2637.0,23.1,0.581,10.9,6.0,5.3,19.6,11.9,6.2,0.2,1.6,72.0,36.6,0,1988
Buck Williams,27.0,NJN,2637.0,18.2,0.603,7.6,0.2,1.5,18.3,1.6,11.9,0.6,1.0,70.0,37.7,0,1988
A.C. Green,24.0,LAL,2636.0,14.5,0.581,7.9,0.3,1.5,11.4,1.1,8.7,0.5,1.1,82.0,32.1,0,1988
Terry Cummings,26.0,MIL,2629.0,17.4,0.516,5.2,-0.1,1.3,21.3,2.4,7.3,0.6,1.0,76.0,34.6,0,1988
Mark Price,23.0,CLE,2626.0,17.6,0.589,7.8,2.2,2.8,16.0,6.0,2.3,0.2,1.2,80.0,32.8,0,1988
Mark Aguirre,28.0,DAL,2610.0,21.9,0.539,8.8,3.8,3.9,25.1,3.6,5.6,0.7,0.9,77.0,33.9,0,1988
Roy Hinson,26.0,2TM,2592.0,14.8,0.543,4.5,-1.1,0.6,15.3,1.3,6.7,1.8,0.9,77.0,33.7,0,1988
Rolando Blackman,28.0,DAL,2580.0,16.0,0.544,6.8,0.2,1.4,18.7,3.7,3.5,0.3,0.9,71.0,36.3,0,1988
Patrick Ewing,25.0,NYK,2546.0,21.9,0.594,8.1,4.2,4.0,20.2,1.5,8.2,3.0,1.3,82.0,31.0,0,1988
Mike Woodson,29.0,LAC,2534.0,14.7,0.509,3.1,-1.2,0.5,18.0,3.4,2.4,0.3,1.4,80.0,31.7,0,1988
James Donaldson,30.0,DAL,2523.0,12.4,0.616,6.2,0.0,1.3,7.0,0.8,9.3,1.3,0.5,81.0,31.1,0,1988
Sleepy Floyd,27.0,2TM,2514.0,15.4,0.513,4.4,0.2,1.4,15.0,7.1,3.8,0.2,1.2,77.0,32.6,0,1988
Doc Rivers,26.0,ATL,2502.0,20.4,0.527,8.3,4.9,4.4,14.2,9.3,4.6,0.5,1.8,80.0,31.3,0,1988
Sam Perkins,26.0,DAL,2499.0,15.0,0.521,6.7,-0.3,1.1,14.2,1.6,8.0,0.7,1.0,75.0,33.3,0,1988
Paul Pressey,29.0,MIL,2484.0,17.0,0.572,7.1,3.0,3.2,13.1,7.0,5.0,0.5,1.5,75.0,33.1,0,1988
Nate McMillan,23.0,SEA,2453.0,15.9,0.532,6.5,3.3,3.3,7.6,8.6,4.1,0.6,2.1,82.0,29.9,0,1988
John Williams,21.0,WSB,2428.0,14.9,0.512,5.0,1.3,2.0,12.8,2.8,5.4,0.4,1.4,82.0,29.6,0,1988
Randy Wittman,28.0,ATL,2412.0,11.6,0.498,3.5,-1.2,0.5,10.0,3.7,2.1,0.2,0.6,82.0,29.4,0,1988
Kevin McHale,30.0,BOS,2390.0,21.9,0.656,10.2,3.5,3.3,22.6,2.7,8.4,1.4,0.4,64.0,37.3,0,1988
Larry Nance,28.0,2TM,2383.0,20.3,0.586,8.0,3.5,3.3,19.1,3.1,9.1,2.4,0.9,67.0,35.6,0,1988
Wayman Tisdale,23.0,IND,2378.0,16.1,0.558,5.7,-0.7,0.8,16.1,1.3,6.2,0.4,0.7,79.0,30.1,0,1988
Dave Corzine,31.0,CHI,2328.0,13.6,0.514,4.9,-0.3,1.0,10.1,1.9,6.6,1.2,0.5,80.0,29.1,0,1988
Robert Parish,34.0,BOS,2312.0,17.2,0.62,6.4,0.8,1.6,14.3,1.6,8.5,1.1,0.7,74.0,31.2,0,1988
Kareem Abdul-Jabbar,40.0,LAL,2308.0,15.8,0.57,5.3,0.0,1.2,14.6,1.7,6.0,1.2,0.6,80.0,28.9,0,1988
Roy Tarpley,23.0,DAL,2307.0,19.5,0.541,7.8,0.2,1.3,13.5,1.1,11.8,1.1,1.3,81.0,28.5,0,1988
Randy Breuer,27.0,MIL,2258.0,15.3,0.53,5.1,-0.1,1.1,12.0,1.3,6.8,1.3,0.6,81.0,27.9,0,1988
Jeff Hornacek,24.0,PHO,2243.0,15.9,0.569,5.0,1.4,1.9,9.5,6.6,3.2,0.1,1.3,82.0,27.4,0,1988
Frank Brickowski,28.0,SAS,2227.0,16.0,0.584,4.1,-0.6,0.8,16.0,3.8,6.9,0.5,1.1,70.0,31.8,0,1988
Kevin Duckworth,23.0,POR,2223.0,14.9,0.561,5.2,-2.8,-0.4,15.8,0.8,7.4,0.4,0.4,78.0,28.5,0,1988
Brad Sellers,25.0,CHI,2212.0,10.7,0.496,3.3,-2.0,0.0,9.5,1.7,3.0,0.8,0.4,82.0,27.0,0,1988
Rod Higgins,28.0,GSW,2188.0,16.3,0.608,5.7,0.9,1.6,15.5,2.8,4.3,0.5,1.0,68.0,32.2,0,1988
Johnny Dawkins,24.0,SAS,2179.0,17.0,0.551,4.3,0.0,1.1,15.8,7.4,3.1,0.0,1.4,65.0,33.5,0,1988
Eddie Johnson,28.0,PHO,2177.0,15.2,0.532,3.0,-2.0,0.0,17.7,2.5,4.4,0.1,0.5,73.0,29.8,0,1988
Benoit Benjamin,23.0,LAC,2171.0,14.1,0.534,2.0,-0.1,1.0,13.0,2.6,8.0,3.4,0.8,66.0,32.9,0,1988
Kenny Smith,22.0,SAC,2170.0,13.3,0.537,2.2,-1.8,0.1,13.8,7.1,2.3,0.1,1.5,61.0,35.6,0,1988
Danny Schayes,28.0,DEN,2166.0,18.4,0.64,8.8,0.9,1.6,13.9,1.3,8.2,1.1,0.8,81.0,26.7,0,1988
Allen Leavell,30.0,HOU,2150.0,14.3,0.527,5.1,0.8,1.5,10.2,5.1,1.9,0.1,1.6,80.0,26.9,0,1988
Dennis Rodman,26.0,DET,2147.0,17.4,0.571,6.8,1.6,2.0,11.6,1.3,8.7,0.5,0.9,82.0,26.2,0,1988
Adrian Dantley,32.0,DET,2144.0,19.9,0.619,9.4,3.5,2.9,20.0,2.5,3.3,0.1,0.6,69.0,31.1,0,1988
Kenny Walker,23.0,NYK,2139.0,12.3,0.512,4.7,-0.7,0.7,10.1,1.0,4.7,0.7,0.8,82.0,26.1,0,1988
Cliff Levingston,27.0,ATL,2135.0,15.5,0.609,7.0,0.8,1.5,10.0,0.9,6.1,1.0,0.6,82.0,26.0,0,1988
Winston Garland,23.0,GSW,2122.0,13.8,0.492,1.7,-1.8,0.1,12.4,6.4,3.4,0.1,1.7,67.0,31.7,0,1988
Tim McCormick,25.0,2TM,2114.0,13.4,0.566,3.9,-1.5,0.3,12.0,1.7,6.7,0.3,0.5,70.0,30.2,0,1988
Cliff Robinson,27.0,PHI,2110.0,15.7,0.503,2.6,-1.7,0.2,19.0,2.1,6.5,0.6,1.3,62.0,34.0,0,1988
Hot Rod Williams,25.0,CLE,2106.0,15.8,0.536,5.7,0.8,1.5,10.9,1.3,6.6,1.9,0.8,77.0,27.4,0,1988
Mark West,27.0,2TM,2098.0,13.1,0.574,3.1,-2.0,0.0,9.7,0.9,6.3,1.8,0.6,83.0,25.3,0,1988
Kevin Willis,25.0,ATL,2091.0,14.0,0.548,4.2,-2.1,-0.1,11.6,0.4,7.3,0.5,0.9,75.0,27.9,0,1988
Sidney Green,27.0,NYK,2049.0,10.3,0.48,2.7,-3.2,-0.6,7.8,1.1,7.8,0.4,0.8,82.0,25.0,0,1988
Bernard King,31.0,WSB,2044.0,15.0,0.55,2.8,-1.3,0.3,17.2,2.8,4.1,0.1,0.7,69.0,29.6,0,1988
Ben McDonald,25.0,GSW,2039.0,9.0,0.509,1.3,-4.2,-1.1,7.6,1.7,4.1,0.1,0.5,81.0,25.2,0,1988
Chris Mullin,24.0,GSW,2033.0,19.8,0.58,5.1,3.2,2.7,20.2,4.8,3.4,0.5,1.9,60.0,33.9,0,1988
Harold Pressley,24.0,SAC,2029.0,12.7,0.51,2.2,-0.8,0.6,9.7,2.3,4.6,0.7,1.1,80.0,25.4,0,1988
Larry Drew,29.0,LAC,2024.0,11.7,0.498,1.2,-3.1,-0.6,10.3,5.2,1.6,0.0,0.9,74.0,27.4,0,1988
John Long,31.0,IND,2022.0,15.2,0.539,3.9,0.3,1.2,12.8,2.1,2.8,0.1,1.0,81.0,25.0,0,1988
Mychal Thompson,33.0,LAL,2007.0,14.6,0.544,4.6,-2.4,-0.2,11.6,0.8,6.1,1.0,0.5,80.0,25.1,0,1988
Joe Barry Carroll,29.0,2TM,2004.0,13.6,0.477,1.6,-2.2,-0.1,12.7,1.5,6.4,1.4,0.6,77.0,26.0,0,1988
John Salley,23.0,DET,2003.0,14.2,0.614,6.2,2.2,2.1,8.5,1.4,4.9,1.7,0.6,82.0,24.4,0,1988
Joe Kleine,26.0,SAC,1999.0,13.4,0.521,3.1,-3.0,-0.5,9.8,1.1,7.1,0.7,0.3,82.0,24.4,0,1988
Greg Anderson,23.0,SAS,1984.0,14.7,0.531,2.3,-2.7,-0.4,11.7,1.0,6.3,1.5,0.7,82.0,24.2,0,1988
Herb Williams,29.0,IND,1966.0,12.0,0.463,1.8,-2.1,0.0,10.0,1.3,6.3,1.9,0.5,75.0,26.2,0,1988
Rick Mahorn,29.0,DET,1963.0,13.7,0.622,5.9,0.2,1.1,10.7,0.9,8.4,0.6,0.6,67.0,29.3,0,1988
Walter Davis,33.0,PHO,1951.0,17.8,0.537,3.8,0.6,1.3,17.9,4.1,2.3,0.0,1.3,68.0,28.7,0,1988
Purvis Short,30.0,HOU,1949.0,15.8,0.531,4.4,-0.6,0.7,14.3,2.0,2.7,0.2,0.7,81.0,24.1,0,1988
Vinnie Johnson,31.0,DET,1935.0,13.8,0.475,2.3,-0.9,0.5,12.2,3.3,2.8,0.2,0.7,82.0,23.6,0,1988
Walter Berry,23.0,SAS,1922.0,18.8,0.578,3.4,-0.4,0.8,17.4,1.5,5.4,0.9,0.8,73.0,26.3,0,1988
Kevin Johnson,21.0,2TM,1917.0,15.5,0.531,4.0,0.9,1.4,9.2,5.5,2.4,0.3,1.3,80.0,24.0,0,1988
John Paxson,27.0,CHI,1888.0,12.3,0.532,4.2,-1.4,0.3,7.9,3.7,1.3,0.0,0.6,81.0,23.3,0,1988
Otis Birdsong,32.0,NJN,1882.0,10.4,0.47,-0.1,-3.4,-0.7,10.9,3.3,2.5,0.2,0.8,67.0,28.1,0,1988
Reggie Miller,22.0,IND,1840.0,14.0,0.58,4.2,0.7,1.3,10.0,1.6,2.3,0.2,0.6,82.0,22.4,0,1988
Ron Harper,24.0,CLE,1830.0,16.6,0.514,3.5,2.3,2.0,15.4,4.9,3.9,0.9,2.1,57.0,32.1,0,1988
Horace Grant,22.0,CHI,1827.0,13.0,0.53,4.2,-1.7,0.2,7.7,1.1,5.5,0.7,0.6,81.0,22.6,0,1988
Alton Lister,29.0,SEA,1812.0,12.0,0.541,4.1,-1.5,0.2,5.6,0.7,7.6,1.7,0.3,82.0,22.1,0,1988
Jay Humphries,25.0,2TM,1809.0,14.8,0.564,3.5,0.1,1.0,10.0,5.8,2.6,0.1,1.2,68.0,26.6,0,1988
Armen Gilliam,23.0,PHO,1807.0,12.9,0.506,1.3,-3.4,-0.6,14.8,1.3,7.9,0.5,1.1,55.0,32.9,0,1988
Bob Hansen,27.0,UTA,1796.0,12.9,0.573,4.4,-0.7,0.6,9.6,2.2,2.3,0.1,0.8,81.0,22.2,0,1988
Jim Petersen,25.0,HOU,1793.0,11.8,0.552,3.4,-1.6,0.2,8.9,1.5,6.3,0.6,0.5,69.0,26.0,0,1988
Michael Cooper,31.0,LAL,1793.0,11.6,0.5,3.1,0.8,1.3,8.7,4.7,3.7,0.4,1.1,61.0,29.4,0,1988
Blair Rasmussen,25.0,DEN,1779.0,16.0,0.523,4.2,-1.8,0.1,12.7,1.0,5.5,1.0,0.3,79.0,22.5,0,1988
Caldwell Jones,37.0,POR,1778.0,8.0,0.539,2.7,-1.7,0.1,4.2,1.0,5.2,1.3,0.4,79.0,22.5,0,1988
John Lucas,34.0,MIL,1766.0,16.1,0.529,3.9,2.0,1.8,9.2,4.8,2.0,0.0,1.1,81.0,21.8,0,1988
Tree Rollins,32.0,ATL,1765.0,10.6,0.569,4.1,-0.5,0.7,4.4,0.3,6.0,1.7,0.4,76.0,23.2,0,1988
Jay Vincent,28.0,DEN,1755.0,15.6,0.518,2.8,-2.0,0.0,15.4,2.0,4.2,0.4,0.6,73.0,24.0,0,1988
Tyrone Corbin,25.0,2TM,1739.0,12.4,0.534,3.0,-1.3,0.3,7.4,1.4,4.2,0.2,0.9,84.0,20.7,0,1988
Craig Ehlo,26.0,CLE,1709.0,12.5,0.518,3.1,0.6,1.1,7.1,2.6,3.5,0.4,1.0,79.0,21.6,0,1988
Derrick McKey,21.0,SEA,1706.0,13.8,0.562,4.1,0.2,0.9,8.5,1.3,4.0,0.8,0.9,82.0,20.8,0,1988
James Edwards,32.0,2TM,1705.0,12.1,0.519,1.5,-4.1,-0.9,11.8,1.1,6.0,0.5,0.2,69.0,24.7,0,1988
Bill Cartwright,30.0,NYK,1676.0,17.8,0.639,6.4,2.0,1.7,11.1,1.0,4.7,0.5,0.5,82.0,20.4,0,1988
Ralph Sampson,27.0,2TM,1663.0,13.4,0.487,0.6,-2.2,-0.1,15.6,2.5,9.6,1.8,0.9,48.0,34.6,0,1988
Scottie Pippen,22.0,CHI,1650.0,12.9,0.489,2.3,-0.6,0.6,7.9,2.1,3.8,0.7,1.2,79.0,20.9,0,1988
Alvan Adams,33.0,PHO,1646.0,13.1,0.543,2.2,-0.5,0.6,7.5,2.2,4.5,0.5,1.0,82.0,20.1,0,1988
Darnell Valentine,28.0,LAC,1636.0,13.5,0.474,1.5,-0.8,0.5,7.1,4.8,2.0,0.1,1.5,79.0,20.7,0,1988
Phil Hubbard,31.0,CLE,1631.0,11.8,0.554,2.7,-2.7,-0.3,8.4,1.0,3.6,0.1,0.6,78.0,20.9,0,1988
Muggsy Bogues,23.0,WSB,1628.0,12.7,0.429,2.3,0.9,1.2,5.0,5.1,1.7,0.0,1.6,79.0,20.6,0,1988
Terry Catledge,24.0,WSB,1610.0,14.7,0.542,3.5,-1.6,0.1,10.7,0.9,5.7,0.1,0.5,70.0,23.0,0,1988
Tellis Frank,22.0,GSW,1597.0,10.2,0.483,0.6,-5.1,-1.2,8.1,1.4,4.2,0.3,0.7,78.0,20.5,0,1988
Albert King,28.0,PHI,1593.0,7.2,0.442,-0.1,-5.4,-1.4,7.2,1.5,3.0,0.3,0.5,72.0,22.1,0,1988
Johnny Newman,24.0,NYK,1589.0,12.1,0.531,3.1,-1.9,0.1,10.0,0.8,2.1,0.1,0.9,77.0,20.6,0,1988
Detlef Schrempf,25.0,DAL,1587.0,14.2,0.532,3.6,-0.3,0.7,8.5,1.9,3.4,0.4,0.5,82.0,19.4,0,1988
Michael Jordan,25.0,CHI,3255.0,31.1,0.614,19.8,11.9,11.4,32.5,8.0,8.0,0.8,2.9,81.0,40.2,0,1989
Dale Ellis,28.0,SEA,3190.0,19.7,0.589,10.8,2.7,3.8,27.5,2.0,4.2,0.3,1.3,82.0,38.9,0,1989
Kevin Johnson,22.0,PHO,3179.0,20.5,0.597,12.2,4.2,5.0,20.4,12.2,4.2,0.3,1.7,81.0,39.2,0,1989
John Stockton,26.0,UTA,3171.0,22.9,0.624,15.6,8.3,8.3,17.1,13.6,3.0,0.2,3.2,82.0,38.7,0,1989
Kenny Smith,23.0,SAC,3145.0,14.3,0.523,4.1,-1.4,0.4,17.3,7.7,2.8,0.1,1.3,81.0,38.8,0,1989
Otis Thorpe,26.0,HOU,3135.0,15.4,0.591,8.7,0.6,2.1,16.7,2.5,9.6,0.5,1.0,82.0,38.2,0,1989
Karl Malone,25.0,UTA,3126.0,24.4,0.592,15.2,5.4,5.9,29.1,2.7,10.7,0.9,1.8,80.0,39.1,0,1989
Terry Porter,25.0,POR,3102.0,17.7,0.555,9.2,2.3,3.3,17.7,9.5,4.5,0.1,1.8,81.0,38.3,0,1989
Chris Mullin,25.0,GSW,3093.0,21.9,0.581,10.6,4.0,4.7,26.5,5.1,5.9,0.5,2.1,82.0,37.7,0,1989
Charles Barkley,25.0,PHI,3088.0,27.0,0.653,16.1,7.5,7.4,25.8,4.1,12.5,0.8,1.6,79.0,39.1,0,1989
Clyde Drexler,26.0,POR,3064.0,23.6,0.555,12.6,6.5,6.6,27.2,5.8,7.9,0.7,2.7,78.0,39.3,0,1989
Hakeem Olajuwon,26.0,HOU,3024.0,25.2,0.552,12.4,5.5,5.7,24.8,1.8,13.5,3.4,2.6,82.0,36.9,0,1989
Ken Norman,24.0,LAC,3020.0,15.4,0.522,4.0,-0.5,1.1,18.1,3.5,8.3,0.8,1.3,80.0,37.8,0,1989
Chuck Person,24.0,IND,3012.0,15.2,0.544,3.0,-1.1,0.7,21.6,3.6,6.5,0.2,1.0,80.0,37.7,0,1989
Tom Chambers,29.0,PHO,3002.0,19.3,0.547,9.2,1.4,2.6,25.7,2.9,8.4,0.7,1.1,81.0,37.1,0,1989
Dominique Wilkins,29.0,ATL,2997.0,21.8,0.528,10.4,3.4,4.1,26.2,2.6,6.9,0.7,1.5,80.0,37.5,0,1989
Alex English,35.0,DEN,2990.0,19.0,0.531,6.8,0.9,2.1,26.5,4.7,4.0,0.1,0.8,82.0,36.5,0,1989
Derek Harper,27.0,DAL,2968.0,18.3,0.561,8.0,3.2,3.9,17.3,7.0,2.8,0.5,2.1,81.0,36.6,0,1989
James Worthy,27.0,LAL,2960.0,19.0,0.582,9.7,3.0,3.7,20.5,3.6,6.0,0.7,1.3,81.0,36.5,0,1989
Rolando Blackman,29.0,DAL,2946.0,15.9,0.543,5.7,-0.5,1.1,19.7,3.7,3.5,0.3,0.8,78.0,37.8,0,1989
Isiah Thomas,27.0,DET,2924.0,17.1,0.528,7.0,2.6,3.4,18.2,8.3,3.4,0.3,1.7,80.0,36.6,0,1989
Mark Eaton,32.0,UTA,2914.0,10.6,0.513,6.6,0.6,1.9,6.2,1.0,10.3,3.8,0.5,82.0,35.5,0,1989
Patrick Ewing,26.0,NYK,2896.0,22.1,0.607,10.9,4.5,4.8,22.7,2.4,9.3,3.5,1.5,80.0,36.2,0,1989
Magic Johnson,29.0,LAL,2886.0,26.9,0.625,16.1,9.4,8.3,22.5,12.8,7.9,0.3,1.8,77.0,37.5,1,1989
Moses Malone,33.0,ATL,2878.0,21.2,0.581,10.7,1.8,2.7,20.2,1.4,11.8,1.2,1.0,81.0,35.5,0,1989
Kevin McHale,31.0,BOS,2876.0,20.3,0.608,10.1,2.1,3.0,22.5,2.2,8.2,1.2,0.3,78.0,36.9,0,1989
Sam Perkins,27.0,DAL,2860.0,15.3,0.53,6.4,-0.5,1.1,15.0,1.6,8.8,1.2,1.0,78.0,36.7,0,1989
Ron Harper,25.0,CLE,2851.0,19.8,0.57,10.2,4.7,4.8,18.6,5.3,5.0,0.9,2.3,82.0,34.8,0,1989
Robert Parish,35.0,BOS,2840.0,21.6,0.607,10.5,3.3,3.8,18.6,2.2,12.5,1.5,1.0,80.0,35.5,0,1989
Terry Cummings,27.0,MIL,2824.0,19.7,0.518,7.7,1.2,2.3,22.9,2.5,8.1,0.9,1.3,80.0,35.3,0,1989
Brad Daugherty,23.0,CLE,2821.0,18.5,0.594,9.6,2.0,2.9,18.9,3.7,9.2,0.5,0.8,78.0,36.2,0,1989
Horace Grant,23.0,CHI,2809.0,13.8,0.547,6.4,-0.5,1.0,12.0,2.1,8.6,0.8,1.1,79.0,35.6,0,1989
Derrick McKey,22.0,SEA,2804.0,15.5,0.575,7.4,1.0,2.1,15.9,2.7,5.7,0.9,1.3,82.0,34.2,0,1989
Sleepy Floyd,28.0,HOU,2788.0,16.4,0.565,7.7,2.2,2.9,14.2,8.6,3.7,0.1,1.5,82.0,34.0,0,1989
Michael Adams,26.0,DEN,2787.0,17.5,0.567,8.3,2.9,3.4,18.5,6.4,3.7,0.1,2.2,77.0,36.2,0,1989
Thurl Bailey,27.0,UTA,2777.0,15.6,0.544,6.5,-0.3,1.2,19.5,1.7,5.5,1.1,0.6,82.0,33.9,0,1989
Fat Lever,28.0,DEN,2745.0,20.6,0.513,9.2,5.2,5.0,19.8,7.9,9.3,0.3,2.7,71.0,38.7,0,1989
Mike Gminski,29.0,PHI,2739.0,18.5,0.535,7.0,0.4,1.6,17.2,1.7,9.4,1.3,0.6,82.0,33.4,0,1989
Willie Anderson,22.0,SAS,2738.0,16.6,0.534,4.9,1.3,2.3,18.6,4.6,5.1,0.8,1.9,81.0,33.8,0,1989
Mark Price,24.0,CLE,2728.0,20.6,0.623,11.3,4.5,4.5,18.9,8.4,3.0,0.1,1.5,75.0,36.4,0,1989
Mitch Richmond,23.0,GSW,2717.0,17.2,0.541,5.6,-0.1,1.3,22.0,4.2,5.9,0.2,1.0,79.0,34.4,0,1989
Jerome Kersey,26.0,POR,2716.0,16.6,0.511,6.8,1.4,2.3,17.5,3.2,8.3,1.1,1.8,76.0,35.7,0,1989
Kevin Duckworth,24.0,POR,2662.0,13.9,0.531,4.8,-3.5,-1.0,18.1,0.8,8.0,0.6,0.7,79.0,33.7,0,1989
Winston Garland,24.0,GSW,2661.0,14.7,0.483,4.5,-0.1,1.3,14.5,6.4,4.2,0.2,2.2,79.0,33.7,0,1989
Reggie Lewis,23.0,BOS,2657.0,17.6,0.534,6.9,1.4,2.3,18.5,2.7,4.7,0.9,1.5,81.0,32.8,0,1989
Bill Laimbeer,31.0,DET,2640.0,16.6,0.557,9.0,3.2,3.4,13.7,2.2,9.6,1.2,0.6,81.0,32.6,0,1989
Ron Anderson,30.0,PHI,2618.0,15.3,0.531,4.4,-1.3,0.4,16.2,1.7,5.0,0.3,0.9,82.0,31.9,0,1989
Rory Sparrow,30.0,MIA,2613.0,11.7,0.486,1.6,-2.3,-0.2,12.5,5.4,2.7,0.2,1.3,80.0,32.7,0,1989
Byron Scott,27.0,LAL,2605.0,16.6,0.558,6.8,1.0,1.9,19.6,3.1,4.1,0.4,1.5,74.0,35.2,0,1989
Charles Oakley,25.0,NYK,2604.0,14.8,0.56,5.7,-0.4,1.0,12.9,2.3,10.5,0.2,1.3,82.0,31.8,0,1989
Mark Aguirre,29.0,2TM,2597.0,16.4,0.524,4.5,0.1,1.4,18.9,3.5,4.8,0.5,0.6,80.0,32.5,0,1989
Jack Sikma,33.0,MIL,2587.0,15.8,0.554,8.1,2.8,3.2,13.4,3.6,7.8,0.8,1.1,80.0,32.3,0,1989
Benoit Benjamin,24.0,LAC,2585.0,17.4,0.593,5.1,0.3,1.5,16.4,2.0,8.8,2.8,0.7,79.0,32.7,0,1989
Hersey Hawkins,22.0,PHI,2577.0,14.2,0.544,4.0,-0.2,1.2,15.1,3.0,2.8,0.5,1.5,79.0,32.6,0,1989
Darrell Walker,27.0,WSB,2565.0,13.4,0.469,3.7,0.9,1.8,9.0,6.3,6.4,0.3,2.0,79.0,32.5,0,1989
Bernard King,32.0,WSB,2559.0,17.7,0.535,4.9,0.5,1.6,20.7,3.6,4.7,0.2,0.8,81.0,31.6,0,1989
Vern Fleming,26.0,IND,2552.0,15.8,0.572,5.6,1.0,1.9,14.3,6.5,4.1,0.2,1.0,76.0,33.6,0,1989
Roy Hinson,27.0,NJN,2542.0,14.7,0.54,4.4,-2.2,-0.1,16.0,0.9,6.4,1.5,0.4,82.0,31.0,0,1989
Michael Cage,27.0,SEA,2536.0,14.7,0.553,6.7,0.5,1.6,10.3,1.6,9.6,0.7,1.2,80.0,31.7,0,1989
Reggie Miller,23.0,IND,2536.0,15.7,0.602,6.5,2.0,2.5,16.0,3.1,3.9,0.4,1.3,74.0,34.3,0,1989
Lester Conner,29.0,NJN,2532.0,17.2,0.531,6.2,2.3,2.7,10.3,7.4,4.3,0.1,2.2,82.0,30.9,0,1989
Larry Nance,29.0,CLE,2526.0,19.9,0.59,10.3,3.9,3.8,17.2,2.2,8.0,2.8,0.8,73.0,34.6,0,1989
Reggie Theus,31.0,ATL,2517.0,16.1,0.534,5.9,0.6,1.6,15.8,4.7,3.0,0.2,1.3,82.0,30.7,0,1989
A.C. Green,25.0,LAL,2510.0,17.8,0.594,9.4,1.6,2.3,13.3,1.3,9.0,0.7,1.1,82.0,30.6,0,1989
Jeff Hornacek,25.0,PHO,2487.0,16.3,0.545,7.7,2.7,3.0,13.5,6.0,3.4,0.1,1.7,78.0,31.9,0,1989
Mark Jackson,23.0,NYK,2477.0,18.3,0.535,7.2,3.5,3.4,16.9,8.6,4.7,0.1,1.9,72.0,34.4,0,1989
Larry Krystkowiak,24.0,MIL,2472.0,14.2,0.552,6.3,-0.9,0.7,12.7,1.3,7.6,0.1,1.2,80.0,30.9,0,1989
Herb Williams,30.0,2TM,2470.0,10.6,0.471,1.4,-2.3,-0.2,10.2,1.6,7.8,1.8,0.6,76.0,32.5,0,1989
Doc Rivers,27.0,ATL,2462.0,18.4,0.548,8.5,4.8,4.2,13.6,6.9,3.8,0.5,2.4,76.0,32.4,0,1989
Buck Williams,28.0,NJN,2446.0,14.6,0.569,5.2,-1.2,0.5,13.0,1.1,9.4,0.5,0.8,74.0,33.1,0,1989
Grant Long,22.0,MIA,2435.0,13.7,0.561,4.6,-1.1,0.5,11.9,1.8,6.7,0.6,1.5,82.0,29.7,0,1989
Rodney McCray,27.0,SAC,2435.0,13.1,0.513,2.9,-0.4,1.0,12.6,4.3,7.6,0.5,0.8,68.0,35.8,0,1989
Wayman Tisdale,24.0,2TM,2434.0,17.5,0.568,5.9,-0.1,1.2,17.5,1.6,7.7,0.7,0.7,79.0,30.8,0,1989
Adrian Dantley,33.0,2TM,2422.0,17.4,0.581,7.4,0.7,1.6,19.2,2.3,4.3,0.2,0.6,73.0,33.2,0,1989
Jeff Malone,27.0,WSB,2418.0,16.7,0.529,4.1,-0.7,0.8,21.7,2.9,2.4,0.2,0.5,76.0,31.8,0,1989
Gerald Wilkins,25.0,NYK,2414.0,13.8,0.512,4.3,-0.2,1.1,14.3,3.4,3.0,0.3,1.4,81.0,29.8,0,1989
John Williams,22.0,WSB,2413.0,18.8,0.525,6.9,4.6,4.0,13.7,4.3,7.0,0.9,1.7,82.0,29.4,0,1989
Scottie Pippen,23.0,CHI,2413.0,14.9,0.524,4.0,0.4,1.5,14.4,3.5,6.1,0.8,1.9,73.0,33.1,0,1989
Joe Dumars,25.0,DET,2408.0,16.8,0.571,7.0,1.9,2.4,17.2,5.7,2.5,0.1,0.9,69.0,34.9,0,1989
Greg Anderson,24.0,SAS,2401.0,14.9,0.516,3.4,-2.0,0.0,13.7,0.7,8.2,1.3,1.2,82.0,29.3,0,1989
Xavier McDaniel,25.0,SEA,2385.0,18.6,0.533,5.3,-0.6,0.8,20.5,1.6,5.3,0.5,1.0,82.0,29.1,0,1989
Darrell Griffith,30.0,UTA,2382.0,12.3,0.504,3.9,-1.7,0.2,13.8,1.6,4.0,0.3,1.0,82.0,29.0,0,1989
Danny Ainge,29.0,2TM,2377.0,18.0,0.554,6.7,2.5,2.7,17.5,5.5,3.5,0.1,1.3,73.0,32.6,0,1989
Kevin Edwards,23.0,MIA,2349.0,12.6,0.46,-0.2,-1.9,0.1,13.8,4.4,3.3,0.3,1.8,79.0,29.7,0,1989
Nate McMillan,24.0,SEA,2341.0,14.5,0.468,4.4,2.1,2.4,7.1,9.3,5.2,0.6,2.1,75.0,31.2,0,1989
Johnny Newman,25.0,NYK,2336.0,15.3,0.582,6.7,1.1,1.8,16.0,2.0,2.5,0.3,1.4,81.0,28.8,0,1989
Bill Cartwright,31.0,CHI,2333.0,11.0,0.535,2.1,-5.0,-1.7,12.4,1.2,6.7,0.5,0.3,78.0,29.9,0,1989
LaSalle Thompson,27.0,2TM,2329.0,15.6,0.544,4.4,-1.4,0.4,13.9,1.1,9.4,1.2,1.0,76.0,30.6,0,1989
Dennis Johnson,34.0,BOS,2309.0,11.5,0.498,2.5,-1.7,0.2,10.0,6.6,2.6,0.3,1.3,72.0,32.1,0,1989
Kelly Tripucka,29.0,CHH,2302.0,17.7,0.558,3.3,0.2,1.3,22.6,3.2,3.8,0.2,1.2,71.0,32.4,0,1989
Brian Shaw,22.0,BOS,2301.0,12.2,0.472,2.2,-0.7,0.8,8.6,5.8,4.6,0.3,1.0,82.0,28.1,0,1989
Maurice Cheeks,32.0,PHI,2298.0,16.5,0.527,5.3,1.8,2.2,11.6,7.8,2.6,0.2,1.5,71.0,32.4,0,1989
Alvin Robertson,26.0,SAS,2287.0,17.2,0.523,4.4,2.5,2.6,17.3,6.0,5.9,0.6,3.0,65.0,35.2,0,1989
Billy Thompson,25.0,MIA,2273.0,13.4,0.524,2.8,-1.3,0.4,10.8,2.2,7.2,1.3,0.7,79.0,28.8,0,1989
Mike Woodson,30.0,HOU,2259.0,12.0,0.503,3.5,-1.6,0.2,12.9,2.5,2.4,0.2,1.1,81.0,27.9,0,1989
Harold Pressley,25.0,SAC,2257.0,15.7,0.529,4.8,1.9,2.2,12.3,2.2,6.1,1.0,1.2,80.0,28.2,0,1989
Kurt Rambis,30.0,CHH,2233.0,16.1,0.565,4.8,0.3,1.3,11.1,2.1,9.4,0.8,1.3,75.0,29.8,0,1989
Jay Humphries,26.0,MIL,2220.0,14.6,0.539,4.9,1.3,1.8,11.6,5.5,2.6,0.1,1.9,73.0,30.4,0,1989
Rex Chapman,21.0,CHH,2219.0,12.6,0.467,-0.2,-3.2,-0.7,16.9,2.3,2.5,0.3,0.9,75.0,29.6,0,1989
Dennis Rodman,27.0,DET,2208.0,16.3,0.613,8.1,2.2,2.3,9.0,1.2,9.4,0.9,0.7,82.0,26.9,0,1989
Cliff Levingston,28.0,ATL,2184.0,13.4,0.563,5.5,0.2,1.2,9.2,0.9,6.2,0.9,1.2,80.0,27.3,0,1989
Paul Pressey,30.0,MIL,2170.0,15.0,0.539,4.8,2.2,2.3,12.1,6.6,3.9,0.7,1.8,67.0,32.4,0,1989
Charles Smith,23.0,LAC,2161.0,15.6,0.55,4.0,-1.7,0.2,16.3,1.5,6.5,1.3,1.0,71.0,30.4,0,1989
Robert Reid,33.0,CHH,2152.0,12.2,0.464,-0.1,-4.1,-1.1,14.7,1.9,3.7,0.2,0.6,82.0,26.2,0,1989
Hot Rod Williams,26.0,CLE,2125.0,17.6,0.566,7.7,2.2,2.3,11.6,1.3,5.8,1.6,0.9,82.0,25.9,0,1989
Armen Gilliam,24.0,PHO,2120.0,15.7,0.548,5.1,-1.1,0.5,15.9,0.7,7.3,0.4,0.7,74.0,28.6,0,1989
Mike Sanders,28.0,CLE,2102.0,10.5,0.482,3.1,-2.3,-0.2,9.3,1.6,3.7,0.4,1.1,82.0,25.6,0,1989
Chris Morris,23.0,NJN,2096.0,15.0,0.528,2.8,-0.3,0.9,14.1,1.6,5.2,0.8,1.3,76.0,27.6,0,1989
Ricky Pierce,29.0,MIL,2078.0,18.6,0.573,6.7,1.9,2.0,17.6,2.1,2.6,0.3,1.0,75.0,27.7,0,1989
Terry Catledge,25.0,WSB,2077.0,12.6,0.518,3.3,-3.0,-0.5,10.4,0.9,7.2,0.3,0.6,79.0,26.3,0,1989
Vinnie Johnson,32.0,DET,2073.0,17.3,0.508,5.9,2.3,2.2,13.8,3.0,3.1,0.2,0.9,82.0,25.3,0,1989
Vernon Maxwell,23.0,SAS,2065.0,12.1,0.496,1.5,-2.5,-0.3,11.7,3.8,2.6,0.1,1.1,79.0,26.1,0,1989
Earl Cureton,31.0,CHH,2047.0,10.1,0.512,1.5,-2.9,-0.4,6.5,1.6,6.0,0.7,0.6,82.0,25.0,0,1989
Eddie Johnson,29.0,PHO,2043.0,19.4,0.564,6.5,2.1,2.1,21.5,2.3,4.4,0.1,0.7,70.0,29.2,0,1989
Rik Smits,22.0,IND,2041.0,15.6,0.557,4.3,-0.8,0.6,11.7,0.9,6.1,1.8,0.5,82.0,24.9,0,1989
Mike McGee,29.0,NJN,2027.0,13.2,0.529,2.3,-1.3,0.4,13.0,1.5,2.4,0.2,1.0,80.0,25.3,0,1989
Mark West,28.0,PHO,2019.0,12.9,0.644,5.5,1.0,1.5,7.2,0.5,6.7,2.3,0.4,82.0,24.6,0,1989
Ed Pinckney,25.0,2TM,2012.0,17.2,0.591,6.1,1.5,1.8,11.5,1.5,5.6,0.8,1.0,80.0,25.2,0,1989
Joe Barry Carroll,30.0,NJN,1996.0,14.2,0.497,2.3,-1.0,0.5,14.1,1.6,7.4,1.3,1.1,64.0,31.2,0,1989
Mychal Thompson,34.0,LAL,1994.0,13.3,0.593,5.2,-1.0,0.5,9.2,0.6,5.8,0.7,0.7,80.0,24.9,0,1989
Rony Seikaly,23.0,MIA,1962.0,10.8,0.471,-0.5,-5.8,-1.9,10.9,0.7,7.0,1.2,0.6,78.0,25.2,0,1989
Michael Cooper,32.0,LAL,1943.0,11.9,0.549,4.4,1.0,1.5,7.3,3.9,2.4,0.4,0.9,80.0,24.3,0,1989
Gary Grant,23.0,LAC,1924.0,14.1,0.469,-0.4,-1.9,0.0,11.9,7.1,3.4,0.1,2.0,71.0,27.1,0,1989
Danny Schayes,29.0,DEN,1918.0,15.4,0.618,5.6,-1.2,0.4,12.8,1.4,6.6,1.1,0.6,76.0,25.2,0,1989
Larry Smith,31.0,GSW,1897.0,11.9,0.54,3.7,-1.6,0.2,5.7,1.5,8.2,0.7,0.8,80.0,23.7,0,1989
Rod Higgins,29.0,GSW,1887.0,15.5,0.583,5.9,1.2,1.5,10.6,2.0,4.6,0.5,0.5,81.0,23.3,0,1989
Craig Ehlo,27.0,CLE,1867.0,13.7,0.528,4.6,2.0,1.9,7.4,3.2,3.6,0.2,1.3,82.0,22.8,0,1989
Wayne Cooper,32.0,DEN,1864.0,13.6,0.53,5.0,-0.2,0.9,6.6,1.0,7.8,2.7,0.5,79.0,23.6,0,1989
Walter Davis,34.0,DEN,1857.0,16.7,0.544,3.5,-0.6,0.7,15.6,2.3,1.9,0.1,0.9,81.0,22.9,0,1989
Buck Johnson,25.0,HOU,1850.0,11.4,0.559,3.6,-0.6,0.7,9.6,1.9,4.3,0.5,1.0,67.0,27.6,0,1989
Detlef Schrempf,26.0,2TM,1850.0,15.3,0.566,4.4,0.0,0.9,12.0,2.6,5.7,0.3,0.8,69.0,26.8,0,1989
Trent Tucker,29.0,NYK,1824.0,12.1,0.569,4.6,1.4,1.6,8.5,1.6,2.2,0.1,1.1,81.0,22.5,0,1989
Frank Brickowski,29.0,SAS,1822.0,15.0,0.563,3.6,-0.5,0.7,13.7,2.0,6.3,0.5,1.6,64.0,28.5,0,1989
Alton Lister,30.0,SEA,1806.0,13.7,0.529,3.7,-2.0,0.0,8.0,0.7,6.6,2.2,0.3,82.0,22.0,0,1989
Rick Mahorn,30.0,DET,1795.0,12.1,0.566,4.6,0.5,1.1,7.3,0.8,6.9,0.9,0.6,72.0,24.9,0,1989
Manute Bol,26.0,GSW,1769.0,9.8,0.421,1.7,-1.0,0.4,3.9,0.3,5.8,4.3,0.1,80.0,22.1,0,1989
Muggsy Bogues,24.0,CHH,1755.0,15.3,0.463,2.6,1.1,1.4,5.4,7.8,2.1,0.1,1.4,79.0,22.2,0,1989
Elston Turner,29.0,DEN,1746.0,7.8,0.446,2.1,-2.1,0.0,4.3,1.8,3.7,0.1,1.2,78.0,22.4,0,1989
James Donaldson,31.0,DAL,1746.0,14.2,0.614,4.4,0.0,0.9,9.1,0.7,10.8,1.5,0.5,53.0,32.9,0,1989
John Paxson,28.0,CHI,1738.0,12.0,0.536,3.3,-1.4,0.3,7.3,3.9,1.2,0.1,0.7,78.0,22.3,0,1989
Brad Sellers,26.0,CHI,1732.0,10.6,0.529,2.6,-1.7,0.1,6.9,1.2,2.8,0.9,0.4,80.0,21.7,0,1989
Quintin Dailey,28.0,LAC,1722.0,16.3,0.511,2.0,-1.3,0.3,16.1,2.2,3.0,0.1,1.3,69.0,25.0,0,1989
Sam Vincent,25.0,CHI,1703.0,13.6,0.527,2.3,-1.4,0.3,9.4,4.8,2.7,0.1,0.8,70.0,24.3,0,1989
Michael Holton,27.0,CHH,1696.0,12.3,0.488,1.3,-1.9,0.0,8.3,6.3,1.6,0.2,1.0,67.0,25.3,0,1989
Kareem Abdul-Jabbar,41.0,LAL,1695.0,12.9,0.511,2.9,-2.1,0.0,10.1,1.0,4.5,1.1,0.5,74.0,22.9,0,1989
John Battle,26.0,ATL,1672.0,13.5,0.532,3.2,-1.1,0.4,9.5,2.4,1.7,0.1,0.5,82.0,20.4,0,1989
Tyrone Corbin,26.0,PHO,1655.0,14.7,0.592,5.4,1.6,1.5,8.2,1.5,5.2,0.2,1.1,77.0,21.5,0,1989
John Bagley,28.0,NJN,1642.0,11.3,0.467,0.4,-2.7,-0.3,7.4,5.8,2.1,0.1,1.1,68.0,24.1,0,1989
Jim Petersen,26.0,SAC,1633.0,11.4,0.498,0.6,-4.1,-0.9,10.2,1.2,6.3,1.0,0.7,66.0,24.7,0,1989
Otis Smith,25.0,GSW,1597.0,14.8,0.495,2.5,-0.9,0.4,10.0,1.8,4.1,0.5,1.1,80.0,20.0,0,1989
Sidney Moncrief,31.0,MIL,1594.0,16.4,0.591,5.0,2.6,1.9,12.1,3.0,2.8,0.2,1.0,62.0,25.7,0,1989
Scott Skiles,24.0,IND,1571.0,12.5,0.54,1.3,-1.7,0.1,6.8,4.9,1.9,0.0,0.8,80.0,19.6,0,1989
Terry Teagle,28.0,GSW,1569.0,16.7,0.523,3.1,-1.3,0.3,15.2,1.5,4.0,0.3,1.2,66.0,23.8,0,1989
Rodney McCray,28.0,SAC,3238.0,16.7,0.568,7.9,2.0,3.3,16.6,4.6,8.2,0.9,0.7,82.0,39.5,0,1990
Michael Jordan,26.0,CHI,3197.0,31.2,0.606,19.0,11.2,10.6,33.6,6.3,6.9,0.7,2.8,82.0,39.0,0,1990
Reggie Miller,24.0,IND,3192.0,20.8,0.645,12.1,4.0,4.8,24.6,3.8,3.6,0.2,1.3,82.0,38.9,0,1990
Patrick Ewing,27.0,NYK,3165.0,25.8,0.599,13.5,5.5,6.0,28.6,2.2,10.9,4.0,1.0,82.0,38.6,0,1990
Tony Campbell,27.0,MIN,3164.0,17.1,0.52,5.3,0.3,1.8,23.2,2.6,5.5,0.4,1.4,82.0,38.6,0,1990
Scottie Pippen,24.0,CHI,3148.0,16.3,0.528,5.7,1.8,3.0,16.5,5.4,6.7,1.2,2.6,82.0,38.4,0,1990
Hakeem Olajuwon,27.0,HOU,3124.0,24.1,0.541,11.2,5.8,6.2,24.3,2.9,14.0,4.6,2.1,82.0,38.1,0,1990
Karl Malone,26.0,UTA,3122.0,27.2,0.626,15.9,6.4,6.6,31.0,2.8,11.1,0.6,1.5,82.0,38.1,0,1990
Charles Barkley,26.0,PHI,3085.0,27.1,0.661,17.3,8.2,8.0,25.2,3.9,11.5,0.6,1.9,79.0,39.1,0,1990
Tom Chambers,30.0,PHO,3046.0,20.9,0.579,11.2,2.3,3.3,27.2,2.3,7.0,0.6,1.1,81.0,37.6,0,1990
Tyrone Corbin,27.0,MIN,3011.0,15.9,0.512,6.8,0.9,2.2,14.7,2.6,7.4,0.5,2.1,82.0,36.7,0,1990
Derek Harper,28.0,DAL,3007.0,19.8,0.567,9.9,4.7,5.0,18.0,7.4,3.0,0.3,2.3,82.0,36.7,0,1990
David Robinson,24.0,SAS,3002.0,26.3,0.597,15.1,6.9,6.8,24.3,2.0,12.0,3.9,1.7,82.0,36.6,0,1990
Isiah Thomas,28.0,DET,2993.0,17.3,0.501,6.7,2.9,3.7,18.4,9.4,3.8,0.2,1.7,81.0,37.0,0,1990
James Worthy,28.0,LAL,2960.0,19.8,0.586,10.6,3.8,4.3,21.1,3.6,6.0,0.6,1.2,80.0,37.0,0,1990
Otis Thorpe,27.0,HOU,2947.0,16.1,0.587,8.5,0.7,2.0,17.1,3.2,9.0,0.3,0.8,82.0,35.9,0,1990
Larry Bird,33.0,BOS,2944.0,21.9,0.546,9.5,5.3,5.5,24.3,7.5,9.5,0.8,1.4,75.0,39.3,0,1990
Magic Johnson,30.0,LAL,2937.0,26.6,0.622,16.5,10.1,8.9,22.3,11.5,6.6,0.4,1.7,79.0,37.2,1,1990
Wayman Tisdale,25.0,SAC,2937.0,18.1,0.565,7.0,-0.3,1.3,22.3,1.4,7.5,0.7,0.7,79.0,37.2,0,1990
Rolando Blackman,30.0,DAL,2934.0,17.0,0.552,6.8,0.9,2.2,19.4,3.6,3.5,0.3,1.0,80.0,36.7,0,1990
John Stockton,27.0,UTA,2915.0,23.9,0.607,14.4,8.9,8.0,17.2,14.5,2.6,0.2,2.7,78.0,37.4,0,1990
Craig Ehlo,28.0,CLE,2894.0,14.5,0.539,6.5,1.1,2.3,13.6,4.6,5.4,0.3,1.6,81.0,35.7,0,1990
Dominique Wilkins,30.0,ATL,2888.0,24.6,0.556,11.1,5.4,5.4,26.7,2.5,6.5,0.6,1.6,80.0,36.1,0,1990
Darrell Walker,28.0,WSB,2883.0,15.6,0.492,6.3,2.3,3.1,9.5,8.0,8.8,0.4,1.7,81.0,35.6,0,1990
Vern Fleming,27.0,IND,2876.0,16.3,0.561,6.7,0.8,2.0,14.3,7.4,3.9,0.1,1.1,82.0,35.1,0,1990
Johnny Dawkins,26.0,PHI,2865.0,16.0,0.549,6.4,0.8,2.0,14.3,7.4,3.0,0.1,1.5,81.0,35.4,0,1990
Hersey Hawkins,23.0,PHI,2856.0,17.0,0.57,8.0,1.7,2.7,18.5,3.2,3.7,0.3,1.6,82.0,34.8,0,1990
Jerome Kersey,27.0,POR,2843.0,15.7,0.521,8.8,1.8,2.7,16.0,2.3,8.4,0.8,1.5,82.0,34.7,0,1990
Buck Johnson,26.0,HOU,2832.0,12.9,0.534,6.2,-0.6,1.0,14.8,3.1,4.6,0.8,1.3,82.0,34.5,0,1990
Fat Lever,29.0,DEN,2832.0,19.9,0.504,8.8,4.9,4.9,18.3,6.5,9.3,0.2,2.1,79.0,35.8,0,1990
Chris Mullin,26.0,GSW,2830.0,22.7,0.643,10.2,5.0,5.0,25.1,4.1,5.9,0.6,1.6,78.0,36.3,0,1990
Terry Cummings,28.0,SAS,2821.0,19.6,0.527,8.7,1.7,2.7,22.4,2.7,8.4,0.6,1.4,81.0,34.8,0,1990
Jay Humphries,27.0,MIL,2818.0,16.4,0.547,7.6,1.4,2.4,15.3,5.8,3.3,0.1,1.9,81.0,34.8,0,1990
Buck Williams,29.0,POR,2801.0,14.3,0.597,8.7,0.7,1.9,13.6,1.4,9.8,0.5,0.8,82.0,34.2,0,1990
Mitch Richmond,24.0,GSW,2799.0,17.0,0.576,5.2,-0.4,1.2,22.1,2.9,4.6,0.3,1.3,78.0,35.9,0,1990
Willie Anderson,23.0,SAS,2788.0,15.2,0.532,6.5,1.3,2.4,15.7,4.4,4.5,0.7,1.4,82.0,34.0,0,1990
Kevin Johnson,23.0,PHO,2782.0,22.8,0.585,11.6,5.0,4.9,22.5,11.4,3.6,0.2,1.3,74.0,37.6,0,1990
Terry Porter,26.0,POR,2781.0,20.0,0.597,11.7,5.8,5.4,17.6,9.1,3.4,0.1,1.9,80.0,34.8,0,1990
Hot Rod Williams,27.0,CLE,2776.0,19.0,0.546,8.7,2.1,2.9,16.8,2.0,8.1,2.0,1.0,82.0,33.9,0,1990
J.R. Reid,21.0,CHH,2757.0,10.2,0.482,1.1,-4.2,-1.5,11.1,1.2,8.4,0.7,1.1,82.0,33.6,0,1990
Horace Grant,24.0,CHI,2753.0,16.6,0.555,8.0,1.1,2.1,13.4,2.8,7.9,1.1,1.2,80.0,34.4,0,1990
Derrick McKey,23.0,SEA,2748.0,15.6,0.557,6.3,1.1,2.2,15.7,2.3,6.1,1.0,1.1,80.0,34.4,0,1990
Muggsy Bogues,25.0,CHH,2743.0,16.9,0.528,6.7,2.2,2.9,9.4,10.7,2.6,0.0,2.0,81.0,33.9,0,1990
Moses Malone,34.0,ATL,2735.0,20.2,0.564,7.7,0.3,1.6,18.9,1.6,10.0,1.0,0.6,81.0,33.8,0,1990
Charles Smith,24.0,LAC,2732.0,19.5,0.589,9.4,1.9,2.7,21.1,1.5,6.7,1.5,1.1,78.0,35.0,0,1990
Danny Ainge,30.0,SAC,2727.0,16.1,0.528,4.8,1.1,2.1,17.9,6.0,4.3,0.2,1.5,75.0,36.4,0,1990
Kevin McHale,32.0,BOS,2722.0,21.8,0.623,11.1,3.4,3.8,20.9,2.1,8.3,1.9,0.4,82.0,33.2,0,1990
Chuck Person,25.0,IND,2714.0,16.6,0.557,5.4,-0.1,1.3,19.7,3.0,5.8,0.3,0.7,77.0,35.2,0,1990
A.C. Green,26.0,LAL,2709.0,14.7,0.548,7.7,-0.6,1.0,12.9,1.1,8.7,0.6,0.8,82.0,33.0,0,1990
Mark Price,25.0,CLE,2706.0,21.1,0.589,10.1,5.2,4.9,19.6,9.1,3.4,0.1,1.6,73.0,37.1,0,1990
Michael Adams,27.0,DEN,2690.0,15.4,0.542,6.9,1.8,2.6,15.5,6.3,2.8,0.0,1.5,79.0,34.1,0,1990
Bernard King,33.0,WSB,2687.0,18.8,0.545,5.5,0.5,1.7,22.4,4.6,4.9,0.1,0.6,82.0,32.8,0,1990
Clyde Drexler,27.0,POR,2683.0,22.2,0.551,11.6,7.3,6.3,23.3,5.9,6.9,0.7,2.0,73.0,36.8,0,1990
Bill Laimbeer,32.0,DET,2675.0,15.8,0.564,10.1,3.3,3.6,12.1,2.1,9.6,1.0,0.7,81.0,33.0,0,1990
Sam Perkins,28.0,DAL,2668.0,17.3,0.564,8.1,1.7,2.5,15.9,2.3,7.5,0.8,1.2,76.0,35.1,0,1990
Tim Hardaway,23.0,GSW,2663.0,16.0,0.525,3.3,-0.2,1.2,14.7,8.7,3.9,0.2,2.1,79.0,33.7,0,1990
Mike Gminski,30.0,PHI,2659.0,15.7,0.503,6.0,0.0,1.4,13.7,1.6,8.5,1.3,0.5,81.0,32.8,0,1990
Sleepy Floyd,29.0,HOU,2630.0,14.2,0.552,6.3,0.6,1.7,12.2,7.3,2.4,0.1,1.1,82.0,32.1,0,1990
Gerald Wilkins,26.0,NYK,2609.0,14.3,0.52,4.4,-0.3,1.1,14.5,4.0,4.5,0.3,1.2,82.0,31.8,0,1990
Alvin Robertson,27.0,MIL,2599.0,18.9,0.542,7.5,3.7,3.7,14.2,5.5,6.9,0.2,2.6,81.0,32.1,0,1990
Michael Cage,28.0,SEA,2595.0,14.5,0.54,6.8,0.0,1.3,9.7,0.9,10.0,0.5,1.0,82.0,31.6,0,1990
Byron Scott,28.0,LAL,2593.0,14.3,0.546,6.0,0.6,1.7,15.5,3.6,3.1,0.4,1.0,77.0,33.7,0,1990
Thurl Bailey,28.0,UTA,2583.0,13.4,0.527,4.6,-1.2,0.5,14.2,1.7,5.0,1.2,0.4,82.0,31.5,0,1990
Pooh Richardson,23.0,MIN,2581.0,15.8,0.482,4.4,1.4,2.2,11.4,6.8,2.6,0.3,1.6,82.0,31.5,0,1990
Joe Dumars,26.0,DET,2578.0,17.2,0.555,8.7,2.2,2.7,17.8,4.9,2.8,0.0,0.8,75.0,34.4,0,1990
Detlef Schrempf,27.0,IND,2573.0,17.6,0.611,8.1,1.4,2.2,16.2,3.2,7.9,0.2,0.8,78.0,33.0,0,1990
Jeff Malone,28.0,WSB,2567.0,18.5,0.529,5.2,0.0,1.3,24.3,3.2,2.7,0.1,0.6,75.0,34.2,0,1990
Dennis Hopson,24.0,NJN,2551.0,13.6,0.503,3.1,-1.0,0.6,15.8,1.9,3.5,0.6,1.3,79.0,32.3,0,1990
Reggie Lewis,24.0,BOS,2522.0,16.8,0.545,6.7,0.9,1.9,17.0,2.8,4.4,0.8,1.1,79.0,31.9,0,1990
Maurice Cheeks,33.0,2TM,2519.0,14.9,0.565,7.1,1.9,2.5,9.7,5.6,3.0,0.1,1.5,81.0,31.1,0,1990
Tod Murphy,26.0,MIN,2493.0,13.0,0.53,6.1,-0.4,1.0,8.3,1.3,6.9,0.7,0.9,82.0,30.4,0,1990
Sherman Douglas,23.0,MIA,2470.0,17.0,0.534,4.4,1.4,2.1,14.3,7.6,2.5,0.1,1.8,81.0,30.5,0,1990
Kevin Duckworth,25.0,POR,2462.0,13.3,0.517,4.8,-2.3,-0.2,16.2,1.1,6.2,0.4,0.4,82.0,30.0,0,1990
Terry Catledge,26.0,ORL,2462.0,15.0,0.525,2.5,-3.4,-0.9,19.4,1.0,7.6,0.2,0.5,74.0,33.3,0,1990
Chris Morris,24.0,NJN,2449.0,14.8,0.493,3.2,0.6,1.6,14.8,1.8,5.3,1.0,1.6,80.0,30.6,0,1990
Xavier McDaniel,26.0,SEA,2432.0,17.9,0.533,5.4,0.6,1.6,21.3,2.5,6.5,0.5,1.1,69.0,35.2,0,1990
Mark Jackson,24.0,NYK,2428.0,14.3,0.492,3.7,0.4,1.5,9.9,7.4,3.9,0.0,1.3,82.0,29.6,0,1990
Armen Gilliam,25.0,2TM,2426.0,16.6,0.565,4.5,-0.9,0.6,16.7,1.3,7.9,0.7,0.9,76.0,31.9,0,1990
Kenny Smith,24.0,2TM,2421.0,13.3,0.526,2.6,-1.7,0.2,11.9,5.6,2.0,0.1,1.0,79.0,30.6,0,1990
Sam Mitchell,26.0,MIN,2414.0,13.7,0.512,5.1,-2.4,-0.3,12.7,1.1,5.8,0.7,0.8,80.0,30.2,0,1990
Rony Seikaly,24.0,MIA,2409.0,15.9,0.53,3.2,-1.7,0.2,16.6,1.1,10.4,1.7,1.1,74.0,32.6,0,1990
Rik Smits,23.0,IND,2404.0,18.1,0.579,6.6,0.7,1.6,15.5,1.7,6.2,2.1,0.5,82.0,29.3,0,1990
Kelly Tripucka,30.0,CHH,2404.0,13.6,0.521,2.1,-1.8,0.1,15.6,2.8,4.1,0.2,0.9,79.0,30.4,0,1990
Mark West,29.0,PHO,2399.0,15.7,0.656,8.2,1.4,2.0,10.5,0.5,8.9,2.2,0.4,82.0,29.3,0,1990
Robert Parish,36.0,BOS,2396.0,19.2,0.616,7.8,1.1,1.9,15.7,1.3,10.1,0.9,0.5,79.0,30.3,0,1990
Dennis Rodman,28.0,DET,2377.0,15.4,0.608,9.3,1.6,2.2,8.8,0.9,9.7,0.7,0.6,82.0,29.0,0,1990
Terry Teagle,29.0,GSW,2376.0,14.8,0.529,2.7,-2.4,-0.3,16.1,1.9,4.5,0.2,1.1,82.0,29.0,0,1990
John Paxson,29.0,CHI,2365.0,12.7,0.555,4.8,-1.5,0.3,10.0,4.1,1.5,0.1,1.0,82.0,28.8,0,1990
Lester Conner,30.0,NJN,2355.0,12.8,0.486,3.7,-0.5,0.9,7.9,4.7,3.2,0.1,2.1,82.0,28.7,0,1990
Reggie Theus,32.0,ORL,2350.0,15.9,0.524,2.5,-1.2,0.5,18.9,5.4,2.9,0.2,0.8,76.0,30.9,0,1990
Nate McMillan,25.0,SEA,2338.0,14.4,0.517,4.9,2.6,2.7,6.4,7.3,4.9,0.5,1.7,82.0,28.5,0,1990
Ken Norman,25.0,LAC,2334.0,14.6,0.534,2.9,-0.9,0.6,16.1,2.3,6.7,0.8,1.1,70.0,33.3,0,1990
Benoit Benjamin,25.0,LAC,2313.0,16.7,0.578,5.4,1.6,2.1,13.5,2.2,9.3,2.6,0.8,71.0,32.6,0,1990
Glen Rice,22.0,MIA,2311.0,11.3,0.466,1.4,-3.2,-0.7,13.6,1.8,4.6,0.4,0.9,77.0,30.0,0,1990
James Edwards,34.0,DET,2283.0,13.3,0.549,5.6,-1.7,0.1,14.5,0.8,4.2,0.5,0.3,82.0,27.8,0,1990
Mark Eaton,33.0,UTA,2281.0,10.6,0.561,5.3,0.4,1.4,4.8,0.5,7.3,2.5,0.4,82.0,27.8,0,1990
Jeff Hornacek,26.0,PHO,2278.0,19.6,0.596,8.7,4.6,3.8,17.6,5.0,4.7,0.2,1.7,67.0,34.0,0,1990
Johnny Newman,26.0,NYK,2277.0,12.7,0.562,4.5,-1.1,0.5,12.9,2.3,2.4,0.3,1.2,80.0,28.5,0,1990
Kevin Willis,27.0,ATL,2273.0,15.7,0.551,4.7,-1.7,0.1,12.4,0.7,8.0,0.6,0.8,81.0,28.1,0,1990
Rick Mahorn,31.0,PHI,2271.0,13.9,0.546,5.3,-0.4,0.9,10.8,1.3,7.6,1.4,0.6,75.0,30.3,0,1990
Danny Manning,23.0,LAC,2269.0,16.3,0.584,5.3,0.4,1.4,16.3,2.6,5.9,0.5,1.3,71.0,32.0,0,1990
James Donaldson,32.0,DAL,2265.0,12.2,0.581,4.5,-1.5,0.3,9.1,0.8,8.6,0.6,0.3,73.0,31.0,0,1990
Jack Sikma,34.0,MIL,2250.0,14.7,0.524,5.0,0.6,1.5,13.9,3.2,6.9,0.7,1.1,71.0,31.7,0,1990
Dan Majerle,24.0,PHO,2244.0,13.5,0.498,5.5,1.3,1.9,11.1,2.6,5.9,0.4,1.4,73.0,30.7,0,1990
Charles Jones,32.0,WSB,2240.0,9.2,0.554,3.8,-0.5,0.9,3.2,1.7,6.2,2.4,0.6,81.0,27.7,0,1990
Fred Roberts,29.0,MIL,2235.0,11.6,0.553,3.5,-2.3,-0.1,10.5,1.8,3.8,0.3,0.7,82.0,27.3,0,1990
Purvis Short,32.0,NJN,2213.0,13.4,0.508,3.3,-2.0,0.0,13.1,1.8,3.0,0.2,0.8,82.0,27.0,0,1990
Alex English,36.0,DEN,2211.0,17.9,0.522,5.1,1.2,1.8,17.9,2.8,3.6,0.3,0.6,80.0,27.6,0,1990
Kevin Edwards,24.0,MIA,2211.0,11.6,0.451,0.3,-2.1,0.0,12.0,3.2,3.6,0.4,1.6,78.0,28.3,0,1990
Sam Bowie,28.0,NJN,2207.0,16.2,0.499,4.7,-1.1,0.5,14.7,1.3,10.1,1.8,0.6,68.0,32.5,0,1990
Herb Williams,31.0,DAL,2199.0,10.4,0.476,2.2,-2.0,0.0,8.6,1.5,4.8,1.3,0.6,81.0,27.1,0,1990
Charles Oakley,26.0,NYK,2196.0,15.9,0.58,6.0,-0.3,0.9,14.6,2.4,11.9,0.3,1.0,61.0,36.0,0,1990
Spud Webb,26.0,ATL,2184.0,15.3,0.538,4.5,0.5,1.4,9.2,5.8,2.5,0.1,1.3,82.0,26.6,0,1990
Bob Hansen,29.0,UTA,2174.0,8.5,0.517,2.8,-2.1,-0.1,7.6,1.8,2.8,0.1,0.6,81.0,26.8,0,1990
Bill Cartwright,32.0,CHI,2160.0,12.8,0.562,4.5,-2.5,-0.3,11.4,2.0,6.5,0.5,0.5,71.0,30.4,0,1990
Billy Thompson,26.0,MIA,2142.0,14.7,0.536,3.6,-0.2,1.0,11.0,2.1,7.0,1.1,0.7,79.0,27.1,0,1990
Rod Strickland,23.0,2TM,2140.0,15.7,0.494,4.3,1.2,1.7,10.6,5.7,3.2,0.2,1.5,82.0,26.1,0,1990
LaSalle Thompson,28.0,IND,2126.0,10.3,0.523,2.4,-2.6,-0.3,6.8,1.3,7.7,0.9,0.8,82.0,25.9,0,1990
Ron Anderson,31.0,PHI,2089.0,13.9,0.499,3.8,-1.4,0.3,11.9,1.8,3.8,0.2,0.9,78.0,26.8,0,1990
Larry Nance,30.0,CLE,2065.0,19.1,0.554,6.5,2.7,2.4,16.3,2.6,8.3,2.0,0.9,62.0,33.3,0,1990
Dennis Johnson,35.0,BOS,2036.0,12.4,0.495,3.8,-0.3,0.9,7.1,6.5,2.7,0.2,1.1,75.0,27.1,0,1990
Dale Ellis,29.0,SEA,2033.0,19.0,0.58,6.4,2.5,2.3,23.5,2.0,4.3,0.1,1.1,55.0,37.0,0,1990
Sean Elliott,21.0,SAS,2032.0,12.5,0.546,4.6,-1.1,0.4,10.0,1.9,3.7,0.2,0.6,81.0,25.1,0,1990
Mark Aguirre,30.0,DET,2005.0,15.8,0.544,5.7,1.0,1.5,14.1,1.9,3.9,0.2,0.4,78.0,25.7,0,1990
Blair Rasmussen,27.0,DEN,1995.0,16.0,0.525,5.2,-1.0,0.5,12.4,1.0,7.3,1.3,0.5,81.0,24.6,0,1990
Rod Higgins,30.0,GSW,1993.0,15.5,0.6,5.0,1.0,1.5,11.1,1.6,5.1,0.6,0.6,82.0,24.3,0,1990
Vernon Maxwell,24.0,2TM,1987.0,11.5,0.496,2.8,-1.1,0.5,9.0,3.7,2.9,0.1,1.1,79.0,25.2,0,1990
Vinnie Johnson,33.0,DET,1972.0,12.9,0.467,3.2,-0.1,0.9,9.8,3.1,3.1,0.2,0.9,82.0,24.0,0,1990
Brad Lohaus,25.0,2TM,1943.0,13.6,0.517,3.3,0.3,1.1,9.2,2.1,5.0,1.1,0.7,80.0,24.3,0,1990
John Salley,25.0,DET,1914.0,13.5,0.575,6.1,1.5,1.7,7.2,0.8,5.4,1.9,0.6,82.0,23.3,0,1990
Kurt Rambis,31.0,2TM,1904.0,12.1,0.539,4.1,0.7,1.3,6.2,1.8,7.1,0.5,1.4,74.0,25.7,0,1990
Mark Alarie,26.0,WSB,1893.0,14.1,0.51,3.1,-1.3,0.3,10.5,1.7,4.6,0.5,0.7,82.0,23.1,0,1990
Blue Edwards,24.0,UTA,1889.0,10.7,0.556,2.7,-2.3,-0.1,8.9,1.8,3.1,0.4,0.9,82.0,23.0,0,1990
Mychal Thompson,35.0,LAL,1883.0,13.4,0.542,4.7,-2.0,0.0,10.1,0.6,6.8,1.0,0.5,70.0,26.9,0,1990
Randy Breuer,29.0,2TM,1879.0,13.0,0.462,2.0,-2.3,-0.2,8.9,1.2,5.1,1.3,0.5,81.0,23.2,0,1990
Sidney Green,29.0,ORL,1860.0,12.7,0.501,1.7,-3.4,-0.6,10.4,1.4,8.1,0.4,0.7,73.0,25.5,0,1990
Dell Curry,25.0,CHH,1860.0,15.9,0.517,1.8,0.9,1.4,16.0,2.4,2.5,0.4,1.5,67.0,27.8,0,1990
Vinny Del Negro,23.0,SAC,1858.0,12.6,0.52,2.2,-2.1,-0.1,9.7,3.3,2.6,0.1,0.8,76.0,24.4,0,1990
Grant Long,23.0,MIA,1856.0,11.6,0.538,2.7,-2.3,-0.1,8.5,1.2,5.0,0.5,1.1,81.0,22.9,0,1990
David Wingate,26.0,SAS,1856.0,9.4,0.488,1.9,-1.7,0.1,6.8,2.7,2.5,0.2,1.1,78.0,23.8,0,1990
Mitchell Wiggins,30.0,HOU,1852.0,16.3,0.535,5.4,0.2,1.0,15.5,1.6,4.3,0.0,1.3,66.0,28.1,0,1990
Michael Cooper,33.0,LAL,1851.0,9.6,0.482,2.7,-0.7,0.6,6.4,2.7,2.8,0.5,0.8,80.0,23.1,0,1990
Harvey Grant,24.0,WSB,1846.0,12.0,0.502,2.6,-2.2,-0.1,8.2,1.6,4.2,0.5,0.6,81.0,22.8,0,1990
Jerry Reynolds,27.0,ORL,1817.0,14.1,0.486,1.3,-0.6,0.6,12.8,2.7,4.8,1.0,1.4,67.0,27.1,0,1990
Eddie Johnson,30.0,PHO,1811.0,14.9,0.542,3.9,-0.9,0.5,16.9,1.7,3.8,0.2,0.5,64.0,28.3,0,1990
Nick Anderson,22.0,ORL,1785.0,14.9,0.536,1.8,-1.0,0.5,11.5,1.5,3.9,0.4,0.9,81.0,22.0,0,1990
Stacey King,23.0,CHI,1777.0,13.8,0.562,3.6,-3.0,-0.4,8.9,1.1,4.7,0.7,0.5,82.0,21.7,0,1990
Tellis Frank,24.0,MIA,1762.0,11.1,0.518,2.0,-3.9,-0.8,9.5,1.1,5.0,0.4,0.7,77.0,22.9,0,1990
Rex Chapman,22.0,CHH,1762.0,11.9,0.469,-0.7,-3.7,-0.8,17.5,2.4,3.3,0.1,0.9,54.0,32.6,0,1990
Winston Garland,25.0,2TM,1762.0,9.8,0.458,-0.3,-3.4,-0.6,7.3,3.8,2.7,0.1,1.0,79.0,22.3,0,1990
Rory Sparrow,31.0,MIA,1756.0,8.8,0.448,0.7,-4.0,-0.9,5.9,3.6,1.7,0.0,0.6,82.0,21.4,0,1990
Sidney Lowe,30.0,MIN,1744.0,8.7,0.37,1.5,-2.7,-0.3,2.3,4.2,2.0,0.1,0.9,80.0,21.8,0,1990
Antoine Carr,28.0,2TM,1727.0,16.4,0.557,3.5,-0.6,0.6,12.3,1.5,4.2,0.9,0.4,77.0,22.4,0,1990
Trent Tucker,30.0,NYK,1725.0,12.0,0.518,3.3,0.0,0.9,8.2,2.1,2.1,0.1,0.9,81.0,21.3,0,1990
Tom Garrick,23.0,LAC,1721.0,11.8,0.539,2.5,-1.3,0.3,7.0,4.0,2.2,0.1,1.2,73.0,23.6,0,1990
Joe Barry Carroll,31.0,2TM,1721.0,12.6,0.455,0.7,-2.9,-0.4,10.0,1.3,5.8,1.5,0.6,76.0,22.6,0,1990
Ricky Pierce,30.0,MIL,1709.0,21.9,0.592,5.8,2.9,2.1,23.0,2.3,2.8,0.1,0.8,59.0,29.0,0,1990
Cliff Levingston,29.0,ATL,1706.0,12.1,0.54,3.4,-0.7,0.5,6.9,1.1,4.3,0.5,0.7,75.0,22.7,0,1990
Ledell Eackles,23.0,WSB,1696.0,14.3,0.496,1.0,-3.2,-0.5,13.5,2.3,2.2,0.1,0.6,78.0,21.7,0,1990
Šarūnas Marčiulionis,25.0,GSW,1695.0,15.5,0.616,3.8,-0.8,0.5,12.1,1.6,2.9,0.1,1.3,75.0,22.6,0,1990
Mark Acres,27.0,ORL,1691.0,8.3,0.536,1.6,-3.7,-0.7,4.5,0.8,5.4,0.3,0.5,80.0,21.1,0,1990
Steve Kerr,24.0,CLE,1664.0,12.0,0.56,3.2,-0.8,0.5,6.7,3.2,1.3,0.1,0.6,78.0,21.3,0,1990
Sam Vincent,26.0,ORL,1657.0,15.4,0.536,2.4,0.4,1.0,11.2,5.6,3.1,0.3,1.0,63.0,26.3,0,1990
Roy Tarpley,25.0,DAL,1648.0,18.0,0.491,3.5,-0.3,0.7,16.8,1.5,13.1,1.6,1.8,45.0,36.6,0,1990
Otis Smith,26.0,ORL,1644.0,17.2,0.543,3.3,1.5,1.5,13.5,2.3,4.6,0.9,1.2,65.0,25.3,0,1990
Walter Davis,35.0,DEN,1635.0,18.3,0.533,3.6,0.8,1.1,17.5,2.2,2.6,0.1,0.9,69.0,23.7,0,1990
Dana Barros,22.0,SEA,1630.0,12.8,0.497,1.8,-0.6,0.6,9.7,2.5,1.6,0.0,0.7,81.0,20.1,0,1990
Randolph Keys,23.0,2TM,1615.0,10.9,0.474,1.0,-4.0,-0.8,8.8,1.1,3.2,0.1,0.9,80.0,20.2,0,1990
Vlade Divac,21.0,LAL,1611.0,17.5,0.544,5.0,0.7,1.1,8.5,0.9,6.2,1.4,1.0,82.0,19.6,0,1990
Bill Hanzlik,32.0,DEN,1605.0,10.3,0.525,2.9,-1.1,0.3,6.2,2.3,2.6,0.4,1.0,81.0,19.8,0,1990
Harold Pressley,26.0,SAC,1603.0,13.7,0.506,2.3,0.0,0.8,8.8,2.1,4.3,0.5,0.8,72.0,22.3,0,1990
Kenny Walker,25.0,NYK,1595.0,12.7,0.581,4.0,-1.2,0.3,7.9,0.7,5.0,0.8,0.5,68.0,23.5,0,1990
Clifford Robinson,23.0,POR,1565.0,9.3,0.433,0.3,-5.0,-1.2,9.1,0.9,3.8,0.6,0.6,82.0,19.1,0,1990
Chris Mullin,27.0,GSW,3315.0,21.4,0.618,12.2,4.7,5.6,25.7,4.0,5.4,0.8,2.1,82.0,40.4,0,1991
Karl Malone,27.0,UTA,3302.0,24.8,0.596,15.5,5.4,6.2,29.0,3.3,11.8,1.0,1.1,82.0,40.3,0,1991
Tim Hardaway,24.0,GSW,3215.0,20.9,0.547,9.9,4.4,5.2,22.9,9.7,4.0,0.1,2.6,82.0,39.2,0,1991
Tyrone Corbin,28.0,MIN,3196.0,16.6,0.499,5.4,0.9,2.3,18.0,4.2,7.2,0.6,2.0,82.0,39.0,0,1991
Pooh Richardson,24.0,MIN,3154.0,18.1,0.492,5.9,2.0,3.2,17.1,9.0,3.5,0.2,1.6,82.0,38.5,0,1991
Sam Mitchell,27.0,MIN,3121.0,12.3,0.505,5.1,-3.2,-0.9,14.6,1.6,6.3,0.7,0.8,82.0,38.1,0,1991
Hersey Hawkins,24.0,PHI,3110.0,19.4,0.592,9.8,3.3,4.1,22.1,3.7,3.9,0.5,2.2,80.0,38.9,0,1991
Patrick Ewing,28.0,NYK,3104.0,23.7,0.561,10.0,4.2,4.9,26.6,3.0,11.2,3.2,1.0,81.0,38.3,0,1991
John Stockton,28.0,UTA,3103.0,23.4,0.604,14.0,8.3,8.1,17.2,14.2,2.9,0.2,2.9,82.0,37.8,0,1991
David Robinson,25.0,SAS,3095.0,27.4,0.615,17.0,8.5,8.2,25.6,2.5,13.0,3.9,1.5,82.0,37.7,0,1991
Dominique Wilkins,31.0,ATL,3078.0,23.5,0.555,11.4,4.9,5.4,25.9,3.3,9.0,0.8,1.5,81.0,38.0,0,1991
Joe Dumars,27.0,DET,3046.0,18.0,0.552,9.9,2.7,3.6,20.4,5.5,2.3,0.1,1.1,80.0,38.1,0,1991
Sean Elliott,22.0,SAS,3044.0,14.2,0.564,8.8,0.8,2.1,15.9,2.9,5.6,0.4,0.8,82.0,37.1,0,1991
Otis Thorpe,28.0,HOU,3039.0,17.2,0.598,10.4,1.2,2.5,17.5,2.4,10.3,0.2,0.9,82.0,37.1,0,1991
Michael Jordan,27.0,CHI,3034.0,31.6,0.605,20.3,12.0,10.8,31.5,5.5,6.0,1.0,2.7,82.0,37.0,1,1991
Mitch Richmond,25.0,GSW,3027.0,17.8,0.565,7.1,1.0,2.3,23.9,3.1,5.9,0.4,1.6,77.0,39.3,0,1991
Scottie Pippen,25.0,CHI,3014.0,20.6,0.561,11.2,5.8,5.9,17.8,6.2,7.3,1.1,2.4,82.0,36.8,0,1991
James Worthy,29.0,LAL,3008.0,18.1,0.531,9.0,2.5,3.4,21.4,3.5,4.6,0.4,1.3,78.0,38.6,0,1991
Lionel Simmons,22.0,SAC,2978.0,15.4,0.476,2.7,-0.4,1.2,18.0,4.0,8.8,1.1,1.4,79.0,37.7,0,1991
Reggie Miller,25.0,IND,2972.0,21.2,0.65,12.5,4.2,4.6,22.6,4.0,3.4,0.2,1.3,82.0,36.2,0,1991
Rolando Blackman,31.0,DAL,2965.0,16.6,0.545,5.5,0.0,1.5,19.9,3.8,3.2,0.2,0.9,80.0,37.1,0,1991
Reggie Theus,33.0,NJN,2955.0,14.2,0.54,4.7,-1.1,0.6,18.6,4.7,2.8,0.4,1.0,81.0,36.5,0,1991
Brad Daugherty,25.0,CLE,2946.0,19.9,0.583,9.0,2.2,3.1,21.6,3.3,10.9,0.6,1.0,76.0,38.8,0,1991
Magic Johnson,31.0,LAL,2933.0,25.1,0.623,15.4,9.0,8.1,19.4,12.5,7.0,0.2,1.3,79.0,37.1,0,1991
Larry Nance,31.0,CLE,2927.0,20.6,0.567,9.8,3.6,4.2,19.2,3.0,8.6,2.5,0.8,80.0,36.6,0,1991
Tony Campbell,28.0,MIN,2893.0,16.6,0.494,3.7,-0.2,1.3,21.8,2.8,4.5,0.6,1.6,77.0,37.6,0,1991
Derek Harper,29.0,DAL,2879.0,19.4,0.543,7.6,3.1,3.7,19.7,7.1,3.0,0.2,1.9,77.0,37.4,0,1991
Reggie Lewis,25.0,BOS,2878.0,16.2,0.54,7.5,0.7,1.9,18.7,2.5,5.2,1.1,1.2,79.0,36.4,0,1991
Vernon Maxwell,25.0,HOU,2870.0,13.5,0.507,5.9,0.6,1.9,17.0,3.7,2.9,0.2,1.5,82.0,35.0,0,1991
Clyde Drexler,28.0,POR,2852.0,22.1,0.563,12.4,6.8,6.4,21.5,6.0,6.7,0.7,1.8,82.0,34.8,0,1991
Harvey Grant,25.0,WSB,2842.0,16.5,0.527,6.7,0.7,1.9,18.2,2.6,7.2,0.8,1.2,77.0,36.9,0,1991
James Donaldson,33.0,DAL,2800.0,12.3,0.572,4.3,-1.9,0.0,10.0,0.8,8.9,1.1,0.4,82.0,34.1,0,1991
Brian Shaw,24.0,BOS,2772.0,15.5,0.519,5.9,1.1,2.2,13.8,7.6,4.7,0.4,1.3,79.0,35.1,0,1991
Kevin Johnson,24.0,PHO,2772.0,23.7,0.604,12.7,6.6,6.0,22.2,10.1,3.5,0.1,2.1,77.0,36.0,0,1991
Craig Ehlo,29.0,CLE,2766.0,12.0,0.498,3.4,-0.4,1.1,10.1,4.6,4.7,0.4,1.5,82.0,33.7,0,1991
Dennis Rodman,29.0,DET,2747.0,13.9,0.525,8.7,0.6,1.8,8.2,1.0,12.5,0.7,0.8,82.0,33.5,0,1991
Charles Oakley,27.0,NYK,2739.0,13.6,0.585,6.2,-1.0,0.7,11.2,2.7,12.1,0.2,0.8,76.0,36.0,0,1991
Jeff Hornacek,27.0,PHO,2733.0,17.8,0.587,9.7,3.3,3.7,16.9,5.1,4.0,0.2,1.4,80.0,34.2,0,1991
Jay Humphries,28.0,MIL,2726.0,17.4,0.57,8.6,2.1,2.9,15.2,6.7,2.8,0.1,1.6,80.0,34.1,0,1991
Scott Skiles,26.0,ORL,2714.0,17.8,0.563,7.0,1.9,2.7,17.2,8.4,3.4,0.1,1.1,79.0,34.4,0,1991
Kevin Gamble,25.0,BOS,2706.0,16.3,0.62,8.3,1.2,2.2,15.6,3.1,3.3,0.4,1.2,82.0,33.0,0,1991
Charles Smith,25.0,LAC,2703.0,17.6,0.536,7.4,1.1,2.1,20.0,1.8,8.2,2.0,1.1,74.0,36.5,0,1991
Kenny Smith,25.0,HOU,2699.0,18.3,0.599,9.0,2.9,3.3,17.7,7.1,2.1,0.1,1.4,78.0,34.6,0,1991
Bill Laimbeer,33.0,DET,2668.0,14.2,0.536,8.0,1.5,2.3,11.0,1.9,9.0,0.7,0.5,82.0,32.5,0,1991
Terry Porter,27.0,POR,2665.0,21.7,0.632,13.0,7.4,6.2,17.0,8.0,3.5,0.1,2.0,81.0,32.9,0,1991
Glen Rice,23.0,MIA,2646.0,14.1,0.522,4.4,-0.5,1.0,17.4,2.5,4.9,0.3,1.3,77.0,34.4,0,1991
Armen Gilliam,26.0,2TM,2644.0,15.5,0.542,4.6,-1.8,0.1,16.6,1.4,8.0,0.7,0.9,75.0,35.3,0,1991
Horace Grant,25.0,CHI,2641.0,17.6,0.585,10.3,2.5,3.0,12.8,2.3,8.4,0.9,1.2,78.0,33.9,0,1991
Xavier McDaniel,27.0,2TM,2634.0,15.2,0.527,5.1,-0.5,1.0,17.0,2.3,6.9,0.6,0.9,81.0,32.5,0,1991
Detlef Schrempf,28.0,IND,2632.0,18.6,0.618,9.0,2.0,2.6,16.1,3.7,8.0,0.3,0.7,82.0,32.1,0,1991
Byron Scott,29.0,LAL,2630.0,14.2,0.534,6.6,0.9,2.0,14.5,2.2,3.0,0.3,1.2,82.0,32.1,0,1991
Derrick Coleman,23.0,NJN,2602.0,17.6,0.527,5.8,0.4,1.5,18.4,2.2,10.3,1.3,1.0,74.0,35.2,0,1991
Alvin Robertson,28.0,MIL,2598.0,18.6,0.538,7.7,4.4,4.2,13.6,5.5,5.7,0.2,3.0,81.0,32.1,0,1991
Willie Anderson,24.0,SAS,2592.0,13.0,0.499,4.8,0.1,1.4,14.4,4.8,4.7,0.6,1.1,75.0,34.6,0,1991
Doc Rivers,29.0,ATL,2586.0,16.2,0.527,6.3,1.9,2.6,15.2,4.3,3.2,0.6,1.9,79.0,32.7,0,1991
Mookie Blaylock,23.0,NJN,2585.0,13.1,0.455,2.1,-0.7,0.9,14.1,6.1,3.5,0.6,2.3,72.0,35.9,0,1991
Buck Williams,30.0,POR,2582.0,14.3,0.639,8.5,0.5,1.6,11.7,1.2,9.4,0.6,0.6,80.0,32.3,0,1991
Mark Eaton,34.0,UTA,2580.0,9.5,0.599,5.5,-0.6,0.9,5.1,0.6,8.3,2.4,0.5,80.0,32.3,0,1991
Chuck Person,26.0,IND,2566.0,16.1,0.553,3.9,-0.7,0.8,18.4,3.0,5.2,0.2,0.7,80.0,32.1,0,1991
Sherman Douglas,24.0,MIA,2562.0,18.0,0.546,5.4,1.8,2.5,18.5,8.5,2.9,0.1,1.7,73.0,35.1,0,1991
Rodney McCray,29.0,DAL,2561.0,14.6,0.551,5.3,1.0,1.9,11.4,3.5,7.6,0.7,0.9,74.0,34.6,0,1991
Chris Morris,25.0,NJN,2553.0,14.7,0.487,4.5,1.0,1.9,13.2,2.8,6.6,1.2,1.7,79.0,32.3,0,1991
Antoine Carr,29.0,SAC,2527.0,18.3,0.554,5.4,0.8,1.8,20.1,2.5,5.5,1.3,0.6,77.0,32.8,0,1991
Grant Long,24.0,MIA,2514.0,12.2,0.554,5.0,-0.3,1.1,9.2,2.2,7.1,0.5,1.5,80.0,31.4,0,1991
Kevin Duckworth,26.0,POR,2511.0,12.7,0.525,4.3,-3.3,-0.8,15.8,1.1,6.6,0.4,0.4,81.0,31.0,0,1991
Sam Perkins,29.0,LAL,2504.0,14.8,0.567,8.0,0.9,1.9,13.5,1.5,7.4,1.1,0.9,73.0,34.3,0,1991
Derrick McKey,24.0,SEA,2503.0,15.7,0.575,6.4,1.1,1.9,15.3,2.3,5.8,0.8,1.2,73.0,34.3,0,1991
Charles Barkley,27.0,PHI,2498.0,28.9,0.635,13.4,9.3,7.0,27.6,4.2,10.1,0.5,1.6,67.0,37.3,0,1991
Thurl Bailey,29.0,UTA,2486.0,12.5,0.513,3.7,-1.4,0.4,12.4,1.5,5.0,1.1,0.6,82.0,30.3,0,1991
Johnny Newman,27.0,CHH,2477.0,15.1,0.559,4.1,-1.0,0.7,16.9,2.3,3.1,0.2,1.2,81.0,30.6,0,1991
Tom Chambers,31.0,PHO,2475.0,16.2,0.513,5.4,-0.9,0.7,19.9,2.6,6.4,0.7,0.9,76.0,32.6,0,1991
J.R. Reid,22.0,CHH,2467.0,10.8,0.508,1.8,-3.7,-1.1,11.3,1.1,6.3,0.6,1.1,80.0,30.8,0,1991
Jeff Malone,29.0,UTA,2466.0,14.4,0.56,5.1,-2.0,0.0,18.6,2.1,3.0,0.1,0.7,69.0,35.7,0,1991
Shawn Kemp,21.0,SEA,2442.0,17.6,0.551,6.1,0.0,1.2,15.0,1.8,8.4,1.5,1.0,81.0,30.1,0,1991
Robert Parish,37.0,BOS,2441.0,20.6,0.637,10.0,2.2,2.6,14.9,0.8,10.6,1.3,0.8,81.0,30.1,0,1991
Rick Mahorn,32.0,PHI,2439.0,11.8,0.535,4.4,-1.7,0.1,8.9,1.5,7.8,0.7,1.0,80.0,30.5,0,1991
Kiki Vandeweghe,32.0,NYK,2420.0,14.4,0.582,5.7,-0.8,0.7,16.3,1.5,2.4,0.1,0.6,75.0,32.3,0,1991
Bernard King,34.0,WSB,2401.0,19.1,0.527,3.5,1.1,1.8,28.4,4.6,5.0,0.3,0.9,64.0,37.5,0,1991
Vinnie Johnson,34.0,DET,2390.0,12.8,0.466,3.8,-0.2,1.1,11.7,3.3,3.4,0.2,0.9,82.0,29.1,0,1991
Rory Sparrow,32.0,SAC,2375.0,12.4,0.524,2.8,-1.5,0.3,10.4,4.5,2.3,0.2,1.0,80.0,29.7,0,1991
Kevin Willis,28.0,ATL,2373.0,15.3,0.533,4.4,-1.8,0.1,13.1,1.2,8.8,0.5,0.8,80.0,29.7,0,1991
Jerome Kersey,28.0,POR,2359.0,15.6,0.526,6.7,1.9,2.3,14.8,3.1,6.6,1.0,1.4,73.0,32.3,0,1991
Michael Adams,28.0,DEN,2346.0,22.3,0.53,6.3,5.3,4.3,26.5,10.5,3.9,0.1,2.2,66.0,35.5,0,1991
Ron Anderson,32.0,PHI,2340.0,15.5,0.524,4.1,-1.6,0.2,14.6,1.4,4.5,0.2,0.8,82.0,28.5,0,1991
Dennis Scott,22.0,ORL,2336.0,13.0,0.504,2.6,-1.5,0.3,15.7,1.6,2.9,0.3,0.8,82.0,28.5,0,1991
Blair Rasmussen,28.0,DEN,2325.0,11.7,0.473,1.7,-4.3,-1.3,12.5,1.0,9.7,1.9,0.7,70.0,33.2,0,1991
Vlade Divac,22.0,LAL,2310.0,17.7,0.606,8.3,2.3,2.5,11.2,1.1,8.1,1.5,1.3,82.0,28.2,0,1991
Ken Norman,26.0,LAC,2309.0,16.4,0.526,4.8,0.5,1.5,17.4,2.3,7.1,0.9,0.9,70.0,33.0,0,1991
Darrell Walker,29.0,WSB,2305.0,12.4,0.459,2.9,0.2,1.3,7.8,6.5,7.0,0.5,1.1,71.0,32.5,0,1991
Muggsy Bogues,26.0,CHH,2299.0,15.4,0.497,4.8,1.2,1.8,7.0,8.3,2.7,0.0,1.7,81.0,28.4,0,1991
Dan Majerle,25.0,PHO,2281.0,16.9,0.552,7.2,2.7,2.7,13.6,2.8,5.4,0.5,1.4,77.0,29.6,0,1991
Buck Johnson,27.0,HOU,2279.0,12.9,0.512,4.6,-0.8,0.7,13.6,1.9,4.5,0.6,1.1,73.0,31.2,0,1991
Larry Bird,34.0,BOS,2277.0,19.7,0.53,6.6,4.6,3.8,19.4,7.2,8.5,1.0,1.8,60.0,38.0,0,1991
Bill Cartwright,33.0,CHI,2273.0,11.5,0.522,4.2,-2.6,-0.4,9.6,1.6,6.2,0.2,0.4,79.0,28.8,0,1991
Rickey Green,36.0,PHI,2248.0,13.1,0.506,3.3,-2.0,0.0,10.0,5.2,1.7,0.1,0.7,79.0,28.5,0,1991
Gary Payton,22.0,SEA,2244.0,13.2,0.476,3.4,0.8,1.6,7.2,6.4,3.0,0.2,2.0,82.0,27.4,0,1991
Benoit Benjamin,26.0,2TM,2236.0,15.1,0.541,3.0,-1.1,0.5,14.0,1.7,10.3,2.1,0.8,70.0,31.9,0,1991
Danny Schayes,31.0,MIL,2228.0,14.8,0.587,6.8,-0.6,0.8,10.6,1.2,6.5,0.7,0.7,82.0,27.2,0,1991
Greg Kite,29.0,ORL,2225.0,7.4,0.504,2.0,-3.5,-0.8,4.8,0.7,7.2,1.0,0.3,82.0,27.1,0,1991
Spud Webb,27.0,ATL,2197.0,16.6,0.545,5.4,1.1,1.7,13.4,5.6,2.3,0.1,1.6,75.0,29.3,0,1991
Danny Manning,24.0,LAC,2197.0,16.9,0.557,5.2,2.0,2.2,15.9,2.7,5.8,0.8,1.6,73.0,30.1,0,1991
Mike Gminski,31.0,2TM,2196.0,14.0,0.481,2.9,-1.7,0.2,10.6,1.2,7.3,0.7,0.5,80.0,27.5,0,1991
Terry Cummings,29.0,SAS,2195.0,16.3,0.514,5.6,0.2,1.2,17.6,2.3,7.8,0.4,0.9,67.0,32.8,0,1991
Rony Seikaly,25.0,MIA,2171.0,15.2,0.522,3.0,-1.7,0.1,16.4,1.5,11.1,1.3,0.8,64.0,33.9,0,1991
Ricky Pierce,31.0,2TM,2167.0,21.0,0.586,7.9,2.3,2.4,20.5,2.2,2.4,0.2,0.8,78.0,27.8,0,1991
A.C. Green,27.0,LAL,2164.0,13.8,0.556,6.1,0.0,1.1,9.1,0.9,6.3,0.3,0.7,82.0,26.4,0,1991
Gerald Wilkins,27.0,NYK,2164.0,13.3,0.524,3.0,-1.0,0.5,13.8,4.0,3.0,0.3,1.2,68.0,31.8,0,1991
Maurice Cheeks,34.0,NYK,2147.0,14.2,0.548,5.2,1.3,1.7,7.8,5.7,2.3,0.1,1.7,76.0,28.3,0,1991
Travis Mays,22.0,SAC,2145.0,12.3,0.526,2.1,-1.9,0.0,14.3,4.0,2.8,0.2,1.3,64.0,33.5,0,1991
Michael Cage,29.0,SEA,2141.0,12.0,0.528,4.3,-0.2,0.9,6.4,1.1,6.8,0.7,1.0,82.0,26.1,0,1991
Fred Roberts,30.0,MIL,2114.0,13.4,0.583,4.2,-1.1,0.5,10.8,1.6,3.4,0.4,0.8,82.0,25.8,0,1991
Gary Grant,25.0,LAC,2105.0,12.1,0.476,1.7,-1.5,0.2,8.7,8.6,3.1,0.2,1.5,68.0,31.0,0,1991
Rex Chapman,23.0,CHH,2100.0,15.1,0.527,3.0,-0.5,0.8,15.7,3.6,2.7,0.2,1.0,70.0,30.0,0,1991
Felton Spencer,23.0,MIN,2099.0,13.8,0.581,5.6,-2.6,-0.3,7.1,0.3,7.9,1.5,0.6,81.0,25.9,0,1991
Olden Polynice,26.0,2TM,2092.0,14.0,0.576,5.2,-1.3,0.4,9.8,0.5,7.0,0.4,0.5,79.0,26.5,0,1991
Eddie Johnson,31.0,2TM,2085.0,17.8,0.548,5.5,-0.3,0.9,16.7,1.4,3.3,0.1,0.7,81.0,25.7,0,1991
Rod Strickland,24.0,SAS,2076.0,16.2,0.538,5.7,2.4,2.3,13.8,8.0,3.8,0.2,2.0,58.0,35.8,0,1991
Kevin McHale,33.0,BOS,2067.0,21.2,0.606,7.9,3.1,2.7,18.4,1.9,7.1,2.1,0.4,68.0,30.4,0,1991
Sedale Threatt,29.0,SEA,2066.0,15.5,0.556,4.6,0.3,1.2,12.7,3.4,1.2,0.1,1.4,80.0,25.8,0,1991
Hakeem Olajuwon,28.0,HOU,2062.0,24.3,0.549,8.6,6.2,4.3,21.2,2.3,13.8,3.9,2.2,56.0,36.8,0,1991
Haywoode Workman,25.0,WSB,2034.0,11.5,0.507,2.5,-1.6,0.2,8.0,4.8,3.3,0.1,1.2,73.0,27.9,0,1991
Rod Higgins,31.0,GSW,2024.0,13.4,0.589,5.3,0.7,1.4,9.5,1.4,4.3,0.5,0.6,82.0,24.7,0,1991
Mark Aguirre,31.0,DET,2006.0,16.7,0.526,5.5,1.4,1.7,14.2,1.8,4.8,0.3,0.6,78.0,25.7,0,1991
Kevin Edwards,25.0,MIA,2000.0,13.7,0.468,1.6,-0.2,0.9,12.1,3.0,2.6,0.6,1.6,79.0,25.3,0,1991
John Paxson,30.0,CHI,1971.0,14.0,0.596,5.7,0.3,1.1,8.7,3.6,1.1,0.0,0.8,82.0,24.0,0,1991
Nick Anderson,23.0,ORL,1971.0,15.1,0.51,3.1,0.3,1.1,14.1,1.5,5.5,0.6,1.1,70.0,28.2,0,1991
Mark West,30.0,PHO,1957.0,14.6,0.665,6.5,1.0,1.5,7.7,0.5,6.9,2.0,0.4,82.0,23.9,0,1991
LaSalle Thompson,29.0,IND,1946.0,11.2,0.512,1.2,-2.7,-0.3,7.6,1.8,6.9,0.8,0.8,82.0,23.7,0,1991
Dee Brown,22.0,BOS,1945.0,13.2,0.523,3.5,-0.9,0.5,8.7,4.2,2.2,0.2,1.0,82.0,23.7,0,1991
Kendall Gill,22.0,CHH,1944.0,15.4,0.494,1.8,0.7,1.3,11.0,3.7,3.2,0.5,1.3,82.0,23.7,0,1991
Pervis Ellison,23.0,WSB,1942.0,15.9,0.542,4.0,-0.6,0.7,10.4,1.3,7.7,2.1,0.6,76.0,25.6,0,1991
Clifford Robinson,24.0,POR,1940.0,14.1,0.507,4.2,-0.4,0.8,11.7,1.8,4.3,0.9,1.0,82.0,23.7,0,1991
Jack Sikma,35.0,MIL,1940.0,13.7,0.516,3.5,-0.5,0.8,10.4,1.9,5.7,0.8,0.8,77.0,25.2,0,1991
Jon Koncak,27.0,ATL,1931.0,8.4,0.454,2.5,-0.7,0.6,4.1,1.6,4.9,1.0,1.0,77.0,25.1,0,1991
Vern Fleming,28.0,IND,1929.0,17.2,0.571,4.4,1.6,1.8,12.7,5.3,3.1,0.2,1.1,69.0,28.0,0,1991
Willie Burton,22.0,MIA,1928.0,11.5,0.507,2.1,-3.4,-0.7,12.0,1.4,3.4,0.3,0.9,76.0,25.4,0,1991
Larry Smith,33.0,HOU,1923.0,10.3,0.47,4.4,-1.0,0.5,3.3,1.1,8.8,0.3,1.0,81.0,23.7,0,1991
Sam Bowie,29.0,NJN,1916.0,14.1,0.486,2.6,-0.8,0.5,12.9,2.4,7.7,1.5,0.7,62.0,30.9,0,1991
Moses Malone,35.0,ATL,1912.0,18.2,0.57,5.6,-0.5,0.7,10.6,0.8,8.1,0.9,0.4,82.0,23.3,0,1991
Frank Brickowski,31.0,MIL,1912.0,16.4,0.578,4.7,0.1,1.0,12.6,1.7,5.7,0.6,1.1,75.0,25.5,0,1991
James Edwards,35.0,DET,1903.0,12.7,0.533,3.5,-2.7,-0.4,13.6,0.9,3.8,0.4,0.2,72.0,26.4,0,1991
Randy White,23.0,DAL,1901.0,10.8,0.455,0.7,-5.2,-1.5,8.8,0.8,6.4,0.6,1.0,79.0,24.1,0,1991
Reggie Williams,26.0,2TM,1896.0,14.8,0.526,3.3,0.1,1.0,13.6,1.8,4.2,0.6,1.5,73.0,26.0,0,1991
Otis Smith,27.0,ORL,1885.0,17.2,0.505,3.5,1.3,1.6,13.9,2.3,5.2,0.5,1.1,75.0,25.1,0,1991
John Battle,28.0,ATL,1863.0,16.4,0.538,4.0,-0.9,0.5,13.6,2.7,2.0,0.1,0.6,79.0,23.6,0,1991
Sleepy Floyd,30.0,HOU,1850.0,16.1,0.48,3.7,1.2,1.5,12.3,3.9,1.9,0.2,1.2,82.0,22.6,0,1991
Jerry Reynolds,28.0,ORL,1843.0,17.8,0.529,3.7,2.3,2.0,12.9,2.5,3.7,0.7,1.2,80.0,23.0,0,1991
Darnell Valentine,31.0,CLE,1841.0,13.5,0.533,3.1,-0.9,0.5,9.4,5.4,2.6,0.2,1.5,65.0,28.3,0,1991
Herb Williams,32.0,DAL,1832.0,13.1,0.524,1.7,-2.1,-0.1,12.5,1.6,6.0,1.5,0.5,60.0,30.5,0,1991
Orlando Woolridge,31.0,DEN,1823.0,19.5,0.565,3.9,0.3,1.1,25.1,2.2,6.8,0.4,1.3,53.0,34.4,0,1991
Alex English,37.0,DAL,1748.0,12.2,0.48,0.6,-3.7,-0.8,9.7,1.3,3.2,0.3,0.5,79.0,22.1,0,1991
B.J. Armstrong,23.0,CHI,1731.0,14.8,0.529,4.1,-0.5,0.7,8.8,3.7,1.8,0.0,0.9,82.0,21.1,0,1991
Duane Causwell,22.0,SAC,1719.0,13.0,0.541,2.8,-1.4,0.3,6.9,0.9,5.1,1.9,0.6,76.0,22.6,0,1991
Danny Ainge,31.0,POR,1710.0,17.0,0.574,6.2,3.7,2.5,11.1,3.6,2.6,0.2,0.8,80.0,21.4,0,1991
Micheal Williams,24.0,IND,1706.0,19.5,0.608,5.7,3.2,2.3,11.1,4.8,2.4,0.2,2.1,73.0,23.4,0,1991
Winston Garland,26.0,LAC,1702.0,12.1,0.48,2.4,-0.9,0.5,8.2,4.6,2.9,0.1,1.4,69.0,24.7,0,1991
Rik Smits,24.0,IND,1690.0,14.9,0.525,2.9,-2.1,-0.1,10.9,1.1,4.7,1.5,0.3,76.0,22.2,0,1991
Jeff Turner,28.0,ORL,1683.0,9.7,0.524,1.2,-4.2,-0.9,8.6,1.4,5.1,0.1,0.4,71.0,23.7,0,1991
Paul Pressey,32.0,SAS,1683.0,11.4,0.545,3.2,-0.1,0.8,7.5,3.9,2.5,0.5,0.9,70.0,24.0,0,1991
Danny Ferry,24.0,CLE,1661.0,10.9,0.491,1.0,-4.0,-0.8,8.6,1.8,3.5,0.3,0.5,81.0,20.5,0,1991
Isiah Thomas,29.0,DET,1657.0,17.4,0.507,3.4,2.7,2.0,16.2,9.3,3.3,0.2,1.6,48.0,34.5,0,1991
John Salley,26.0,DET,1649.0,13.6,0.556,4.8,1.1,1.3,7.4,0.9,4.4,1.5,0.7,74.0,22.3,0,1991
Ledell Eackles,24.0,WSB,1616.0,12.9,0.505,1.2,-3.3,-0.6,13.0,2.0,1.9,0.1,0.7,67.0,24.1,0,1991
Blue Edwards,25.0,UTA,1611.0,10.4,0.559,2.2,-2.2,-0.1,9.3,1.7,3.2,0.5,0.9,62.0,26.0,0,1991
Mark Jackson,25.0,NYK,1595.0,18.2,0.545,4.2,2.5,1.8,8.8,6.3,2.7,0.1,0.8,72.0,22.2,0,1991
Joe Wolf,26.0,DEN,1593.0,10.1,0.485,0.7,-4.1,-0.9,7.3,1.4,5.4,0.4,0.8,74.0,21.5,0,1991
Chris Mullin,28.0,GSW,3346.0,19.9,0.586,10.8,3.7,4.8,25.6,3.5,5.6,0.8,2.1,81.0,41.3,0,1992
Tim Hardaway,25.0,GSW,3332.0,19.1,0.537,9.2,2.8,4.1,23.4,10.0,3.8,0.2,2.0,81.0,41.1,0,1992
Dennis Rodman,30.0,DET,3301.0,17.0,0.574,12.6,2.8,4.0,9.8,2.3,18.7,0.9,0.8,82.0,40.3,0,1992
Joe Dumars,28.0,DET,3192.0,15.4,0.538,8.2,0.7,2.2,19.9,4.6,2.3,0.1,0.9,82.0,38.9,0,1992
Scottie Pippen,26.0,CHI,3164.0,21.5,0.555,12.7,6.1,6.4,21.0,7.0,7.7,1.1,1.9,82.0,38.6,0,1992
Patrick Ewing,29.0,NYK,3150.0,22.8,0.563,13.0,4.9,5.5,24.0,1.9,11.2,3.0,1.1,82.0,38.4,0,1992
Ron Harper,28.0,LAC,3144.0,15.4,0.51,5.6,1.6,2.8,18.2,5.1,5.5,0.9,1.9,82.0,38.3,0,1992
Sean Elliott,23.0,SAS,3120.0,14.4,0.564,8.4,0.5,1.9,16.3,2.6,5.4,0.4,1.0,82.0,38.0,0,1992
Reggie Miller,26.0,IND,3120.0,17.6,0.629,11.0,2.6,3.6,20.7,3.8,3.9,0.3,1.3,82.0,38.0,0,1992
Michael Jordan,28.0,CHI,3102.0,27.7,0.579,17.7,9.7,9.2,30.1,6.1,6.4,0.9,2.3,80.0,38.8,1,1992
Mitch Richmond,26.0,SAC,3095.0,16.3,0.548,4.9,0.0,1.5,22.5,5.1,4.0,0.4,1.2,80.0,38.7,0,1992
Jeff Hornacek,28.0,PHO,3078.0,18.9,0.592,11.6,4.3,4.9,20.1,5.1,5.0,0.4,2.0,81.0,38.0,0,1992
Reggie Lewis,26.0,BOS,3070.0,17.9,0.55,9.1,2.3,3.3,20.8,2.3,4.8,1.3,1.5,82.0,37.4,0,1992
Sedale Threatt,30.0,LAL,3070.0,16.6,0.54,7.3,1.2,2.5,15.1,7.2,3.1,0.2,2.0,82.0,37.4,0,1992
Grant Long,25.0,MIA,3063.0,15.8,0.568,7.7,1.0,2.3,14.8,2.7,8.4,0.5,1.7,82.0,37.4,0,1992
Otis Thorpe,29.0,HOU,3056.0,17.2,0.619,8.9,0.4,1.8,17.3,3.0,10.5,0.5,0.6,82.0,37.3,0,1992
Karl Malone,28.0,UTA,3054.0,25.4,0.599,15.1,5.7,5.9,28.0,3.0,11.2,0.6,1.3,81.0,37.7,0,1992
Larry Johnson,22.0,CHH,3047.0,18.9,0.548,8.9,1.4,2.6,19.2,3.6,11.0,0.6,1.0,82.0,37.2,0,1992
Dražen Petrović,27.0,NJN,3027.0,15.8,0.587,7.7,0.4,1.8,20.6,3.1,3.1,0.1,1.3,82.0,36.9,0,1992
Hersey Hawkins,25.0,PHI,3013.0,17.0,0.578,7.8,1.8,2.9,19.0,3.1,3.3,0.5,1.9,81.0,37.2,0,1992
Glen Rice,24.0,MIA,3007.0,17.5,0.561,7.9,1.8,2.9,22.3,2.3,5.0,0.4,1.1,79.0,38.1,0,1992
John Stockton,29.0,UTA,3002.0,22.8,0.59,13.4,8.7,8.1,15.8,13.7,3.3,0.3,3.0,82.0,36.6,0,1992
Kevin Willis,29.0,ATL,2962.0,19.7,0.535,8.8,0.2,1.7,18.3,2.1,15.5,0.7,0.9,81.0,36.6,0,1992
Chuck Person,27.0,IND,2923.0,14.5,0.546,4.6,-0.3,1.2,18.5,4.7,5.3,0.2,0.8,81.0,36.1,0,1992
Pooh Richardson,25.0,MIN,2922.0,17.4,0.504,4.1,1.3,2.4,16.5,8.4,3.7,0.3,1.5,82.0,35.6,0,1992
Jeff Malone,30.0,UTA,2922.0,15.1,0.554,6.6,-1.7,0.3,20.2,2.2,2.9,0.1,0.7,81.0,36.1,0,1992
Isiah Thomas,30.0,DET,2918.0,16.0,0.505,5.8,1.1,2.3,18.5,7.2,3.2,0.2,1.5,78.0,37.4,0,1992
Kendall Gill,23.0,CHH,2906.0,16.5,0.509,4.7,0.4,1.7,20.5,4.2,5.1,0.6,1.9,79.0,36.8,0,1992
Danny Manning,25.0,LAC,2904.0,19.7,0.577,9.8,4.3,4.6,19.3,3.5,6.9,1.5,1.6,82.0,35.4,0,1992
A.C. Green,28.0,LAL,2902.0,16.7,0.556,8.8,0.7,2.0,13.6,1.4,9.3,0.4,1.1,82.0,35.4,0,1992
Kevin Johnson,25.0,PHO,2899.0,19.9,0.561,10.0,3.5,4.0,19.7,10.7,3.7,0.3,1.5,78.0,37.2,0,1992
Lionel Simmons,23.0,SAC,2895.0,16.5,0.505,4.3,1.1,2.2,17.1,4.3,8.1,1.7,1.7,78.0,37.1,0,1992
Charles Barkley,28.0,PHI,2881.0,24.5,0.612,12.3,6.3,6.1,23.1,4.1,11.1,0.6,1.8,75.0,38.4,0,1992
Larry Nance,32.0,CLE,2880.0,21.4,0.586,12.2,5.2,5.2,17.0,2.9,8.3,3.0,1.0,81.0,35.6,0,1992
Horace Grant,26.0,CHI,2859.0,20.6,0.618,14.1,5.3,5.2,14.2,2.7,10.0,1.6,1.2,81.0,35.3,0,1992
Dan Majerle,26.0,PHO,2853.0,17.8,0.551,9.8,3.6,4.0,17.3,3.3,5.9,0.5,1.6,82.0,34.8,0,1992
Johnny Dawkins,28.0,PHI,2815.0,13.3,0.502,3.6,-1.8,0.2,12.0,6.9,2.8,0.1,1.1,82.0,34.3,0,1992
Rony Seikaly,26.0,MIA,2800.0,16.6,0.554,6.2,-1.3,0.5,16.4,1.4,11.8,1.5,0.5,79.0,35.4,0,1992
Michael Adams,29.0,WSB,2795.0,17.1,0.506,5.3,1.8,2.6,18.1,7.6,4.0,0.1,1.9,78.0,35.8,0,1992
Greg Anderson,27.0,DEN,2793.0,12.6,0.486,3.0,-3.4,-1.0,11.5,1.0,11.5,0.8,1.1,82.0,34.1,0,1992
Muggsy Bogues,27.0,CHH,2790.0,14.0,0.504,4.8,0.2,1.6,8.9,9.1,2.9,0.1,2.1,82.0,34.0,0,1992
Terry Porter,28.0,POR,2784.0,18.1,0.575,10.6,3.7,4.0,18.1,5.8,3.1,0.1,1.5,82.0,34.0,0,1992
Armen Gilliam,27.0,PHI,2771.0,18.0,0.575,7.6,0.1,1.5,16.9,1.5,8.1,1.0,0.6,81.0,34.2,0,1992
Clyde Drexler,29.0,POR,2751.0,23.6,0.56,12.8,8.7,7.4,25.0,6.7,6.6,0.9,1.8,76.0,36.2,0,1992
Micheal Williams,25.0,IND,2750.0,18.4,0.587,9.0,3.7,3.9,15.0,8.2,3.6,0.3,2.9,79.0,34.8,0,1992
Kenny Smith,26.0,HOU,2735.0,15.0,0.557,5.1,-0.3,1.2,14.0,6.9,2.2,0.1,1.3,81.0,33.8,0,1992
Spud Webb,28.0,SAC,2724.0,15.1,0.54,4.1,-0.8,0.8,16.0,7.1,2.9,0.3,1.6,77.0,35.4,0,1992
Dikembe Mutombo,25.0,DEN,2716.0,16.5,0.54,4.8,0.0,1.4,16.6,2.2,12.3,3.0,0.6,71.0,38.3,0,1992
Vernon Maxwell,26.0,HOU,2700.0,14.1,0.514,3.9,-0.2,1.2,17.2,4.1,3.0,0.4,1.3,80.0,33.8,0,1992
Byron Scott,30.0,LAL,2679.0,15.5,0.537,6.0,1.0,2.0,14.9,2.8,3.8,0.3,1.3,82.0,32.7,0,1992
Ricky Pierce,32.0,SEA,2658.0,18.2,0.561,7.8,1.5,2.3,21.7,3.1,3.0,0.3,1.1,78.0,34.1,0,1992
Brad Daugherty,26.0,CLE,2643.0,23.0,0.629,11.7,4.8,4.5,21.5,3.6,10.4,1.1,0.9,73.0,36.2,0,1992
Hakeem Olajuwon,29.0,HOU,2636.0,23.7,0.553,9.8,5.0,4.6,21.6,2.2,12.1,4.3,1.8,70.0,37.7,0,1992
Reggie Williams,27.0,DEN,2623.0,18.1,0.528,6.6,3.2,3.4,18.2,2.9,5.0,0.8,1.8,81.0,32.4,0,1992
Detlef Schrempf,29.0,IND,2605.0,19.5,0.617,9.8,3.2,3.3,17.3,3.9,9.6,0.5,0.8,80.0,32.6,0,1992
David Robinson,26.0,SAS,2564.0,27.5,0.597,13.9,9.4,7.4,23.2,2.7,12.2,4.5,2.3,68.0,37.7,0,1992
Jerome Kersey,29.0,POR,2553.0,14.7,0.502,6.8,1.7,2.4,12.6,3.2,8.2,0.9,1.5,77.0,33.2,0,1992
Gary Payton,23.0,SEA,2549.0,13.1,0.478,3.9,0.4,1.5,9.4,6.2,3.6,0.3,1.8,81.0,31.5,0,1992
Mookie Blaylock,24.0,NJN,2548.0,15.2,0.465,4.9,1.0,1.9,13.8,6.8,3.7,0.6,2.4,72.0,35.4,0,1992
Doug West,24.0,MIN,2540.0,14.6,0.56,4.6,-0.9,0.7,14.0,3.5,3.2,0.3,0.8,80.0,31.8,0,1992
Rolando Blackman,32.0,DAL,2527.0,15.6,0.538,3.8,-0.3,1.1,18.3,2.7,3.2,0.3,0.7,75.0,33.7,0,1992
Wayman Tisdale,27.0,SAC,2521.0,13.9,0.529,3.4,-2.8,-0.5,16.6,1.5,6.5,1.1,0.8,72.0,35.0,0,1992
Buck Williams,31.0,POR,2519.0,15.0,0.651,9.2,1.2,2.0,11.3,1.4,8.8,0.5,0.8,80.0,31.5,0,1992
Moses Malone,36.0,MIL,2511.0,19.2,0.556,7.8,0.1,1.3,15.6,1.1,9.1,0.8,0.9,82.0,30.6,0,1992
Pervis Ellison,24.0,WSB,2511.0,19.9,0.574,6.9,2.8,3.0,20.0,2.9,11.2,2.7,0.9,66.0,38.0,0,1992
Billy Owens,22.0,GSW,2510.0,15.6,0.555,5.6,0.0,1.3,14.3,2.4,8.0,0.8,1.1,80.0,31.4,0,1992
Stacey Augmon,23.0,ATL,2505.0,14.4,0.526,3.7,-0.6,0.8,13.3,2.5,5.1,0.3,1.5,82.0,30.5,0,1992
Kevin Gamble,26.0,BOS,2496.0,15.2,0.567,6.7,0.7,1.7,13.5,2.7,3.5,0.5,0.9,82.0,30.4,0,1992
Tim Perry,26.0,PHO,2483.0,13.8,0.556,5.7,-0.2,1.1,12.3,1.7,6.9,1.5,0.6,80.0,31.0,0,1992
Alvin Robertson,29.0,MIL,2463.0,15.0,0.5,3.6,1.6,2.2,12.3,4.4,4.3,0.4,2.6,82.0,30.0,0,1992
Michael Cage,30.0,SEA,2461.0,15.0,0.583,7.6,1.3,2.0,8.8,1.1,8.9,0.7,1.2,82.0,30.0,0,1992
Mark Jackson,26.0,NYK,2461.0,17.8,0.542,7.6,3.6,3.5,11.3,8.6,3.8,0.2,1.4,81.0,30.4,0,1992
Tony Campbell,29.0,MIN,2441.0,15.3,0.515,2.5,-1.2,0.5,16.8,2.9,3.7,0.4,1.1,78.0,31.3,0,1992
Ron Anderson,33.0,PHI,2432.0,14.1,0.52,3.5,-1.4,0.4,13.7,1.6,3.4,0.1,1.0,82.0,29.7,0,1992
Hot Rod Williams,29.0,CLE,2432.0,18.6,0.569,9.2,3.5,3.4,11.9,2.5,7.6,2.3,0.8,80.0,30.4,0,1992
Terry Catledge,28.0,ORL,2430.0,15.2,0.537,4.6,-1.0,0.6,14.8,1.4,7.0,0.2,0.7,78.0,31.2,0,1992
Chris Morris,26.0,NJN,2394.0,14.4,0.531,4.7,0.8,1.7,11.4,2.6,6.4,1.1,1.7,77.0,31.1,0,1992
Harvey Grant,26.0,WSB,2388.0,15.3,0.516,4.3,-0.4,1.0,18.0,2.7,6.8,0.4,1.2,64.0,37.3,0,1992
Scott Skiles,27.0,ORL,2377.0,14.4,0.534,3.2,-0.8,0.7,14.1,7.3,2.7,0.1,1.0,75.0,31.7,0,1992
Eddie Johnson,32.0,SEA,2366.0,16.1,0.528,5.6,-0.7,0.8,17.1,2.0,3.6,0.1,0.7,81.0,29.2,0,1992
Xavier McDaniel,28.0,NYK,2344.0,13.9,0.509,4.6,-1.3,0.4,13.7,1.8,5.6,0.3,0.7,82.0,28.6,0,1992
Gerald Wilkins,28.0,NYK,2344.0,12.0,0.491,4.0,-1.0,0.6,12.4,2.7,2.5,0.2,0.9,82.0,28.6,0,1992
Sam Perkins,30.0,LAL,2332.0,17.6,0.538,7.4,1.4,2.0,16.5,2.2,8.8,1.0,1.0,63.0,37.0,0,1992
Charles Oakley,28.0,NYK,2309.0,11.3,0.558,5.7,-0.4,0.9,6.2,1.6,8.5,0.2,0.8,82.0,28.2,0,1992
Mark Macon,22.0,DEN,2304.0,8.3,0.415,-0.8,-4.4,-1.4,10.6,2.2,2.9,0.2,2.0,76.0,30.3,0,1992
Duane Causwell,23.0,SAC,2291.0,12.4,0.575,3.9,-1.9,0.0,8.0,0.7,7.3,2.7,0.6,80.0,28.6,0,1992
Anthony Bonner,23.0,SAC,2287.0,10.9,0.484,1.6,-3.5,-0.8,9.4,1.6,6.1,0.3,1.2,79.0,28.9,0,1992
Robert Parish,38.0,BOS,2285.0,18.9,0.571,7.4,1.4,2.0,14.1,0.9,8.9,1.2,0.9,79.0,28.9,0,1992
Blue Edwards,26.0,UTA,2283.0,13.7,0.569,5.2,0.0,1.1,12.6,1.7,3.7,0.6,1.0,81.0,28.2,0,1992
Jay Humphries,29.0,MIL,2261.0,16.5,0.543,5.8,1.1,1.7,14.0,6.6,2.6,0.2,1.7,71.0,31.8,0,1992
Derek Harper,30.0,DAL,2252.0,16.7,0.512,3.5,1.1,1.8,17.7,5.7,2.6,0.3,1.6,65.0,34.6,0,1992
Bill Laimbeer,34.0,DET,2234.0,12.6,0.515,4.9,0.0,1.1,9.7,2.0,5.6,0.7,0.6,81.0,27.6,0,1992
Larry Stewart,23.0,WSB,2229.0,12.9,0.573,4.7,-1.5,0.3,10.4,1.6,5.9,0.6,0.7,76.0,29.3,0,1992
Kenny Gattison,27.0,CHH,2223.0,15.3,0.564,4.5,-1.3,0.4,12.7,1.6,7.1,0.8,0.7,82.0,27.1,0,1992
Kevin Duckworth,27.0,POR,2222.0,10.5,0.497,3.3,-3.6,-0.9,10.7,1.2,6.1,0.5,0.5,82.0,27.1,0,1992
Rumeal Robinson,25.0,ATL,2220.0,14.9,0.503,2.4,-0.3,1.0,13.0,5.5,2.7,0.3,1.3,81.0,27.4,0,1992
Winston Garland,27.0,DEN,2209.0,13.3,0.505,2.9,-1.3,0.4,10.8,5.3,2.4,0.3,1.3,78.0,28.3,0,1992
Derrick Coleman,24.0,NJN,2207.0,19.5,0.57,5.6,2.2,2.3,19.8,3.2,9.5,1.5,0.8,65.0,34.0,0,1992
Tyrone Corbin,29.0,2TM,2207.0,13.6,0.543,5.6,0.2,1.2,9.8,1.8,5.9,0.3,1.0,80.0,27.6,0,1992
Nick Anderson,24.0,ORL,2203.0,16.4,0.509,3.6,1.2,1.8,19.9,2.7,6.4,0.6,1.6,60.0,36.7,0,1992
Buck Johnson,28.0,HOU,2202.0,10.0,0.492,2.3,-2.7,-0.4,8.6,2.0,3.9,0.6,0.9,80.0,27.5,0,1992
Anthony Mason,25.0,NYK,2198.0,11.3,0.558,5.6,-0.8,0.7,7.0,1.3,7.0,0.2,0.6,82.0,26.8,0,1992
Dale Ellis,31.0,MIL,2191.0,15.9,0.564,4.8,0.5,1.4,15.7,1.3,3.1,0.2,0.7,81.0,27.0,0,1992
Sam Bowie,30.0,NJN,2179.0,16.4,0.496,4.6,-0.1,1.0,15.0,2.6,8.1,1.7,0.6,71.0,30.7,0,1992
Sam Mitchell,28.0,MIN,2151.0,12.0,0.49,2.3,-3.9,-1.0,10.1,1.1,5.8,0.5,0.6,82.0,26.2,0,1992
Terry Cummings,30.0,SAS,2149.0,18.5,0.52,6.5,0.1,1.1,17.3,1.5,9.0,0.5,0.8,70.0,30.7,0,1992
Terry Davis,24.0,DAL,2149.0,12.4,0.528,3.1,-3.4,-0.8,10.2,0.8,9.9,0.4,0.4,68.0,31.6,0,1992
Mark Price,27.0,CLE,2138.0,22.7,0.61,9.1,5.8,4.2,17.3,7.4,2.4,0.2,1.3,72.0,29.7,0,1992
David Wingate,28.0,WSB,2127.0,11.5,0.501,2.4,-0.9,0.6,7.9,3.0,3.3,0.3,1.5,81.0,26.3,0,1992
Clifford Robinson,25.0,POR,2124.0,14.2,0.508,4.6,-0.2,1.0,12.4,1.7,5.1,1.3,1.0,82.0,25.9,0,1992
John Starks,26.0,NYK,2118.0,16.4,0.55,6.4,2.6,2.4,13.9,3.4,2.3,0.2,1.3,82.0,25.8,0,1992
Šarūnas Marčiulionis,27.0,GSW,2117.0,18.8,0.607,6.4,1.3,1.7,18.9,3.4,2.9,0.1,1.6,72.0,29.4,0,1992
Orlando Woolridge,32.0,DET,2113.0,14.9,0.539,4.4,-0.5,0.8,14.0,1.1,3.2,0.4,0.5,82.0,25.8,0,1992
James Worthy,30.0,LAL,2108.0,16.7,0.49,3.1,1.1,1.6,19.9,4.7,5.6,0.4,1.4,54.0,39.0,0,1992
Rodney McCray,30.0,DAL,2106.0,12.6,0.491,2.5,-1.0,0.5,9.0,2.9,6.2,0.4,0.6,75.0,28.1,0,1992
Thurl Bailey,30.0,2TM,2104.0,14.5,0.498,2.6,-2.4,-0.2,11.3,0.9,5.8,1.4,0.4,84.0,25.0,0,1992
Rod Strickland,25.0,SAS,2053.0,16.9,0.507,5.2,2.4,2.3,13.8,8.6,4.6,0.3,2.1,57.0,36.0,0,1992
Gary Grant,26.0,LAC,2049.0,13.4,0.492,3.0,0.2,1.1,7.8,6.9,2.4,0.2,1.8,78.0,26.3,0,1992
Herb Williams,33.0,DAL,2040.0,12.6,0.464,0.8,-2.8,-0.4,11.5,1.3,6.1,1.3,0.5,75.0,27.2,0,1992
Mark Eaton,35.0,UTA,2023.0,9.1,0.478,3.8,-0.5,0.7,3.3,0.5,6.1,2.5,0.4,81.0,25.0,0,1992
Dell Curry,27.0,CHH,2020.0,16.4,0.547,3.2,0.3,1.2,15.7,2.3,3.4,0.3,1.2,77.0,26.2,0,1992
Craig Ehlo,30.0,CLE,2016.0,13.8,0.526,3.8,0.4,1.2,12.3,3.8,4.9,0.3,1.2,63.0,32.0,0,1992
Ken Norman,27.0,LAC,2009.0,15.3,0.505,4.0,0.0,1.0,12.1,1.6,5.8,0.9,0.7,77.0,26.1,0,1992
Bimbo Coles,23.0,MIA,1976.0,14.3,0.534,3.0,-1.1,0.5,10.1,4.5,2.3,0.2,0.9,81.0,24.4,0,1992
Blair Rasmussen,29.0,ATL,1968.0,11.6,0.49,3.0,-3.0,-0.5,9.0,1.3,4.9,0.6,0.4,81.0,24.3,0,1992
Andrew Lang,25.0,PHO,1965.0,13.8,0.568,5.7,0.3,1.1,7.7,0.5,6.7,2.5,0.6,81.0,24.3,0,1992
Tom Chambers,32.0,PHO,1948.0,15.9,0.501,4.4,-1.1,0.5,16.3,2.1,5.8,0.5,0.8,69.0,28.2,0,1992
John Paxson,31.0,CHI,1946.0,10.9,0.551,4.7,-0.8,0.6,7.0,3.1,1.2,0.1,0.6,79.0,24.6,0,1992
Benoit Benjamin,27.0,SEA,1941.0,14.1,0.517,2.2,-1.9,0.0,14.0,1.2,8.1,1.9,0.6,63.0,30.8,0,1992
Ed Pinckney,28.0,BOS,1917.0,16.5,0.625,7.5,1.7,1.8,7.6,0.8,7.0,0.7,0.9,81.0,23.7,0,1992
Chris Dudley,26.0,NJN,1902.0,13.2,0.42,3.4,-2.3,-0.2,5.6,0.7,9.0,2.2,0.5,82.0,23.2,0,1992
Willie Anderson,25.0,SAS,1889.0,13.8,0.499,3.3,0.9,1.4,13.1,5.3,5.3,0.9,0.9,57.0,33.1,0,1992
Tyrone Hill,23.0,GSW,1886.0,12.8,0.568,4.5,-2.2,-0.1,8.2,0.6,7.2,0.5,0.9,82.0,23.0,0,1992
Elden Campbell,23.0,LAL,1876.0,13.3,0.491,3.3,-1.1,0.4,7.1,0.7,5.2,2.0,0.7,81.0,23.2,0,1992
B.J. Armstrong,24.0,CHI,1875.0,14.1,0.537,4.6,-0.6,0.7,9.9,3.2,1.8,0.1,0.6,82.0,22.9,0,1992
Antoine Carr,30.0,SAS,1867.0,13.5,0.534,4.0,-2.0,0.0,10.9,0.8,4.3,1.2,0.4,81.0,23.0,0,1992
Larry Krystkowiak,27.0,MIL,1848.0,11.4,0.486,1.8,-4.0,-0.9,9.0,1.4,5.4,0.2,0.7,79.0,23.4,0,1992
Kevin Edwards,26.0,MIA,1840.0,13.8,0.512,2.4,-0.9,0.5,10.1,2.1,2.6,0.2,1.2,81.0,22.7,0,1992
Olden Polynice,27.0,LAC,1834.0,13.1,0.549,4.5,-1.9,0.1,8.1,0.6,7.1,0.3,0.6,76.0,24.1,0,1992
Gerald Glass,24.0,MIN,1822.0,13.2,0.464,0.3,-2.3,-0.1,11.5,2.3,3.5,0.4,0.9,75.0,24.3,0,1992
Shawn Kemp,22.0,SEA,1808.0,21.6,0.567,6.7,1.9,1.8,15.5,1.3,10.4,1.9,1.1,64.0,28.3,0,1992
Steve Smith,22.0,MIA,1806.0,12.5,0.513,1.5,-1.3,0.3,12.0,4.6,3.1,0.3,1.0,61.0,29.6,0,1992
Mike Brown,28.0,UTA,1783.0,12.3,0.515,3.7,-2.3,-0.1,7.7,1.0,5.8,0.4,0.5,82.0,21.7,0,1992
John Salley,27.0,DET,1774.0,14.7,0.57,5.1,1.7,1.6,9.5,1.6,4.1,1.5,0.7,72.0,24.6,0,1992
Rik Smits,25.0,IND,1772.0,16.8,0.545,3.4,-1.0,0.5,13.8,1.6,5.6,1.4,0.4,74.0,23.9,0,1992
Derrick McKey,25.0,SEA,1757.0,14.7,0.554,3.9,0.9,1.3,14.9,2.3,5.2,0.9,1.2,52.0,33.8,0,1992
Fred Roberts,31.0,MIL,1746.0,12.9,0.534,2.2,-1.7,0.2,9.6,1.5,3.2,0.5,0.7,80.0,21.8,0,1992
John Bagley,31.0,BOS,1742.0,12.7,0.478,1.9,-1.2,0.4,7.2,6.6,2.2,0.1,0.8,73.0,23.9,0,1992
Vern Fleming,29.0,IND,1737.0,12.7,0.527,2.0,-1.8,0.1,8.9,3.2,2.5,0.1,0.7,82.0,21.2,0,1992
Anthony Bowie,28.0,ORL,1721.0,14.7,0.547,2.9,0.8,1.2,14.6,3.1,4.7,0.7,1.1,52.0,33.1,0,1992
Paul Graham,24.0,ATL,1718.0,14.7,0.523,3.6,0.3,1.0,10.1,2.2,3.0,0.3,1.2,78.0,22.0,0,1992
Terry Mills,24.0,NJN,1714.0,14.7,0.503,3.9,-1.5,0.2,9.0,1.0,5.5,0.5,0.6,82.0,20.9,0,1992
Doug Smith,22.0,DAL,1707.0,11.9,0.444,0.8,-3.3,-0.6,8.8,1.7,5.1,0.4,0.8,76.0,22.5,0,1992
Loy Vaught,23.0,LAC,1687.0,13.7,0.517,4.1,-1.5,0.2,7.6,0.9,6.5,0.4,0.5,79.0,21.4,0,1992
Mario Elie,28.0,GSW,1677.0,13.7,0.615,4.4,1.0,1.3,7.8,2.2,2.9,0.2,0.9,79.0,21.2,0,1992
A.J. English,24.0,WSB,1665.0,12.5,0.48,0.9,-3.8,-0.8,10.9,1.8,2.1,0.1,0.4,81.0,20.6,0,1992
Sleepy Floyd,31.0,HOU,1662.0,12.1,0.478,0.9,-2.7,-0.3,9.1,2.9,1.8,0.3,0.7,82.0,20.3,0,1992
Larry Bird,35.0,BOS,1662.0,21.0,0.547,5.5,5.5,3.1,20.2,6.8,9.6,0.7,0.9,45.0,36.9,0,1992
Jeff Grayer,26.0,MIL,1659.0,13.3,0.489,1.8,-1.9,0.0,9.0,1.8,3.1,0.2,0.8,82.0,20.2,0,1992
Doc Rivers,30.0,LAC,1657.0,13.8,0.518,3.9,0.5,1.1,10.9,3.9,2.5,0.3,1.9,59.0,28.1,0,1992
Nate McMillan,27.0,SEA,1652.0,14.5,0.492,3.7,2.8,2.0,6.0,5.0,3.5,0.4,1.8,72.0,22.9,0,1992
Johnny Newman,28.0,CHH,1651.0,13.6,0.557,2.3,-2.0,0.0,15.3,2.7,3.3,0.3,1.3,55.0,30.0,0,1992
John Battle,29.0,CLE,1637.0,12.6,0.53,2.0,-3.8,-0.8,10.3,2.1,1.5,0.1,0.5,76.0,21.5,0,1992
Terrell Brandon,21.0,CLE,1605.0,12.8,0.461,0.9,-2.2,-0.1,7.4,3.9,2.0,0.3,1.0,82.0,19.6,0,1992
Terry Teagle,31.0,LAL,1602.0,14.5,0.493,1.3,-2.6,-0.2,10.7,1.4,2.2,0.1,0.8,82.0,19.5,0,1992
Dominique Wilkins,32.0,ATL,1601.0,22.2,0.552,5.1,4.7,2.7,28.1,3.8,7.0,0.6,1.2,42.0,38.1,0,1992
Duane Ferrell,26.0,ATL,1598.0,15.6,0.576,3.5,-0.8,0.5,12.7,1.4,3.2,0.3,0.7,66.0,24.2,0,1992
Danny Ainge,32.0,POR,1595.0,15.4,0.534,5.2,1.9,1.6,9.7,2.5,1.8,0.2,0.9,81.0,19.7,0,1992
Jeff Turner,29.0,ORL,1591.0,7.2,0.483,-0.2,-5.9,-1.6,7.1,1.2,3.3,0.2,0.3,75.0,21.2,0,1992
Willie Burton,23.0,MIA,1585.0,13.5,0.522,2.0,-2.1,0.0,11.2,1.8,3.6,0.5,0.7,68.0,23.3,0,1992
Mark Aguirre,32.0,DET,1582.0,13.7,0.479,2.2,-1.6,0.1,11.3,1.7,3.1,0.1,0.7,75.0,21.1,0,1992
Larry Johnson,23.0,CHH,3323.0,18.9,0.574,9.6,2.1,3.5,22.1,4.3,10.5,0.3,0.6,82.0,40.5,0,1993
Hakeem Olajuwon,30.0,HOU,3242.0,27.3,0.577,15.8,7.5,7.8,26.1,3.5,13.0,4.2,1.8,82.0,39.5,0,1993
David Robinson,27.0,SAS,3211.0,24.2,0.569,13.2,6.4,6.8,23.4,3.7,11.7,3.2,1.5,82.0,39.2,0,1993
Dan Majerle,27.0,PHO,3199.0,15.4,0.573,9.8,2.5,3.6,16.9,3.8,4.7,0.4,1.7,82.0,39.0,0,1993
Reggie Lewis,27.0,BOS,3144.0,17.4,0.529,8.3,2.0,3.1,20.8,3.7,4.3,1.0,1.5,80.0,39.3,0,1993
Scottie Pippen,27.0,CHI,3123.0,19.2,0.51,8.6,4.0,4.7,18.6,6.3,7.7,0.9,2.1,81.0,38.6,0,1993
Mark Jackson,27.0,LAC,3117.0,16.6,0.548,7.9,1.9,3.1,14.4,8.8,4.7,0.1,1.7,82.0,38.0,0,1993
Doug West,25.0,MIN,3104.0,14.2,0.559,4.3,-2.2,-0.1,19.3,2.9,3.1,0.3,1.1,80.0,38.8,0,1993
Karl Malone,29.0,UTA,3099.0,26.2,0.612,15.4,7.3,7.3,27.0,3.8,11.2,1.0,1.5,82.0,37.8,0,1993
Detlef Schrempf,30.0,IND,3098.0,19.2,0.571,10.4,3.3,4.2,19.1,6.0,9.5,0.3,1.0,82.0,37.8,0,1993
Joe Dumars,29.0,DET,3094.0,17.6,0.555,9.1,2.1,3.2,23.5,4.0,1.9,0.1,1.0,77.0,40.2,0,1993
Scott Skiles,28.0,ORL,3086.0,15.2,0.581,8.0,0.7,2.1,15.4,9.4,3.7,0.0,1.1,78.0,39.6,0,1993
Glen Rice,25.0,MIA,3082.0,15.0,0.534,6.3,0.7,2.0,19.0,2.2,5.2,0.3,1.1,82.0,37.6,0,1993
Shaquille O'Neal,20.0,ORL,3071.0,22.9,0.584,10.4,3.5,4.3,23.4,1.9,13.9,3.5,0.7,81.0,37.9,0,1993
Michael Jordan,29.0,CHI,3067.0,29.7,0.564,17.2,11.2,10.2,32.6,5.5,6.7,0.8,2.8,78.0,39.3,0,1993
Dikembe Mutombo,26.0,DEN,3029.0,17.2,0.567,8.8,1.6,2.7,13.8,1.8,13.0,3.5,0.5,82.0,36.9,0,1993
Patrick Ewing,30.0,NYK,3003.0,20.8,0.546,10.6,3.4,4.0,24.2,1.9,12.1,2.0,0.9,81.0,37.1,0,1993
Chuck Person,28.0,MIN,2985.0,12.2,0.495,0.0,-2.2,-0.2,16.8,4.4,5.6,0.4,0.9,78.0,38.3,0,1993
Hersey Hawkins,26.0,PHI,2977.0,18.3,0.593,8.5,2.4,3.3,20.3,3.9,4.3,0.4,1.7,81.0,36.8,0,1993
Ron Harper,29.0,LAC,2970.0,16.1,0.523,6.0,1.8,2.9,18.0,4.5,5.3,0.9,2.2,80.0,37.1,0,1993
Reggie Miller,27.0,IND,2954.0,19.4,0.617,11.3,4.3,4.7,21.2,3.2,3.1,0.3,1.5,82.0,36.0,0,1993
Isiah Thomas,31.0,DET,2922.0,15.4,0.488,3.7,0.5,1.9,17.6,8.5,2.9,0.2,1.6,79.0,37.0,0,1993
Nick Anderson,25.0,ORL,2920.0,17.3,0.524,7.7,2.8,3.5,19.9,3.4,6.0,0.7,1.6,79.0,37.0,0,1993
Sedale Threatt,31.0,LAL,2893.0,16.5,0.55,7.1,0.7,2.0,15.1,6.9,3.3,0.1,1.7,82.0,35.3,0,1993
Terry Porter,29.0,POR,2883.0,17.0,0.577,8.8,2.6,3.3,18.2,5.2,3.9,0.1,1.2,81.0,35.6,0,1993
Kevin Willis,30.0,ATL,2878.0,17.4,0.531,6.0,-1.5,0.3,17.9,2.1,12.9,0.5,0.9,80.0,36.0,0,1993
John Stockton,30.0,UTA,2863.0,21.3,0.584,10.6,6.6,6.2,15.1,12.0,2.9,0.3,2.4,82.0,34.9,0,1993
Jeff Hornacek,29.0,PHI,2860.0,18.2,0.553,6.3,1.7,2.6,19.1,6.9,4.3,0.3,1.7,79.0,36.2,0,1993
Charles Barkley,29.0,PHO,2859.0,25.9,0.596,14.4,7.8,7.1,25.6,5.1,12.2,1.0,1.6,76.0,37.6,1,1993
Muggsy Bogues,28.0,CHH,2833.0,14.5,0.503,5.9,0.8,2.0,10.0,8.8,3.7,0.1,2.0,81.0,35.0,0,1993
Christian Laettner,23.0,MIN,2823.0,17.3,0.564,5.0,-0.2,1.3,18.2,2.8,8.7,1.0,1.3,81.0,34.9,0,1993
Mookie Blaylock,25.0,ATL,2820.0,17.1,0.515,7.0,3.4,3.8,13.4,8.4,3.5,0.3,2.5,80.0,35.3,0,1993
A.C. Green,29.0,LAL,2819.0,16.3,0.603,8.6,0.7,1.9,12.8,1.4,8.7,0.5,1.1,82.0,34.4,0,1993
Tom Gugliotta,23.0,WSB,2795.0,14.6,0.472,1.6,-0.9,0.8,14.7,3.8,9.6,0.4,1.7,81.0,34.5,0,1993
Danny Manning,26.0,LAC,2761.0,19.6,0.565,7.9,2.0,2.8,22.8,2.6,6.6,1.3,1.4,79.0,34.9,0,1993
Derrick Coleman,25.0,NJN,2759.0,21.2,0.54,9.5,4.3,4.4,20.7,3.6,11.2,1.7,1.2,76.0,36.3,0,1993
Larry Nance,33.0,CLE,2753.0,19.8,0.587,10.7,3.6,3.9,16.5,2.9,8.7,2.6,0.7,77.0,35.8,0,1993
LaPhonso Ellis,22.0,DEN,2749.0,16.6,0.549,8.0,0.8,2.0,14.7,1.8,9.1,1.4,0.9,82.0,33.5,0,1993
Horace Grant,27.0,CHI,2745.0,17.5,0.534,9.1,1.8,2.6,13.2,2.6,9.5,1.2,1.2,77.0,35.6,0,1993
Latrell Sprewell,22.0,GSW,2741.0,13.6,0.541,4.0,0.2,1.5,15.4,3.8,3.5,0.7,1.6,77.0,35.6,0,1993
Dale Ellis,32.0,SAS,2731.0,15.0,0.579,6.4,0.5,1.7,16.7,1.3,3.8,0.2,1.0,82.0,33.3,0,1993
Blue Edwards,27.0,MIL,2729.0,16.4,0.569,5.7,0.5,1.7,16.9,2.6,4.7,0.5,1.6,82.0,33.3,0,1993
Grant Long,26.0,MIA,2728.0,14.7,0.532,6.5,0.5,1.7,14.0,2.4,7.5,0.4,1.4,76.0,35.9,0,1993
Reggie Williams,28.0,DEN,2722.0,15.8,0.517,5.9,1.5,2.4,17.0,3.7,5.4,1.0,1.6,79.0,34.5,0,1993
Mahmoud Abdul-Rauf,23.0,DEN,2710.0,15.6,0.515,5.1,-0.1,1.3,19.2,4.2,2.8,0.1,1.0,81.0,33.5,0,1993
Brad Daugherty,27.0,CLE,2691.0,22.0,0.635,12.7,4.9,4.7,20.2,4.4,10.2,0.8,0.7,71.0,37.9,0,1993
Harvey Grant,27.0,WSB,2667.0,16.1,0.523,5.0,-0.3,1.1,18.6,2.8,5.7,0.6,1.0,72.0,37.0,0,1993
Micheal Williams,26.0,MIN,2661.0,19.0,0.579,7.6,2.7,3.1,15.1,8.7,3.6,0.3,2.2,76.0,35.0,0,1993
Dražen Petrović,28.0,NJN,2660.0,17.3,0.605,8.4,1.8,2.5,22.3,3.5,2.7,0.2,1.3,70.0,38.0,0,1993
Clarence Weatherspoon,22.0,PHI,2654.0,15.0,0.519,3.3,-1.9,0.1,15.6,1.8,7.2,0.8,1.0,82.0,32.4,0,1993
Dominique Wilkins,33.0,ATL,2647.0,24.3,0.57,10.5,5.4,4.9,29.9,3.2,6.8,0.4,1.0,71.0,37.3,0,1993
Alonzo Mourning,22.0,CHH,2644.0,20.8,0.586,8.2,0.9,1.9,21.0,1.0,10.3,3.5,0.3,78.0,33.9,0,1993
Tim Hardaway,26.0,GSW,2609.0,19.7,0.534,7.5,3.6,3.7,21.5,10.6,4.0,0.2,1.8,66.0,39.5,0,1993
Sean Elliott,24.0,SAS,2604.0,15.5,0.566,6.1,0.7,1.8,17.2,3.8,4.6,0.4,1.0,70.0,37.2,0,1993
Shawn Kemp,23.0,SEA,2582.0,20.4,0.547,9.1,1.9,2.6,17.8,2.0,10.7,1.9,1.5,78.0,33.1,0,1993
Clifford Robinson,26.0,POR,2575.0,18.8,0.517,6.8,2.3,2.8,19.1,2.2,6.6,2.0,1.2,82.0,31.4,0,1993
Craig Ehlo,31.0,CLE,2559.0,14.2,0.566,6.2,1.2,2.1,11.6,3.1,4.9,0.3,1.3,82.0,31.2,0,1993
Jeff Malone,31.0,UTA,2558.0,13.7,0.538,3.6,-3.1,-0.7,18.1,1.6,2.2,0.1,0.5,79.0,32.4,0,1993
Tyrone Corbin,30.0,UTA,2555.0,14.4,0.551,6.7,0.6,1.7,11.6,2.1,6.3,0.4,1.3,82.0,31.2,0,1993
Gary Payton,24.0,SEA,2548.0,17.0,0.529,7.8,2.7,3.1,13.5,4.9,3.4,0.3,2.2,82.0,31.1,0,1993
Kevin Gamble,27.0,BOS,2541.0,15.1,0.562,6.6,1.4,2.2,13.3,2.8,3.0,0.5,1.0,82.0,31.0,0,1993
Vlade Divac,24.0,LAL,2525.0,17.1,0.542,5.6,1.5,2.2,12.8,2.8,8.9,1.7,1.6,82.0,30.8,0,1993
Lionel Simmons,24.0,SAC,2502.0,15.5,0.508,3.8,0.4,1.5,17.9,4.5,7.2,0.6,1.4,69.0,36.3,0,1993
Michael Adams,30.0,WSB,2499.0,15.6,0.543,4.6,0.0,1.3,14.8,7.5,3.4,0.1,1.4,70.0,35.7,0,1993
Buck Williams,32.0,POR,2498.0,11.9,0.545,6.1,-1.0,0.6,8.3,0.9,8.4,0.7,1.0,82.0,30.5,0,1993
B.J. Armstrong,25.0,CHI,2492.0,14.7,0.57,7.5,0.2,1.4,12.3,4.0,1.8,0.1,0.8,82.0,30.4,0,1993
Anthony Mason,26.0,NYK,2482.0,12.9,0.549,7.4,0.5,1.6,10.3,2.1,7.9,0.2,0.5,81.0,30.6,0,1993
John Starks,27.0,NYK,2477.0,16.3,0.519,7.5,2.8,3.0,17.5,5.1,2.6,0.2,1.1,80.0,31.0,0,1993
Ken Norman,28.0,LAC,2477.0,15.7,0.53,5.2,-0.3,1.1,15.0,2.2,7.5,0.8,0.8,76.0,32.6,0,1993
Rod Strickland,26.0,POR,2474.0,18.0,0.543,7.4,3.3,3.3,13.7,7.2,4.3,0.3,1.7,78.0,31.7,0,1993
Terry Davis,25.0,DAL,2462.0,11.7,0.484,-0.1,-4.8,-1.7,12.7,0.9,9.3,0.4,0.5,75.0,32.8,0,1993
Rony Seikaly,27.0,MIA,2456.0,18.0,0.557,6.5,-0.3,1.0,17.1,1.4,11.8,1.2,0.5,72.0,34.1,0,1993
Derrick McKey,26.0,SEA,2439.0,15.0,0.568,6.6,1.9,2.4,13.4,2.6,4.2,0.8,1.4,77.0,31.7,0,1993
Eric Murdock,24.0,MIL,2437.0,19.3,0.534,6.1,2.9,3.0,14.4,7.6,3.6,0.1,2.2,79.0,30.8,0,1993
Kendall Gill,24.0,CHH,2430.0,14.0,0.503,2.9,-0.9,0.7,16.9,3.9,4.9,0.5,1.4,69.0,35.2,0,1993
Kenny Smith,27.0,HOU,2422.0,17.1,0.633,8.2,2.1,2.5,13.0,5.4,2.0,0.1,1.0,82.0,29.5,0,1993
Dennis Rodman,31.0,DET,2410.0,13.6,0.467,5.5,-0.6,0.9,7.5,1.6,18.3,0.7,0.8,62.0,38.9,0,1993
Pooh Richardson,26.0,IND,2396.0,14.5,0.508,4.0,0.3,1.4,10.4,7.7,3.6,0.2,1.3,74.0,32.4,0,1993
Mark Price,28.0,CLE,2380.0,22.1,0.609,9.8,5.3,4.4,18.2,8.0,2.7,0.1,1.2,75.0,31.7,0,1993
James Worthy,31.0,LAL,2359.0,15.6,0.494,3.0,-0.2,1.0,14.9,3.4,3.0,0.3,1.1,82.0,28.8,0,1993
Otis Thorpe,30.0,HOU,2357.0,14.6,0.575,6.0,-0.8,0.7,12.8,2.5,8.2,0.3,0.6,72.0,32.7,0,1993
Sam Perkins,31.0,2TM,2351.0,16.5,0.555,6.9,1.4,2.0,13.1,2.0,6.6,1.0,0.8,79.0,29.8,0,1993
Spud Webb,29.0,SAC,2335.0,14.4,0.536,3.9,-0.7,0.8,14.5,7.0,2.8,0.1,1.5,69.0,33.8,0,1993
Robert Horry,22.0,HOU,2330.0,12.1,0.52,3.6,-0.7,0.8,10.1,2.4,5.0,1.1,1.0,79.0,29.5,0,1993
Chris Morris,27.0,NJN,2302.0,17.8,0.534,7.2,3.1,2.9,14.1,1.4,5.9,0.7,1.9,77.0,29.9,0,1993
Anthony Avent,23.0,MIL,2285.0,10.2,0.459,0.3,-5.5,-2.0,9.8,1.1,6.2,0.9,0.7,82.0,27.9,0,1993
Wayman Tisdale,28.0,SAC,2283.0,15.7,0.54,4.5,-1.3,0.4,16.6,1.4,6.6,0.6,0.7,76.0,30.0,0,1993
Dale Davis,23.0,IND,2264.0,16.3,0.573,6.9,1.0,1.7,8.9,0.8,8.8,1.8,0.8,82.0,27.6,0,1993
Dee Brown,24.0,BOS,2254.0,17.2,0.541,6.4,3.0,2.8,10.9,5.8,3.1,0.4,1.7,80.0,28.2,0,1993
Vernon Maxwell,27.0,HOU,2251.0,13.4,0.512,3.9,-0.1,1.1,13.8,4.2,3.1,0.1,1.2,71.0,31.7,0,1993
Bimbo Coles,24.0,MIA,2232.0,14.7,0.546,5.7,0.6,1.4,10.6,4.6,2.0,0.1,1.0,81.0,27.6,0,1993
Charles Oakley,29.0,NYK,2230.0,12.6,0.556,7.3,0.7,1.5,6.9,1.5,8.6,0.2,1.0,82.0,27.2,0,1993
Ricky Pierce,33.0,SEA,2218.0,19.2,0.572,7.7,2.5,2.5,18.2,2.9,2.5,0.1,1.3,77.0,28.8,0,1993
Xavier McDaniel,29.0,BOS,2215.0,16.3,0.539,4.4,-0.1,1.1,13.5,2.0,6.0,0.6,0.9,82.0,27.0,0,1993
Terry Mills,25.0,DET,2183.0,15.5,0.506,3.8,-1.8,0.1,14.8,1.4,5.8,0.6,0.5,81.0,27.0,0,1993
Charles Smith,27.0,NYK,2172.0,14.9,0.542,6.6,1.2,1.8,12.4,1.8,5.3,1.2,0.6,81.0,26.8,0,1993
Danny Ainge,33.0,PHO,2163.0,14.3,0.596,6.2,1.4,1.9,11.8,3.3,2.7,0.1,0.9,80.0,27.0,0,1993
Michael Cage,31.0,SEA,2156.0,13.2,0.527,6.2,0.4,1.3,6.1,0.8,8.0,0.6,0.9,82.0,26.3,0,1993
Robert Parish,39.0,BOS,2146.0,19.2,0.565,6.8,1.0,1.6,12.6,0.8,9.4,1.4,0.7,79.0,27.2,0,1993
Stacey Augmon,24.0,ATL,2112.0,15.2,0.551,3.7,-0.4,0.8,14.0,2.3,3.9,0.2,1.2,73.0,28.9,0,1993
Derek Harper,31.0,DAL,2108.0,15.9,0.522,2.7,0.6,1.4,18.2,5.4,2.0,0.3,1.3,62.0,34.0,0,1993
Tim Perry,27.0,PHI,2104.0,12.0,0.519,2.0,-2.7,-0.4,9.0,1.6,5.0,1.1,0.5,81.0,26.0,0,1993
Dell Curry,28.0,CHH,2094.0,16.0,0.524,3.4,0.3,1.2,15.3,2.3,3.6,0.3,1.1,80.0,26.2,0,1993
Sam Bowie,31.0,NJN,2092.0,13.2,0.5,4.3,-0.4,0.8,9.1,1.6,7.0,1.6,0.4,79.0,26.5,0,1993
Sean Rooks,23.0,DAL,2087.0,14.7,0.528,1.5,-2.4,-0.2,13.5,1.3,7.4,1.1,0.5,72.0,29.0,0,1993
Gerald Wilkins,29.0,CLE,2079.0,12.9,0.508,3.5,-2.2,-0.1,11.1,2.3,2.7,0.2,1.0,80.0,26.0,0,1993
Frank Brickowski,33.0,MIL,2075.0,17.0,0.584,3.7,0.0,1.1,16.9,3.0,6.1,0.7,1.2,66.0,31.4,0,1993
Rik Smits,26.0,IND,2072.0,14.8,0.517,2.7,-2.8,-0.4,14.3,1.5,5.3,0.9,0.3,81.0,25.6,0,1993
Tyrone Hill,24.0,GSW,2070.0,12.9,0.541,4.9,-2.4,-0.2,8.6,0.9,10.2,0.5,0.6,74.0,28.0,0,1993
Hot Rod Williams,30.0,CLE,2055.0,13.7,0.535,4.5,-0.1,0.9,11.0,2.3,6.2,1.6,0.7,67.0,30.7,0,1993
Jay Humphries,30.0,UTA,2034.0,10.5,0.482,1.8,-2.6,-0.3,8.8,4.1,1.8,0.1,1.3,78.0,26.1,0,1993
Avery Johnson,27.0,SAS,2030.0,15.8,0.556,5.2,1.5,1.8,8.7,7.5,1.9,0.2,1.1,75.0,27.1,0,1993
Kenny Anderson,22.0,NJN,2010.0,16.6,0.487,4.4,1.6,1.8,16.9,8.2,4.1,0.2,1.7,55.0,36.5,0,1993
Alvin Robertson,30.0,2TM,2006.0,13.2,0.519,3.4,1.0,1.6,9.0,3.8,3.9,0.3,2.2,69.0,29.1,0,1993
Nate McMillan,28.0,SEA,1977.0,15.1,0.527,5.6,4.1,3.0,7.5,5.3,4.2,0.5,2.4,73.0,27.1,0,1993
Jon Koncak,29.0,ATL,1975.0,9.2,0.476,3.1,-0.5,0.8,3.5,1.8,5.5,1.3,1.0,78.0,25.3,0,1993
Antoine Carr,31.0,SAS,1947.0,16.1,0.58,5.5,0.5,1.2,13.1,1.4,5.5,1.2,0.5,71.0,27.4,0,1993
Bill Laimbeer,35.0,DET,1933.0,14.3,0.554,5.4,0.8,1.4,8.7,1.6,5.3,0.5,0.6,79.0,24.5,0,1993
Sherman Douglas,26.0,BOS,1932.0,13.5,0.518,2.6,-1.2,0.4,7.8,6.4,2.1,0.1,0.6,79.0,24.5,0,1993
Todd Day,23.0,MIL,1931.0,14.5,0.513,2.6,-1.6,0.2,13.8,1.6,4.1,0.7,1.1,71.0,27.2,0,1993
Chris Mullin,29.0,GSW,1902.0,19.0,0.578,4.9,3.3,2.5,25.9,3.6,5.0,0.9,1.5,46.0,41.3,0,1993
J.R. Reid,24.0,2TM,1887.0,12.5,0.543,3.4,-2.9,-0.4,9.4,1.0,5.5,0.4,0.6,83.0,22.7,0,1993
Doc Rivers,31.0,NYK,1886.0,14.6,0.534,6.5,3.0,2.4,7.8,5.3,2.5,0.1,1.6,77.0,24.5,0,1993
Eddie Johnson,33.0,SEA,1869.0,17.1,0.533,4.8,-0.9,0.5,14.4,1.6,3.3,0.0,0.4,82.0,22.8,0,1993
Andrew Lang,26.0,PHI,1861.0,9.3,0.481,1.7,-3.1,-0.6,5.3,1.1,6.0,1.9,0.6,73.0,25.5,0,1993
Tom Tolbert,27.0,ORL,1838.0,10.4,0.552,2.7,-2.1,-0.1,8.1,1.3,5.7,0.3,0.5,72.0,25.5,0,1993
Larry Stewart,24.0,WSB,1823.0,14.5,0.589,2.9,-1.6,0.2,9.8,1.8,4.7,0.4,0.6,81.0,22.5,0,1993
Stanley Roberts,22.0,LAC,1816.0,14.7,0.531,3.2,-2.8,-0.4,11.3,0.8,6.2,1.8,0.4,77.0,23.6,0,1993
Carl Herrera,26.0,HOU,1800.0,13.1,0.58,4.6,-1.6,0.2,7.5,0.8,5.6,0.4,0.6,81.0,22.2,0,1993
Mike Iuzzolino,25.0,DAL,1769.0,12.7,0.561,1.5,-2.5,-0.2,8.7,4.7,2.0,0.1,0.7,70.0,25.3,0,1993
Brad Lohaus,28.0,MIL,1766.0,13.3,0.55,2.7,0.0,0.9,9.1,1.6,3.5,0.9,0.6,80.0,22.1,0,1993
Anthony Bonner,24.0,SAC,1764.0,12.3,0.498,2.4,-2.4,-0.2,8.6,1.4,6.5,0.2,1.2,70.0,25.2,0,1993
Kevin Duckworth,28.0,POR,1762.0,11.4,0.477,2.5,-3.3,-0.6,9.9,0.9,5.2,0.5,0.6,74.0,23.8,0,1993
Anthony Bowie,29.0,ORL,1761.0,11.2,0.51,2.5,-1.2,0.3,8.0,2.3,2.5,0.2,0.7,77.0,22.9,0,1993
Dennis Scott,24.0,ORL,1759.0,13.2,0.527,2.8,0.5,1.1,15.9,2.5,3.4,0.3,1.1,54.0,32.6,0,1993
Mario Elie,29.0,POR,1757.0,14.2,0.573,5.1,1.3,1.5,8.6,2.2,2.6,0.2,0.9,82.0,21.4,0,1993
Victor Alexander,23.0,GSW,1753.0,14.3,0.548,3.0,-1.6,0.2,11.2,1.3,5.8,0.7,0.5,72.0,24.3,0,1993
Armen Gilliam,28.0,PHI,1742.0,17.5,0.541,2.8,-1.4,0.3,12.4,1.5,5.9,0.7,0.5,80.0,21.8,0,1993
Duane Ferrell,27.0,ATL,1736.0,13.7,0.527,2.8,-2.0,0.0,10.2,1.6,2.3,0.2,0.7,82.0,21.2,0,1993
Mitch Richmond,27.0,SAC,1728.0,15.6,0.558,3.1,0.4,1.1,21.9,4.9,3.4,0.2,1.2,45.0,38.4,0,1993
Randy Brown,24.0,SAC,1726.0,11.3,0.511,1.9,-1.3,0.3,7.6,2.6,2.8,0.5,1.4,75.0,23.0,0,1993
Tom Chambers,33.0,PHO,1723.0,14.7,0.529,4.5,-2.1,0.0,12.2,1.4,4.7,0.3,0.6,73.0,23.6,0,1993
Jerome Kersey,30.0,POR,1719.0,13.7,0.475,3.4,-0.2,0.8,10.6,1.9,6.2,0.6,1.2,65.0,26.4,0,1993
David Benoit,24.0,UTA,1712.0,11.3,0.504,2.3,-3.3,-0.6,8.1,0.5,4.8,0.5,0.5,82.0,20.9,0,1993
Pervis Ellison,25.0,WSB,1701.0,18.5,0.559,3.9,1.4,1.4,17.4,2.4,8.8,2.2,0.9,49.0,34.7,0,1993
Greg Anthony,25.0,NYK,1699.0,13.7,0.469,4.6,2.7,2.0,6.6,5.7,2.4,0.2,1.6,70.0,24.3,0,1993
Byron Scott,31.0,LAL,1677.0,14.4,0.535,3.3,-0.7,0.5,13.7,2.7,2.3,0.2,0.9,58.0,28.9,0,1993
Walt Williams,22.0,SAC,1673.0,15.0,0.524,1.6,-0.7,0.5,17.0,3.0,4.5,0.5,1.1,59.0,28.4,0,1993
Clyde Drexler,30.0,POR,1671.0,20.7,0.517,6.0,5.5,3.2,19.9,5.7,6.3,0.8,1.9,49.0,34.1,0,1993
Anthony Peeler,23.0,LAL,1656.0,13.9,0.553,2.7,-0.7,0.6,10.4,2.2,2.3,0.2,0.8,77.0,21.5,0,1993
Kevin McHale,35.0,BOS,1656.0,14.4,0.519,2.8,-1.7,0.1,10.7,1.0,5.0,0.8,0.2,71.0,23.3,0,1993
Loy Vaught,24.0,LAC,1653.0,16.0,0.543,4.2,-1.2,0.3,9.4,0.7,6.2,0.5,0.7,79.0,20.9,0,1993
Kevin Johnson,26.0,PHO,1643.0,18.1,0.576,5.1,2.0,1.6,16.1,7.8,2.1,0.4,1.7,49.0,33.5,0,1993
John Williams,26.0,LAC,1638.0,10.5,0.461,1.9,-1.5,0.2,6.6,1.9,4.3,0.3,1.1,74.0,22.1,0,1993
Donald Royal,26.0,ORL,1636.0,14.5,0.627,5.1,0.0,0.8,9.2,1.0,3.8,0.3,0.5,77.0,21.2,0,1993
Gary Grant,27.0,LAC,1624.0,11.7,0.478,1.6,-1.7,0.1,6.6,4.8,1.9,0.1,1.4,74.0,21.9,0,1993
Terrell Brandon,22.0,CLE,1622.0,16.7,0.53,3.9,1.3,1.3,8.8,3.7,2.2,0.3,1.0,82.0,19.8,0,1993
Steve Smith,23.0,MIA,1610.0,16.1,0.543,3.5,1.6,1.5,16.0,5.6,4.1,0.3,1.0,48.0,33.5,0,1993
Cedric Ceballos,23.0,PHO,1607.0,21.0,0.612,6.2,2.4,1.8,12.8,1.0,5.5,0.4,0.7,74.0,21.7,0,1993
Brian Shaw,26.0,MIA,1603.0,11.3,0.465,1.8,-0.9,0.4,7.3,3.5,3.8,0.3,0.7,68.0,23.6,0,1993
Johnny Dawkins,29.0,PHI,1598.0,14.6,0.502,1.7,-1.2,0.4,8.9,4.6,1.8,0.1,1.1,74.0,21.6,0,1993
Rumeal Robinson,26.0,NJN,1585.0,13.7,0.464,1.9,-0.9,0.5,8.4,4.0,2.0,0.2,1.2,80.0,19.8,0,1993
Marcus Liberty,24.0,DEN,1585.0,12.5,0.456,2.2,-1.2,0.3,8.1,1.3,4.3,0.3,0.8,78.0,20.3,0,1993
Robert Pack,23.0,DEN,1579.0,16.4,0.545,3.1,0.1,0.8,10.5,4.4,2.1,0.1,1.1,77.0,20.5,0,1993
Walter Bond,23.0,DAL,1578.0,9.0,0.462,-0.8,-5.0,-1.2,8.0,1.6,2.6,0.2,1.0,74.0,21.3,0,1993
Lloyd Daniels,25.0,SAS,1573.0,12.9,0.51,1.8,-0.9,0.4,9.1,1.9,2.8,0.4,0.5,77.0,20.4,0,1993
Latrell Sprewell,23.0,GSW,3533.0,15.9,0.532,8.0,1.9,3.5,21.0,4.7,4.9,0.9,2.2,82.0,43.1,0,1994
Karl Malone,30.0,UTA,3329.0,22.9,0.55,13.4,5.6,6.4,25.2,4.0,11.5,1.5,1.5,82.0,40.6,0,1994
Hakeem Olajuwon,31.0,HOU,3277.0,25.3,0.565,14.3,6.8,7.3,27.3,3.6,11.9,3.7,1.6,80.0,41.0,1,1994
David Robinson,28.0,SAS,3241.0,30.7,0.577,20.0,11.9,11.4,29.8,4.8,10.7,3.3,1.7,80.0,40.5,0,1994
Shaquille O'Neal,21.0,ORL,3224.0,28.5,0.605,16.9,6.8,7.2,29.3,2.4,13.2,2.9,0.9,81.0,39.8,0,1994
Dan Majerle,28.0,PHO,3207.0,13.7,0.531,7.3,0.9,2.4,16.5,3.4,4.4,0.5,1.6,80.0,40.1,0,1994
Clarence Weatherspoon,23.0,PHI,3147.0,18.1,0.525,6.0,0.4,1.9,18.4,2.3,10.1,1.4,1.2,82.0,38.4,0,1994
Kenny Anderson,23.0,NJN,3135.0,18.2,0.491,7.5,2.4,3.4,18.8,9.6,3.9,0.2,1.9,82.0,38.2,0,1994
Jim Jackson,23.0,DAL,3066.0,14.4,0.497,0.6,-1.7,0.2,19.2,4.6,4.7,0.3,1.1,82.0,37.4,0,1994
Anfernee Hardaway,22.0,ORL,3015.0,17.4,0.531,7.1,2.9,3.8,16.0,6.6,5.4,0.6,2.3,82.0,36.8,0,1994
Glen Rice,26.0,MIA,2999.0,18.5,0.552,10.2,2.7,3.6,21.1,2.3,5.4,0.4,1.4,81.0,37.0,0,1994
Dennis Rodman,32.0,SAS,2989.0,13.4,0.549,8.7,1.0,2.3,4.7,2.3,17.3,0.4,0.7,79.0,37.8,0,1994
Patrick Ewing,31.0,NYK,2972.0,22.9,0.551,13.1,5.2,5.5,24.5,2.3,11.2,2.7,1.1,79.0,37.6,0,1994
John Stockton,31.0,UTA,2969.0,22.5,0.608,13.2,8.0,7.5,15.1,12.6,3.1,0.3,2.4,82.0,36.2,0,1994
Charles Oakley,30.0,NYK,2932.0,15.3,0.54,10.5,1.6,2.6,11.8,2.7,11.8,0.2,1.3,82.0,35.8,0,1994
Mookie Blaylock,26.0,ATL,2915.0,19.6,0.487,10.2,5.7,5.7,13.8,9.7,5.2,0.5,2.6,81.0,36.0,0,1994
Otis Thorpe,31.0,HOU,2909.0,16.1,0.593,9.8,0.3,1.7,14.0,2.3,10.6,0.3,0.8,82.0,35.5,0,1994
Mitch Richmond,28.0,SAC,2897.0,17.7,0.551,6.4,1.6,2.7,23.4,4.0,3.7,0.2,1.3,78.0,37.1,0,1994
Jamal Mashburn,21.0,DAL,2896.0,13.2,0.48,0.9,-2.4,-0.3,19.2,3.4,4.5,0.2,1.1,79.0,36.7,0,1994
Rod Strickland,27.0,POR,2889.0,19.8,0.543,9.3,3.6,4.1,17.2,9.0,4.5,0.3,1.8,82.0,35.2,0,1994
Gary Payton,25.0,SEA,2881.0,17.8,0.526,9.3,3.1,3.7,16.5,6.0,3.3,0.2,2.3,82.0,35.1,0,1994
Kevin Willis,31.0,ATL,2867.0,19.4,0.538,10.2,0.4,1.7,19.1,1.9,12.0,0.5,1.0,80.0,35.8,0,1994
Dee Brown,25.0,BOS,2867.0,16.0,0.533,6.4,1.5,2.5,15.5,4.5,3.9,0.6,2.0,77.0,37.2,0,1994
Ron Harper,30.0,LAC,2856.0,15.7,0.496,2.9,0.1,1.5,20.1,4.6,6.1,0.7,1.9,75.0,38.1,0,1994
Dikembe Mutombo,27.0,DEN,2853.0,17.9,0.59,9.4,3.2,3.7,12.0,1.5,11.8,4.1,0.7,82.0,34.8,0,1994
Clifford Robinson,27.0,POR,2853.0,17.4,0.513,7.5,1.1,2.3,20.1,1.9,6.7,1.4,1.4,82.0,34.8,0,1994
Bryant Stith,23.0,DEN,2853.0,12.7,0.53,6.8,0.0,1.4,12.5,2.4,4.3,0.2,1.4,82.0,34.8,0,1994
A.C. Green,30.0,PHO,2825.0,17.0,0.555,9.3,0.6,1.8,14.7,1.7,9.2,0.5,0.9,82.0,34.5,0,1994
Jeff Hornacek,30.0,2TM,2820.0,16.7,0.562,6.9,1.5,2.5,15.9,5.2,3.5,0.2,1.6,80.0,35.3,0,1994
Nick Anderson,26.0,ORL,2811.0,16.9,0.549,7.6,2.5,3.2,15.8,3.6,5.9,0.4,1.7,81.0,34.7,0,1994
Tom Gugliotta,24.0,WSB,2795.0,17.9,0.514,3.8,1.4,2.4,17.1,3.5,9.3,0.7,2.2,78.0,35.8,0,1994
Sherman Douglas,27.0,BOS,2789.0,14.3,0.5,2.7,-1.4,0.4,13.3,8.8,2.5,0.1,1.1,78.0,35.8,0,1994
Derrick Coleman,26.0,NJN,2778.0,21.4,0.534,9.9,4.3,4.4,20.2,3.4,11.3,1.8,0.9,77.0,36.1,0,1994
Steve Smith,24.0,MIA,2776.0,17.2,0.552,8.1,2.6,3.2,17.3,5.1,4.5,0.4,1.1,78.0,35.6,0,1994
Terry Mills,26.0,DET,2773.0,17.7,0.552,6.3,0.5,1.7,17.3,2.2,8.4,0.8,0.8,80.0,34.7,0,1994
B.J. Armstrong,26.0,CHI,2770.0,14.5,0.547,7.5,-0.1,1.3,14.8,3.9,2.1,0.1,1.0,82.0,33.8,0,1994
Gerald Wilkins,30.0,CLE,2768.0,14.9,0.539,6.8,1.1,2.2,14.3,3.1,3.7,0.5,1.3,82.0,33.8,0,1994
Scottie Pippen,28.0,CHI,2759.0,23.2,0.544,11.2,7.7,6.8,22.0,5.6,8.7,0.8,2.9,72.0,38.3,0,1994
Muggsy Bogues,29.0,CHH,2746.0,16.2,0.51,6.4,1.1,2.1,10.8,10.1,4.1,0.0,1.7,77.0,35.7,0,1994
Billy Owens,24.0,GSW,2738.0,15.6,0.532,5.7,0.4,1.7,15.0,4.1,8.1,0.8,1.1,79.0,34.7,0,1994
Detlef Schrempf,31.0,SEA,2728.0,14.9,0.564,8.4,0.3,1.6,15.0,3.4,5.6,0.1,0.9,81.0,33.7,0,1994
Kevin Edwards,28.0,NJN,2727.0,13.8,0.509,5.1,0.0,1.3,14.0,2.8,3.4,0.4,1.5,82.0,33.3,0,1994
Mark Jackson,28.0,LAC,2711.0,14.8,0.524,4.1,-0.1,1.3,10.9,8.6,4.4,0.1,1.5,79.0,34.3,0,1994
Lionel Simmons,25.0,SAC,2702.0,14.8,0.496,3.8,0.2,1.5,15.1,4.1,7.5,0.7,1.4,75.0,36.0,0,1994
Nick Van Exel,22.0,LAL,2700.0,13.6,0.485,3.4,-1.1,0.6,13.6,5.8,2.9,0.1,1.0,81.0,33.3,0,1994
LaPhonso Ellis,23.0,DEN,2699.0,15.9,0.542,7.6,0.6,1.8,15.4,2.1,8.6,1.0,0.8,79.0,34.2,0,1994
Vlade Divac,25.0,LAL,2685.0,18.8,0.546,7.4,2.3,2.9,14.2,3.9,10.8,1.4,1.2,79.0,34.0,0,1994
Hot Rod Williams,31.0,CLE,2660.0,16.2,0.532,7.4,1.5,2.4,13.7,2.5,7.6,1.7,1.0,76.0,35.0,0,1994
Reggie Williams,29.0,DEN,2654.0,13.1,0.478,4.8,0.6,1.7,13.0,3.7,4.8,0.8,1.4,82.0,32.4,0,1994
Hersey Hawkins,27.0,CHH,2648.0,15.6,0.579,6.5,1.0,2.0,14.4,2.6,4.6,0.3,1.6,82.0,32.3,0,1994
Reggie Miller,28.0,IND,2638.0,20.2,0.636,11.7,4.7,4.5,19.9,3.1,2.7,0.3,1.5,79.0,33.4,0,1994
Buck Williams,33.0,POR,2636.0,14.0,0.598,7.9,-0.6,0.9,9.7,1.0,10.4,0.6,0.7,81.0,32.5,0,1994
Dominique Wilkins,34.0,2TM,2635.0,21.4,0.529,8.4,2.6,3.0,26.0,2.3,6.5,0.4,1.2,74.0,35.6,0,1994
Mahmoud Abdul-Rauf,24.0,DEN,2617.0,16.7,0.521,6.8,0.8,1.9,18.0,4.5,2.1,0.1,1.0,80.0,32.7,0,1994
Derrick McKey,27.0,IND,2613.0,13.3,0.554,5.0,0.9,1.9,12.0,4.3,5.3,0.6,1.5,76.0,34.4,0,1994
Stacey Augmon,25.0,ATL,2605.0,17.9,0.576,9.7,2.7,3.1,14.8,2.3,4.8,0.5,1.8,82.0,31.8,0,1994
Shawn Kemp,24.0,SEA,2597.0,22.9,0.593,11.7,4.4,4.2,18.1,2.6,10.8,2.1,1.8,79.0,32.9,0,1994
Joe Dumars,30.0,DET,2591.0,16.2,0.558,4.4,0.3,1.5,20.4,3.8,2.2,0.1,0.9,69.0,37.6,0,1994
Dale Ellis,33.0,SAS,2590.0,14.7,0.577,7.6,0.7,1.8,15.2,1.0,3.3,0.1,0.9,77.0,33.6,0,1994
Vernon Maxwell,28.0,HOU,2571.0,12.5,0.483,3.5,-0.2,1.2,13.6,5.1,3.1,0.3,1.7,75.0,34.3,0,1994
Horace Grant,28.0,CHI,2570.0,19.8,0.54,10.0,4.0,3.9,15.1,3.4,11.0,1.2,1.1,70.0,36.7,0,1994
Spud Webb,30.0,SAC,2567.0,15.2,0.546,5.1,0.5,1.6,12.7,6.7,2.8,0.3,1.2,79.0,32.5,0,1994
Vin Baker,22.0,MIL,2560.0,16.1,0.526,4.4,-1.2,0.5,13.5,2.0,7.6,1.4,0.7,82.0,31.2,0,1994
Jeff Malone,32.0,2TM,2560.0,13.5,0.53,4.2,-2.9,-0.6,16.4,1.6,2.6,0.1,0.5,77.0,33.2,0,1994
Wayman Tisdale,29.0,SAC,2557.0,15.8,0.541,5.4,-1.4,0.4,16.7,1.8,7.1,0.7,0.5,79.0,32.4,0,1994
Ken Norman,29.0,MIL,2539.0,12.6,0.49,1.9,-2.3,-0.2,11.9,2.7,6.1,0.6,0.7,82.0,31.0,0,1994
Eric Murdock,25.0,MIL,2533.0,20.3,0.549,7.2,4.0,3.8,15.3,6.7,3.2,0.1,2.4,82.0,30.9,0,1994
Danny Manning,27.0,2TM,2520.0,16.4,0.519,3.5,0.5,1.6,20.6,3.8,6.8,1.2,1.5,68.0,37.1,0,1994
Dana Barros,26.0,PHI,2519.0,16.0,0.571,4.7,0.6,1.7,13.3,5.2,2.4,0.1,1.3,81.0,31.1,0,1994
Willie Anderson,27.0,SAS,2488.0,14.2,0.523,5.6,0.3,1.4,11.9,4.3,3.0,0.6,0.9,80.0,31.1,0,1994
Don MacLean,24.0,WSB,2487.0,17.8,0.566,5.6,-0.6,0.9,18.2,2.1,6.2,0.3,0.6,75.0,33.2,0,1994
Kevin Johnson,27.0,PHO,2449.0,20.6,0.566,8.7,3.4,3.4,20.0,9.5,2.5,0.1,1.9,67.0,36.6,0,1994
Chris Webber,20.0,GSW,2438.0,21.7,0.559,7.8,4.0,3.6,17.5,3.6,9.1,2.2,1.2,76.0,32.1,0,1994
Kendall Gill,25.0,SEA,2435.0,15.6,0.51,6.7,1.3,2.1,14.1,3.5,3.4,0.4,1.9,79.0,30.8,0,1994
Christian Laettner,24.0,MIN,2428.0,16.8,0.536,4.1,1.2,1.9,16.8,4.4,8.6,1.2,1.2,70.0,34.7,0,1994
Isaiah Rider,22.0,MIN,2415.0,14.2,0.533,1.7,-1.7,0.2,16.6,2.6,4.0,0.4,0.7,79.0,30.6,0,1994
Rony Seikaly,28.0,MIA,2410.0,17.1,0.55,6.7,-0.2,1.1,15.1,1.9,10.3,1.4,0.8,72.0,33.5,0,1994
Sean Elliott,25.0,DET,2409.0,11.3,0.51,1.4,-2.4,-0.2,12.1,2.7,3.6,0.4,0.7,73.0,33.0,0,1994
Olden Polynice,29.0,2TM,2402.0,14.9,0.529,5.1,-1.2,0.5,11.6,0.6,11.9,1.0,0.6,68.0,35.3,0,1994
Mark Price,29.0,CLE,2386.0,22.7,0.586,10.0,6.4,5.0,17.3,7.8,3.0,0.1,1.4,76.0,31.4,0,1994
Robert Horry,23.0,HOU,2370.0,14.2,0.521,5.9,2.2,2.5,9.9,2.9,5.4,0.9,1.5,81.0,29.3,0,1994
Michael Adams,31.0,WSB,2337.0,14.2,0.52,3.1,-1.0,0.6,12.1,6.9,2.6,0.1,1.4,70.0,33.4,0,1994
Tim Perry,28.0,PHI,2336.0,11.5,0.512,2.6,-1.6,0.2,9.0,1.2,5.1,1.0,0.8,80.0,29.2,0,1994
Clyde Drexler,31.0,POR,2334.0,18.4,0.514,6.8,3.0,3.0,19.2,4.9,6.5,0.5,1.4,68.0,34.3,0,1994
Avery Johnson,28.0,GSW,2332.0,13.9,0.533,4.1,-1.1,0.5,10.9,5.3,2.1,0.1,1.4,82.0,28.4,0,1994
Chris Mullin,30.0,GSW,2324.0,15.8,0.539,4.7,1.1,1.8,16.8,5.1,5.6,0.9,1.7,62.0,37.5,0,1994
Blue Edwards,28.0,MIL,2322.0,12.9,0.54,2.9,-2.2,-0.1,11.6,2.1,4.0,0.3,1.0,82.0,28.3,0,1994
Scott Skiles,29.0,ORL,2303.0,13.1,0.549,4.4,-1.3,0.4,9.9,6.1,2.3,0.0,0.6,82.0,28.1,0,1994
Dino Radja,26.0,BOS,2303.0,18.2,0.562,5.9,0.0,1.2,15.1,1.4,7.2,0.8,0.9,80.0,28.8,0,1994
Charles Barkley,30.0,PHO,2298.0,22.8,0.563,8.8,5.2,4.2,21.6,4.6,11.2,0.6,1.6,65.0,35.4,0,1994
Dale Davis,24.0,IND,2292.0,15.9,0.542,7.0,1.2,1.9,11.7,1.5,10.9,1.6,0.7,66.0,34.7,0,1994
Dennis Scott,25.0,ORL,2283.0,14.1,0.513,5.0,0.8,1.6,12.8,2.6,2.7,0.4,1.0,82.0,27.8,0,1994
Sedale Threatt,32.0,LAL,2278.0,15.3,0.524,4.5,-0.4,0.9,11.9,4.2,1.9,0.2,1.4,81.0,28.1,0,1994
Elden Campbell,25.0,LAL,2253.0,15.2,0.503,4.2,-1.2,0.5,12.3,1.1,6.8,1.9,0.8,76.0,29.6,0,1994
Felton Spencer,26.0,UTA,2210.0,11.7,0.54,4.7,-3.1,-0.6,8.6,0.5,8.3,0.8,0.5,79.0,28.0,0,1994
Kenny Smith,28.0,HOU,2209.0,14.2,0.581,6.1,0.2,1.2,11.6,4.2,1.8,0.1,0.8,78.0,28.3,0,1994
Micheal Williams,27.0,MIN,2206.0,18.0,0.563,5.6,1.9,2.2,13.7,7.2,3.1,0.3,1.7,71.0,31.1,0,1994
Derek Harper,32.0,2TM,2204.0,12.3,0.485,4.0,0.1,1.2,9.6,4.1,1.7,0.1,1.5,82.0,26.9,0,1994
Grant Long,27.0,MIA,2201.0,13.9,0.507,5.1,0.1,1.1,11.4,2.5,7.2,0.4,1.3,69.0,31.9,0,1994
Doug West,26.0,MIN,2182.0,13.3,0.532,2.6,-2.6,-0.3,14.7,2.4,3.2,0.3,0.9,72.0,30.3,0,1994
Dell Curry,29.0,CHH,2173.0,18.5,0.543,5.0,2.8,2.6,16.3,2.7,3.2,0.3,1.2,82.0,26.5,0,1994
Lindsey Hunter,23.0,DET,2172.0,12.0,0.441,-0.8,-2.2,-0.1,10.3,4.8,2.3,0.1,1.5,82.0,26.5,0,1994
Sam Perkins,32.0,SEA,2170.0,14.9,0.556,7.0,1.0,1.7,12.3,1.4,4.5,0.4,0.8,81.0,26.8,0,1994
Tyrone Corbin,31.0,UTA,2149.0,11.8,0.506,4.4,-0.5,0.8,8.0,1.5,4.7,0.3,1.2,82.0,26.2,0,1994
Craig Ehlo,32.0,ATL,2147.0,15.0,0.529,5.9,2.2,2.3,10.0,3.3,3.4,0.3,1.7,82.0,26.2,0,1994
Todd Day,24.0,MIL,2127.0,13.5,0.488,2.1,-1.9,0.1,12.7,1.8,4.1,0.7,1.4,76.0,28.0,0,1994
Loy Vaught,25.0,LAC,2118.0,16.0,0.566,5.5,-1.3,0.3,11.7,1.0,8.7,0.3,1.0,75.0,28.2,0,1994
Rik Smits,27.0,IND,2113.0,19.7,0.58,7.8,2.2,2.3,15.7,2.0,6.2,1.1,0.6,78.0,27.1,0,1994
Harvey Grant,28.0,POR,2112.0,12.3,0.48,3.9,-1.2,0.4,10.4,1.4,4.6,0.6,0.9,77.0,27.4,0,1994
Rick Fox,24.0,BOS,2096.0,14.4,0.535,3.2,-0.2,0.9,10.8,2.6,4.3,0.6,1.0,82.0,25.6,0,1994
Frank Brickowski,34.0,2TM,2094.0,14.3,0.54,2.7,-1.5,0.3,13.2,3.1,5.7,0.4,1.1,71.0,29.5,0,1994
Terry Porter,30.0,POR,2074.0,16.4,0.538,5.4,2.2,2.2,13.1,5.2,2.8,0.2,1.0,77.0,26.9,0,1994
John Starks,28.0,NYK,2057.0,16.0,0.516,5.8,2.7,2.4,19.0,5.9,3.1,0.1,1.6,59.0,34.9,0,1994
Brian Shaw,27.0,MIA,2037.0,13.4,0.491,3.2,0.8,1.4,9.0,5.0,4.5,0.3,0.9,77.0,26.5,0,1994
Steve Kerr,28.0,CHI,2036.0,13.7,0.572,6.1,0.8,1.5,8.6,2.6,1.6,0.0,0.9,82.0,24.8,0,1994
Pete Myers,30.0,CHI,2030.0,10.6,0.507,3.0,-2.2,-0.1,7.9,3.0,2.2,0.2,1.0,82.0,24.8,0,1994
Chuck Person,29.0,MIN,2029.0,11.7,0.502,1.2,-2.1,-0.1,11.6,2.4,3.3,0.2,0.6,77.0,26.4,0,1994
Rex Chapman,26.0,WSB,2025.0,16.9,0.572,3.9,0.3,1.2,18.2,3.1,2.4,0.1,1.0,60.0,33.8,0,1994
Chris Mills,24.0,CLE,2022.0,12.6,0.492,4.0,-1.4,0.3,9.4,1.6,5.1,0.6,0.7,79.0,25.6,0,1994
Alonzo Mourning,23.0,CHH,2018.0,21.7,0.588,6.3,1.4,1.7,21.5,1.4,10.2,3.1,0.5,60.0,33.6,0,1994
Greg Anthony,26.0,NYK,1994.0,13.0,0.487,5.5,1.6,1.8,7.9,4.6,2.4,0.2,1.4,80.0,24.9,0,1994
Robert Parish,40.0,BOS,1987.0,16.1,0.53,4.0,-1.0,0.5,11.7,1.1,7.3,1.3,0.6,74.0,26.9,0,1994
Xavier McDaniel,30.0,BOS,1971.0,14.5,0.497,2.3,-1.8,0.1,11.3,1.5,4.9,0.5,0.6,82.0,24.0,0,1994
Armen Gilliam,29.0,NJN,1969.0,18.5,0.577,6.8,1.0,1.5,11.8,0.8,6.1,0.7,0.5,82.0,24.0,0,1994
Orlando Woolridge,34.0,PHI,1955.0,13.9,0.517,1.5,-3.1,-0.5,12.7,1.9,4.0,0.8,0.6,74.0,26.4,0,1994
P.J. Brown,24.0,NJN,1950.0,12.2,0.48,4.2,0.1,1.0,5.7,1.2,6.2,1.2,0.9,79.0,24.7,0,1994
Vinny Del Negro,27.0,SAS,1949.0,15.3,0.545,5.7,-0.1,0.9,10.0,4.2,2.1,0.0,0.8,77.0,25.3,0,1994
Fat Lever,33.0,DAL,1947.0,13.2,0.462,2.9,0.5,1.3,6.9,2.6,3.5,0.2,2.0,81.0,24.0,0,1994
Elmore Spencer,24.0,LAC,1930.0,10.7,0.55,0.6,-4.1,-1.0,8.9,1.0,5.5,1.7,0.4,76.0,25.4,0,1994
Mike Brown,30.0,MIN,1921.0,7.2,0.479,1.5,-3.4,-0.7,3.6,0.9,5.5,0.4,0.6,82.0,23.4,0,1994
John Salley,29.0,MIA,1910.0,13.0,0.544,4.8,0.6,1.2,7.7,1.8,5.4,1.0,0.7,76.0,25.1,0,1994
Anthony Mason,27.0,NYK,1903.0,10.8,0.524,4.9,-0.7,0.6,7.2,2.1,5.8,0.1,0.4,73.0,26.1,0,1994
Nate McMillan,29.0,SEA,1887.0,15.5,0.52,6.0,5.6,3.6,6.0,5.3,3.9,0.3,3.0,73.0,25.8,0,1994
Kevin Gamble,28.0,BOS,1880.0,13.4,0.503,2.1,-1.7,0.2,11.5,2.0,2.1,0.3,0.8,75.0,25.1,0,1994
Tom Chambers,34.0,UTA,1838.0,13.4,0.512,3.9,-2.3,-0.1,11.2,1.0,4.1,0.4,0.5,80.0,23.0,0,1994
Brad Daugherty,28.0,CLE,1838.0,18.4,0.566,6.4,1.9,1.8,17.0,3.0,10.2,0.7,0.8,50.0,36.8,0,1994
Jon Koncak,30.0,ATL,1823.0,9.9,0.444,3.8,-0.5,0.7,4.2,1.2,4.5,1.5,0.8,82.0,22.2,0,1994
Benoit Benjamin,29.0,NJN,1817.0,14.2,0.525,4.1,-2.1,0.0,9.3,0.6,6.5,1.2,0.5,77.0,23.6,0,1994
Toni Kukoč,25.0,CHI,1808.0,15.4,0.497,3.2,1.0,1.4,10.9,3.4,4.0,0.4,1.1,75.0,24.1,0,1994
Oliver Miller,23.0,PHO,1786.0,18.2,0.617,5.3,4.6,3.0,9.2,3.5,6.9,2.3,1.2,69.0,25.9,0,1994
Popeye Jones,23.0,DAL,1773.0,14.1,0.515,3.6,-2.1,-0.1,5.8,1.2,7.5,0.4,0.8,81.0,21.9,0,1994
George Lynch,23.0,LAL,1762.0,16.1,0.527,3.9,0.1,0.9,9.6,1.4,5.8,0.4,1.4,71.0,24.8,0,1994
Larry Johnson,24.0,CHH,1757.0,16.8,0.55,3.9,0.4,1.1,16.4,3.6,8.8,0.3,0.6,51.0,34.5,0,1994
Isiah Thomas,32.0,DET,1750.0,15.2,0.488,0.2,-1.0,0.5,14.8,6.9,2.7,0.1,1.2,58.0,30.2,0,1994
Antonio Davis,25.0,IND,1732.0,15.2,0.561,5.0,0.1,0.9,7.7,0.7,6.2,1.0,0.6,81.0,21.4,0,1994
Bimbo Coles,25.0,MIA,1726.0,13.0,0.51,3.2,0.0,0.9,7.7,3.5,2.1,0.2,1.0,76.0,22.7,0,1994
Haywoode Workman,28.0,IND,1714.0,12.9,0.49,2.8,-0.4,0.7,7.7,6.2,3.1,0.1,1.3,65.0,26.4,0,1994
Michael Cage,32.0,SEA,1708.0,11.9,0.545,4.9,-0.3,0.7,4.6,0.5,5.4,0.5,0.9,82.0,20.8,0,1994
Johnny Newman,30.0,2TM,1697.0,14.1,0.545,3.7,-1.3,0.3,10.3,0.9,2.2,0.3,0.9,81.0,21.0,0,1994
Vincent Askew,27.0,SEA,1690.0,15.9,0.551,6.0,1.8,1.6,9.1,2.4,2.3,0.2,0.9,80.0,21.1,0,1994
Doug Smith,24.0,DAL,1684.0,13.5,0.476,2.3,-2.1,-0.1,8.8,1.5,4.4,0.5,1.0,79.0,21.3,0,1994
Kenny Gattison,29.0,CHH,1644.0,13.3,0.558,3.5,-1.3,0.3,7.7,1.2,4.6,0.6,0.8,77.0,21.4,0,1994
Greg Anderson,29.0,DET,1624.0,14.6,0.561,3.4,-1.6,0.2,6.4,0.7,7.4,0.9,0.7,77.0,21.1,0,1994
Jay Humphries,31.0,UTA,1619.0,10.9,0.493,2.0,-1.4,0.3,7.5,2.9,1.7,0.1,0.9,75.0,21.6,0,1994
Chris Smith,23.0,MIN,1617.0,10.2,0.488,0.9,-3.2,-0.5,5.9,3.6,1.5,0.2,0.5,80.0,20.2,0,1994
Tony Smith,25.0,LAL,1617.0,12.8,0.482,1.7,-2.0,0.0,8.8,2.0,2.7,0.2,0.8,73.0,22.2,0,1994
Andrew Lang,27.0,ATL,1608.0,11.0,0.499,2.9,-2.9,-0.4,6.1,0.6,3.8,1.1,0.5,82.0,19.6,0,1994
Mario Elie,30.0,HOU,1606.0,13.4,0.575,4.2,0.6,1.0,9.3,3.1,2.7,0.1,0.7,67.0,24.0,0,1994
Calbert Cheaney,22.0,WSB,1604.0,14.0,0.508,1.2,-2.4,-0.2,12.0,1.9,2.9,0.2,1.0,65.0,24.7,0,1994
Cedric Ceballos,24.0,PHO,1602.0,20.9,0.566,5.5,2.3,1.8,19.1,1.7,6.5,0.4,1.1,53.0,30.2,0,1994
James Worthy,32.0,LAL,1597.0,12.8,0.452,0.1,-2.9,-0.4,10.2,1.9,2.3,0.2,0.6,80.0,20.0,0,1994
Vin Baker,23.0,MIL,3361.0,16.6,0.511,5.8,0.2,1.8,17.7,3.6,10.3,1.4,1.0,82.0,41.0,0,1995
Dana Barros,27.0,PHI,3318.0,20.9,0.632,12.7,5.0,5.8,20.6,7.5,3.3,0.0,1.8,82.0,40.5,0,1995
Larry Johnson,25.0,CHH,3234.0,17.1,0.555,8.5,2.0,3.2,18.8,4.6,7.2,0.3,1.0,81.0,39.9,0,1995
Mitch Richmond,29.0,SAC,3172.0,17.2,0.551,8.0,2.1,3.2,22.8,3.8,4.4,0.4,1.1,82.0,38.7,0,1995
Karl Malone,31.0,UTA,3126.0,25.1,0.59,13.8,5.6,6.0,26.7,3.5,10.6,1.0,1.6,82.0,38.1,0,1995
Dikembe Mutombo,28.0,DEN,3100.0,17.0,0.595,8.7,1.8,2.9,11.5,1.4,12.5,3.9,0.5,82.0,37.8,0,1995
Dan Majerle,29.0,PHO,3091.0,15.1,0.555,7.7,1.9,3.1,15.6,4.1,4.6,0.5,1.2,82.0,37.7,0,1995
David Robinson,29.0,SAS,3074.0,29.1,0.602,17.5,9.2,8.7,27.6,2.9,10.8,3.2,1.7,81.0,38.0,1,1995
Mookie Blaylock,27.0,ATL,3069.0,19.2,0.531,9.4,5.1,5.4,17.2,7.7,4.9,0.3,2.5,80.0,38.4,0,1995
Gary Payton,26.0,SEA,3015.0,21.3,0.564,11.7,4.9,5.2,20.6,7.1,3.4,0.2,2.5,82.0,36.8,0,1995
Glen Rice,27.0,MIA,3014.0,19.7,0.586,10.0,3.3,4.0,22.3,2.3,4.6,0.2,1.4,82.0,36.8,0,1995
Scottie Pippen,29.0,CHI,3014.0,22.6,0.559,11.8,7.5,7.2,21.4,5.2,8.1,1.1,2.9,79.0,38.2,0,1995
Avery Johnson,29.0,SAS,3011.0,15.7,0.554,8.0,1.2,2.4,13.4,8.2,2.5,0.2,1.4,82.0,36.7,0,1995
Clarence Weatherspoon,24.0,PHI,2991.0,15.2,0.489,3.6,-0.6,1.1,18.1,2.8,6.9,0.9,1.5,76.0,39.4,0,1995
Jamal Mashburn,22.0,DAL,2980.0,17.3,0.526,6.3,0.7,2.0,24.1,3.7,4.1,0.1,1.0,80.0,37.3,0,1995
Loy Vaught,26.0,LAC,2966.0,17.1,0.541,5.5,-0.7,1.0,17.5,1.7,9.7,0.4,1.3,80.0,37.1,0,1995
Glenn Robinson,22.0,MIL,2958.0,16.6,0.538,3.2,-0.9,0.8,21.9,2.5,6.4,0.3,1.4,80.0,37.0,0,1995
Nick Van Exel,23.0,LAL,2944.0,16.3,0.544,6.4,0.5,1.9,16.9,8.3,2.8,0.1,1.2,80.0,36.8,0,1995
Alonzo Mourning,24.0,CHH,2941.0,20.1,0.593,9.4,1.1,2.3,21.3,1.4,9.9,2.9,0.6,77.0,38.2,0,1995
Shaquille O'Neal,22.0,ORL,2923.0,28.6,0.588,14.0,5.8,5.7,29.3,2.7,11.4,2.4,0.9,79.0,37.0,0,1995
Patrick Ewing,32.0,NYK,2920.0,21.9,0.555,9.6,3.5,4.1,23.9,2.7,11.0,2.0,0.9,79.0,37.0,0,1995
Anfernee Hardaway,23.0,ORL,2901.0,20.8,0.599,10.7,4.1,4.5,20.9,7.2,4.4,0.3,1.7,77.0,37.7,0,1995
Detlef Schrempf,32.0,SEA,2886.0,20.3,0.641,12.9,4.4,4.7,19.2,3.8,6.2,0.4,1.1,82.0,35.2,0,1995
John Stockton,32.0,UTA,2867.0,23.3,0.651,13.9,9.0,7.9,14.7,12.3,3.1,0.3,2.4,82.0,35.0,0,1995
Pooh Richardson,28.0,LAC,2864.0,12.6,0.459,2.1,-1.6,0.2,10.9,7.9,3.3,0.2,1.6,80.0,35.8,0,1995
Sean Elliott,26.0,SAS,2858.0,16.0,0.587,8.7,1.9,2.8,18.1,2.5,3.5,0.5,1.0,81.0,35.3,0,1995
Hakeem Olajuwon,32.0,HOU,2853.0,26.0,0.563,10.7,5.4,5.3,27.8,3.5,10.8,3.4,1.8,72.0,39.6,0,1995
Chris Mills,25.0,CLE,2814.0,11.6,0.52,5.4,-1.1,0.7,12.3,1.9,4.6,0.4,0.7,80.0,35.2,0,1995
Vlade Divac,26.0,LAL,2807.0,20.5,0.568,9.5,3.9,4.1,16.0,4.1,10.4,2.2,1.4,80.0,35.1,0,1995
Derrick McKey,28.0,IND,2805.0,15.0,0.558,7.4,2.2,3.0,13.3,3.4,4.9,0.6,1.5,81.0,34.6,0,1995
Dee Brown,26.0,BOS,2792.0,15.7,0.562,6.8,2.1,2.9,15.6,3.8,3.2,0.6,1.4,79.0,35.3,0,1995
Latrell Sprewell,24.0,GSW,2771.0,14.1,0.519,2.0,-1.2,0.5,20.6,4.0,3.7,0.7,1.6,69.0,40.2,0,1995
Christian Laettner,25.0,MIN,2770.0,17.7,0.58,6.2,1.1,2.2,16.3,2.9,7.6,1.1,1.2,81.0,34.2,0,1995
Walt Williams,24.0,SAC,2739.0,15.0,0.544,5.1,1.8,2.7,16.4,4.1,4.5,0.8,1.6,77.0,35.6,0,1995
Hersey Hawkins,28.0,CHH,2731.0,16.3,0.622,8.7,2.5,3.1,14.3,3.2,3.8,0.2,1.5,82.0,33.3,0,1995
Clyde Drexler,32.0,2TM,2728.0,22.4,0.577,11.7,6.5,5.9,21.8,4.8,6.3,0.6,1.8,76.0,35.9,0,1995
John Starks,29.0,NYK,2725.0,13.8,0.526,6.2,1.2,2.2,15.3,5.1,2.7,0.1,1.2,80.0,34.1,0,1995
Clifford Robinson,28.0,POR,2725.0,18.3,0.538,8.7,3.5,3.8,21.3,2.6,5.6,1.1,1.1,75.0,36.3,0,1995
Todd Day,25.0,MIL,2717.0,14.4,0.546,4.8,-0.1,1.3,16.0,1.6,3.9,0.8,1.3,82.0,33.1,0,1995
Derek Harper,33.0,NYK,2716.0,12.6,0.547,6.4,0.2,1.5,11.5,5.7,2.4,0.1,1.0,80.0,34.0,0,1995
Jeff Hornacek,31.0,UTA,2696.0,18.6,0.62,10.1,3.8,3.9,16.5,4.3,2.6,0.2,1.6,81.0,33.3,0,1995
Horace Grant,29.0,ORL,2693.0,16.9,0.593,9.5,2.0,2.7,12.8,2.3,9.7,1.2,1.0,74.0,36.4,0,1995
Kenny Anderson,24.0,NJN,2689.0,18.0,0.522,6.8,2.2,2.8,17.6,9.4,3.5,0.2,1.4,72.0,37.3,0,1995
A.C. Green,31.0,PHO,2687.0,14.2,0.596,6.7,-0.1,1.3,11.2,1.5,8.2,0.4,0.7,82.0,32.8,0,1995
Shawn Kemp,25.0,SEA,2679.0,21.7,0.61,10.6,1.7,2.5,18.7,1.8,10.9,1.5,1.2,82.0,32.7,0,1995
Grant Hill,22.0,DET,2678.0,19.0,0.541,5.4,2.0,2.7,19.9,5.0,6.4,0.9,1.8,70.0,38.3,0,1995
Jason Kidd,21.0,DAL,2668.0,15.1,0.471,3.7,1.2,2.1,11.7,7.7,5.4,0.3,1.9,79.0,33.8,0,1995
Reggie Miller,29.0,IND,2665.0,20.1,0.62,11.4,5.2,4.9,19.6,3.0,2.6,0.2,1.2,81.0,32.9,0,1995
Steve Smith,25.0,2TM,2665.0,16.1,0.559,7.8,1.1,2.1,16.3,3.4,3.5,0.4,0.8,80.0,33.3,0,1995
Calbert Cheaney,23.0,WSB,2651.0,14.2,0.529,3.2,-1.1,0.6,16.6,2.3,4.1,0.3,1.0,78.0,34.0,0,1995
Isaiah Rider,23.0,MIN,2645.0,15.6,0.548,1.9,-0.5,1.0,20.4,3.3,3.3,0.3,0.9,75.0,35.3,0,1995
Hot Rod Williams,32.0,CLE,2641.0,14.6,0.496,5.3,0.8,1.9,12.6,2.6,6.9,1.4,1.1,74.0,35.7,0,1995
Grant Long,28.0,2TM,2641.0,14.4,0.547,6.6,-0.6,0.9,11.6,1.6,7.5,0.4,1.3,81.0,32.6,0,1995
Muggsy Bogues,30.0,CHH,2629.0,16.9,0.533,8.6,1.5,2.3,11.1,8.7,3.3,0.0,1.3,78.0,33.7,0,1995
Nick Anderson,27.0,ORL,2588.0,17.5,0.593,8.3,4.0,3.9,15.8,4.1,4.4,0.3,1.6,76.0,34.1,0,1995
Toni Kukoč,26.0,CHI,2584.0,19.8,0.575,10.0,4.3,4.1,15.7,4.6,5.4,0.2,1.3,81.0,31.9,0,1995
B.J. Armstrong,27.0,CHI,2577.0,15.1,0.577,8.1,1.0,1.9,14.0,3.0,2.3,0.1,1.0,82.0,31.4,0,1995
Tom Gugliotta,25.0,3TM,2568.0,15.2,0.515,3.5,1.5,2.2,12.7,3.6,7.4,0.8,1.7,77.0,33.4,0,1995
Lamond Murray,21.0,LAC,2556.0,11.6,0.472,-0.3,-3.4,-0.9,14.1,1.6,4.4,0.7,0.9,81.0,31.6,0,1995
Joe Dumars,31.0,DET,2544.0,13.9,0.541,1.7,-2.4,-0.3,18.1,5.5,2.4,0.1,1.1,67.0,38.0,0,1995
Olden Polynice,30.0,SAC,2534.0,14.7,0.565,6.7,-0.7,0.8,10.8,0.8,9.0,0.6,0.6,81.0,31.3,0,1995
Terry Mills,27.0,DET,2514.0,14.7,0.543,3.7,-1.2,0.5,15.5,2.2,7.8,0.5,0.9,72.0,34.9,0,1995
Bobby Phills,25.0,CLE,2500.0,12.2,0.477,4.0,-1.0,0.6,11.0,2.3,3.3,0.3,1.4,80.0,31.3,0,1995
Anthony Mason,28.0,NYK,2496.0,14.9,0.599,8.6,1.9,2.5,9.9,3.1,8.4,0.3,0.9,77.0,32.4,0,1995
Armen Gilliam,30.0,NJN,2472.0,18.1,0.562,6.6,0.7,1.7,14.8,1.2,7.5,1.1,0.8,82.0,30.1,0,1995
P.J. Brown,25.0,NJN,2466.0,12.1,0.492,4.6,-0.5,0.9,8.1,1.7,6.1,1.7,0.9,80.0,30.8,0,1995
Spud Webb,31.0,SAC,2458.0,13.7,0.552,5.1,-0.3,1.1,11.6,6.2,2.3,0.1,1.0,76.0,32.3,0,1995
Dominique Wilkins,35.0,BOS,2423.0,16.3,0.519,3.9,0.1,1.3,17.8,2.2,5.2,0.2,0.8,77.0,31.5,0,1995
Buck Williams,34.0,POR,2422.0,13.6,0.545,6.1,-0.8,0.7,9.2,1.0,8.2,0.8,0.8,82.0,29.5,0,1995
Sean Rooks,25.0,MIN,2405.0,12.6,0.555,3.0,-3.0,-0.6,10.9,1.2,6.1,0.9,0.4,80.0,30.1,0,1995
Mark Jackson,29.0,IND,2402.0,14.0,0.493,4.5,1.2,1.9,7.6,7.5,3.7,0.2,1.3,82.0,29.3,0,1995
Tyrone Hill,26.0,CLE,2397.0,16.8,0.554,6.9,-1.3,0.4,13.8,0.8,10.9,0.6,0.8,70.0,34.2,0,1995
Kevin Willis,32.0,2TM,2390.0,16.1,0.504,3.6,-2.6,-0.4,17.2,1.3,10.9,0.5,0.9,67.0,35.7,0,1995
Popeye Jones,24.0,DAL,2385.0,13.8,0.462,3.6,-2.6,-0.3,10.3,2.0,10.6,0.3,0.4,80.0,29.8,0,1995
Lorenzo Williams,25.0,DAL,2383.0,10.3,0.471,3.1,-1.7,0.2,4.0,1.5,8.4,1.8,0.6,82.0,29.1,0,1995
Charles Barkley,31.0,PHO,2382.0,25.2,0.572,10.6,6.3,5.0,23.0,4.1,11.1,0.7,1.6,68.0,35.0,0,1995
Rik Smits,28.0,IND,2381.0,19.5,0.571,7.2,0.3,1.4,17.9,1.4,7.7,1.0,0.5,78.0,30.5,0,1995
Shawn Bradley,22.0,PHI,2365.0,14.8,0.489,3.5,-1.4,0.3,9.5,0.6,8.0,3.3,0.7,82.0,28.8,0,1995
Stacey Augmon,26.0,ATL,2362.0,16.0,0.512,5.1,0.7,1.6,13.9,2.6,4.8,0.6,1.3,76.0,31.1,0,1995
Vinny Del Negro,28.0,SAS,2360.0,13.8,0.56,6.8,0.7,1.6,12.5,3.0,2.6,0.2,0.8,75.0,31.5,0,1995
Sam Perkins,33.0,SEA,2356.0,16.2,0.606,8.5,2.9,2.9,12.7,1.6,4.9,0.5,0.9,82.0,28.7,0,1995
Juwan Howard,21.0,WSB,2348.0,15.0,0.521,2.8,-2.2,-0.1,17.0,2.5,8.4,0.2,0.8,65.0,36.1,0,1995
Dale Davis,25.0,IND,2346.0,16.1,0.57,6.8,0.9,1.7,10.6,0.8,9.4,1.6,1.0,74.0,31.7,0,1995
Andrew Lang,28.0,ATL,2340.0,13.1,0.523,4.9,-1.9,0.0,9.7,0.9,5.6,1.8,0.5,82.0,28.5,0,1995
Bryant Stith,24.0,DEN,2329.0,14.4,0.567,5.6,0.1,1.2,11.2,1.9,3.3,0.2,1.1,81.0,28.8,0,1995
Doug West,27.0,MIN,2328.0,11.6,0.528,1.8,-3.4,-0.8,12.9,2.6,3.2,0.3,0.9,71.0,32.8,0,1995
Tim Hardaway,28.0,GSW,2321.0,18.3,0.55,5.1,2.6,2.7,20.1,9.3,3.1,0.2,1.4,62.0,37.4,0,1995
Eric Montross,23.0,BOS,2315.0,12.1,0.565,4.1,-3.0,-0.6,10.0,0.5,7.3,0.8,0.4,78.0,29.7,0,1995
Billy Owens,25.0,MIA,2296.0,15.6,0.523,3.2,0.2,1.2,14.3,3.5,7.2,0.4,1.1,70.0,32.8,0,1995
Brian Grant,22.0,SAC,2289.0,16.5,0.546,5.3,-0.2,1.0,13.2,1.2,7.5,1.5,0.6,80.0,28.6,0,1995
Rod Strickland,28.0,POR,2267.0,21.6,0.544,8.5,5.3,4.2,18.9,8.8,5.0,0.1,1.9,64.0,35.4,0,1995
Chris Dudley,29.0,POR,2245.0,10.9,0.424,4.1,-3.0,-0.6,5.5,0.4,9.3,1.5,0.5,82.0,27.4,0,1995
Bimbo Coles,26.0,MIA,2207.0,12.5,0.497,2.8,-1.5,0.3,10.0,6.1,2.8,0.2,1.5,68.0,32.5,0,1995
Reggie Williams,30.0,DEN,2198.0,16.9,0.538,5.8,2.4,2.5,13.4,3.1,4.4,0.9,1.5,74.0,29.7,0,1995
Eric Murdock,26.0,MIL,2158.0,17.3,0.524,4.3,1.5,1.9,13.0,6.4,2.9,0.2,1.5,75.0,28.8,0,1995
Charles Smith,29.0,NYK,2150.0,13.9,0.544,4.8,-1.0,0.6,12.7,1.6,4.3,1.3,0.6,76.0,28.3,0,1995
Dino Radja,27.0,BOS,2147.0,17.9,0.537,4.5,0.0,1.1,17.2,1.7,8.7,1.3,0.9,66.0,32.5,0,1995
Rodney Rogers,23.0,DEN,2142.0,15.2,0.55,3.9,-0.1,1.1,12.2,2.0,4.8,0.6,1.2,80.0,26.8,0,1995
Chris Morris,29.0,NJN,2131.0,15.5,0.504,4.0,1.4,1.8,13.4,2.1,5.7,0.7,1.2,71.0,30.0,0,1995
Tony Massenburg,27.0,LAC,2127.0,11.7,0.526,2.2,-3.9,-1.0,9.3,0.8,5.7,0.7,0.6,80.0,26.6,0,1995
Kendall Gill,26.0,SEA,2125.0,15.2,0.527,4.6,0.5,1.4,13.7,2.6,4.0,0.4,1.6,73.0,29.1,0,1995
Derrick Coleman,27.0,NJN,2103.0,19.0,0.525,5.1,1.5,1.8,20.5,3.3,10.6,1.7,0.6,56.0,37.6,0,1995
Otis Thorpe,32.0,2TM,2096.0,16.4,0.582,5.6,-0.5,0.8,13.4,1.6,8.0,0.4,0.6,70.0,29.9,0,1995
Donyell Marshall,21.0,2TM,2086.0,12.5,0.465,0.3,-3.2,-0.7,12.6,1.5,5.6,1.2,0.6,72.0,29.0,0,1995
Mahmoud Abdul-Rauf,25.0,DEN,2082.0,17.8,0.543,5.0,1.2,1.7,16.0,3.6,1.9,0.1,1.1,73.0,28.5,0,1995
Scott Skiles,30.0,WSB,2077.0,15.7,0.599,4.5,0.6,1.3,13.0,7.3,2.6,0.1,1.1,62.0,33.5,0,1995
Elden Campbell,26.0,LAL,2076.0,15.4,0.5,3.8,-1.6,0.2,12.5,1.3,6.1,1.8,0.9,73.0,28.4,0,1995
Robert Horry,24.0,HOU,2074.0,13.5,0.556,4.2,2.1,2.1,10.2,3.4,5.1,1.2,1.5,64.0,32.4,0,1995
Nate McMillan,30.0,SEA,2070.0,13.1,0.496,5.1,3.6,2.9,5.2,5.3,3.8,0.7,2.1,80.0,25.9,0,1995
Chris Webber,21.0,WSB,2067.0,20.1,0.521,4.0,3.5,2.9,20.1,4.7,9.6,1.6,1.5,54.0,38.3,0,1995
Marty Conlon,27.0,MIL,2064.0,13.6,0.556,3.1,-2.4,-0.2,9.9,1.3,5.2,0.2,0.5,82.0,25.2,0,1995
Sherman Douglas,28.0,BOS,2048.0,17.0,0.53,4.2,1.2,1.7,14.7,6.9,2.6,0.0,1.2,65.0,31.5,0,1995
Sharone Wright,22.0,PHI,2044.0,14.0,0.502,1.7,-3.7,-0.9,11.4,0.6,6.0,1.3,0.5,79.0,25.9,0,1995
Michael Cage,33.0,CLE,2040.0,13.5,0.537,5.8,0.2,1.1,5.0,0.7,6.9,0.8,0.7,82.0,24.9,0,1995
Vernon Maxwell,29.0,HOU,2038.0,11.9,0.508,1.9,-1.7,0.2,13.3,4.3,2.6,0.2,1.2,64.0,31.8,0,1995
Chuck Person,30.0,SAS,2033.0,11.5,0.549,3.6,-0.5,0.8,10.8,1.3,3.2,0.1,0.6,81.0,25.1,0,1995
Kenny Smith,29.0,HOU,2030.0,16.2,0.64,6.1,2.0,2.1,10.4,4.0,1.9,0.1,0.9,81.0,25.1,0,1995
Cedric Ceballos,25.0,LAL,2029.0,19.9,0.57,5.2,0.9,1.5,21.7,1.8,8.0,0.3,1.0,58.0,35.0,0,1995
Scott Burrell,24.0,CHH,2014.0,15.0,0.571,5.6,2.2,2.1,11.5,2.5,5.7,0.6,1.2,65.0,31.0,0,1995
Dale Ellis,34.0,DEN,1996.0,12.9,0.553,3.4,-1.5,0.2,11.3,0.7,2.7,0.1,0.5,81.0,24.6,0,1995
Allan Houston,23.0,DET,1996.0,16.4,0.589,3.8,0.7,1.4,14.5,2.2,2.2,0.2,0.8,76.0,26.3,0,1995
Jim Jackson,24.0,DAL,1982.0,18.9,0.549,4.9,2.0,2.0,25.7,3.7,5.1,0.2,0.5,51.0,38.9,0,1995
Eddie Jones,23.0,LAL,1981.0,16.3,0.548,5.0,2.3,2.1,14.0,2.0,3.9,0.6,2.0,64.0,31.0,0,1995
Elliot Perry,25.0,PHO,1977.0,17.3,0.59,5.2,2.2,2.1,9.7,4.8,1.8,0.0,1.9,82.0,24.1,0,1995
Terrell Brandon,24.0,CLE,1961.0,18.7,0.527,5.6,3.8,2.8,13.3,5.4,2.8,0.2,1.6,67.0,29.3,0,1995
John Salley,30.0,MIA,1955.0,11.4,0.563,3.6,-1.2,0.4,7.3,1.6,4.5,1.1,0.6,75.0,26.1,0,1995
Winston Garland,30.0,MIN,1931.0,10.1,0.488,1.2,-2.6,-0.3,6.1,4.4,2.3,0.2,1.0,73.0,26.5,0,1995
Johnny Newman,31.0,MIL,1896.0,10.4,0.563,2.8,-2.7,-0.3,7.7,1.1,2.1,0.2,0.8,82.0,23.1,0,1995
Mario Elie,31.0,HOU,1896.0,13.7,0.631,4.8,0.1,1.0,8.8,2.3,2.4,0.1,0.8,81.0,23.4,0,1995
Sam Cassell,25.0,HOU,1882.0,15.9,0.556,4.7,0.3,1.1,9.5,4.9,2.6,0.2,1.1,82.0,23.0,0,1995
Ken Norman,30.0,ATL,1879.0,14.8,0.511,3.2,-1.1,0.4,12.7,1.3,4.9,0.3,0.5,74.0,25.4,0,1995
David Benoit,26.0,UTA,1841.0,13.9,0.564,4.6,-0.4,0.8,10.4,0.8,5.2,0.7,0.6,71.0,25.9,0,1995
Donald Royal,28.0,ORL,1841.0,12.2,0.561,3.6,-1.7,0.1,9.1,2.8,4.0,0.2,0.6,70.0,26.3,0,1995
Steve Kerr,29.0,CHI,1839.0,13.5,0.635,5.9,0.9,1.4,8.2,1.8,1.5,0.0,0.5,82.0,22.4,0,1995
Brian Shaw,28.0,ORL,1836.0,10.4,0.468,1.3,-2.3,-0.1,6.4,5.2,3.1,0.2,0.9,78.0,23.5,0,1995
Wesley Person,23.0,PHO,1800.0,14.2,0.596,3.8,0.0,0.9,10.4,1.3,2.6,0.3,0.6,78.0,23.1,0,1995
Jalen Rose,22.0,DEN,1798.0,15.1,0.55,3.8,0.5,1.1,8.2,4.8,2.7,0.3,0.8,81.0,22.2,0,1995
Scott Williams,26.0,PHI,1781.0,12.6,0.51,3.1,-2.2,-0.1,6.4,0.8,6.3,0.5,0.9,77.0,23.1,0,1995
Rafael Addison,30.0,DET,1776.0,11.3,0.521,1.5,-3.3,-0.6,8.3,1.4,3.1,0.3,0.7,79.0,22.5,0,1995
Terry Dehere,23.0,LAC,1774.0,11.8,0.513,0.5,-4.0,-0.9,10.4,2.8,1.9,0.1,0.6,80.0,22.2,0,1995
Harvey Grant,29.0,POR,1771.0,13.2,0.498,4.0,-0.2,0.8,9.1,1.1,3.8,0.7,0.7,75.0,23.6,0,1995
Lee Mayberry,24.0,MIL,1744.0,9.9,0.533,1.6,-2.7,-0.3,5.8,3.4,1.0,0.0,0.6,82.0,21.3,0,1995
Michael Smith,22.0,SAC,1736.0,13.5,0.544,3.7,-0.9,0.5,6.9,0.8,5.9,0.6,0.7,82.0,21.2,0,1995
Keith Jennings,26.0,GSW,1722.0,15.3,0.598,4.2,1.1,1.3,7.4,4.7,1.9,0.0,1.2,80.0,21.5,0,1995
Vincent Askew,28.0,SEA,1721.0,13.6,0.577,4.6,-0.1,0.8,9.9,2.5,2.5,0.2,0.7,71.0,24.2,0,1995
Gheorghe Mureșan,23.0,WSB,1720.0,17.4,0.591,4.1,-0.9,0.5,10.0,0.5,6.7,1.7,0.7,73.0,23.6,0,1995
Dell Curry,30.0,CHH,1718.0,15.5,0.565,3.3,1.5,1.5,13.6,1.6,2.4,0.3,0.8,69.0,24.9,0,1995
Matt Geiger,25.0,MIA,1712.0,12.9,0.563,2.7,-2.8,-0.3,8.3,0.7,5.6,0.7,0.6,74.0,23.1,0,1995
Doug Overton,25.0,WSB,1704.0,11.6,0.521,1.7,-2.6,-0.3,7.0,3.0,1.7,0.0,0.6,82.0,20.8,0,1995
Hubert Davis,24.0,NYK,1697.0,14.7,0.612,4.8,2.1,1.8,10.0,1.8,1.3,0.1,0.4,82.0,20.7,0,1995
Lucious Harris,24.0,DAL,1695.0,15.1,0.548,4.1,0.9,1.3,9.5,1.7,2.8,0.2,0.7,79.0,21.5,0,1995
Antoine Carr,33.0,UTA,1677.0,13.9,0.588,4.3,-1.6,0.2,9.6,0.9,3.4,0.9,0.3,78.0,21.5,0,1995
Bo Outlaw,23.0,LAC,1655.0,13.3,0.519,2.5,0.4,1.0,5.2,1.0,3.9,1.9,1.1,81.0,20.4,0,1995
Malik Sealy,24.0,LAC,1604.0,14.7,0.507,2.1,-1.2,0.3,13.0,1.8,3.6,0.4,1.2,60.0,26.7,0,1995
Benoit Benjamin,30.0,NJN,1598.0,13.9,0.555,2.2,-2.8,-0.3,11.1,0.6,7.2,1.0,0.4,61.0,26.2,0,1995
Will Perdue,29.0,CHI,1592.0,16.3,0.57,4.7,-1.2,0.3,8.0,1.2,6.7,0.7,0.3,78.0,20.4,0,1995
Dennis Rodman,33.0,SAS,1568.0,16.6,0.604,5.8,1.8,1.5,7.1,2.0,16.8,0.5,0.6,49.0,32.0,0,1995
Charles Oakley,31.0,NYK,1567.0,14.3,0.551,4.5,0.7,1.0,10.1,2.5,8.9,0.1,1.2,50.0,31.3,0,1995
J.R. Reid,26.0,SAS,1566.0,12.7,0.565,3.5,-1.7,0.1,7.0,0.7,4.9,0.4,0.7,81.0,19.3,0,1995
Willie Burton,26.0,PHI,1564.0,13.9,0.561,2.6,-1.1,0.4,15.3,1.8,3.1,0.4,0.6,53.0,29.5,0,1995
Anthony Mason,29.0,NYK,3457.0,15.8,0.61,11.3,1.9,3.4,14.6,4.4,9.3,0.4,0.8,82.0,42.2,0,1996
Vin Baker,24.0,MIL,3319.0,18.4,0.527,6.2,0.1,1.8,21.1,2.6,9.9,1.1,0.8,82.0,40.5,0,1996
Juwan Howard,22.0,WSB,3294.0,17.0,0.53,5.6,-0.4,1.3,22.1,4.4,8.1,0.5,0.8,81.0,40.7,0,1996
Larry Johnson,26.0,CHH,3274.0,19.8,0.563,10.1,2.8,3.9,20.5,4.4,8.4,0.5,0.7,81.0,40.4,0,1996
Grant Hill,23.0,DET,3260.0,20.9,0.537,11.7,4.8,5.6,20.2,6.9,9.8,0.6,1.3,80.0,40.8,0,1996
Glenn Robinson,23.0,MIL,3249.0,15.9,0.534,3.5,0.0,1.6,20.2,3.6,6.1,0.5,1.2,82.0,39.6,0,1996
Michael Finley,22.0,PHO,3212.0,14.0,0.551,6.3,-0.2,1.5,15.0,3.5,4.6,0.4,1.0,82.0,39.2,0,1996
Gary Payton,27.0,SEA,3162.0,19.6,0.554,11.5,4.6,5.2,19.3,7.5,4.2,0.2,2.9,81.0,39.0,0,1996
Glen Rice,28.0,CHH,3142.0,17.8,0.584,8.3,1.4,2.7,21.6,2.9,4.8,0.2,1.2,79.0,39.8,0,1996
Karl Malone,32.0,UTA,3113.0,26.0,0.575,15.1,7.0,7.1,25.7,4.2,9.8,0.7,1.7,82.0,38.0,0,1996
Clarence Weatherspoon,25.0,PHI,3096.0,17.1,0.541,5.8,-0.2,1.4,16.7,2.0,9.7,1.4,1.4,78.0,39.7,0,1996
Michael Jordan,32.0,CHI,3090.0,29.4,0.582,20.4,10.5,9.8,30.4,4.3,6.6,0.5,2.2,82.0,37.7,1,1996
Avery Johnson,30.0,SAS,3084.0,16.3,0.534,9.1,1.7,2.9,13.1,9.6,2.5,0.3,1.5,82.0,37.6,0,1996
Allan Houston,24.0,DET,3072.0,15.7,0.576,7.1,1.0,2.3,19.7,3.0,3.7,0.2,0.7,82.0,37.5,0,1996
Latrell Sprewell,25.0,GSW,3064.0,15.9,0.527,5.5,0.7,2.1,18.9,4.2,4.9,0.6,1.6,78.0,39.3,0,1996
Chris Mills,26.0,CLE,3060.0,15.2,0.554,7.8,-0.1,1.5,15.1,2.4,5.5,0.7,0.9,80.0,38.3,0,1996
Dennis Scott,27.0,ORL,3041.0,16.1,0.589,8.8,2.3,3.3,17.5,3.0,3.8,0.4,1.1,82.0,37.1,0,1996
Jason Kidd,22.0,DAL,3034.0,17.8,0.468,4.3,2.0,3.0,16.6,9.7,6.8,0.3,2.2,81.0,37.5,0,1996
David Robinson,30.0,SAS,3019.0,29.4,0.589,18.3,8.9,8.3,25.0,3.0,12.2,3.3,1.4,82.0,36.8,0,1996
Anfernee Hardaway,24.0,ORL,3015.0,24.6,0.605,14.4,7.2,6.9,21.7,7.1,4.3,0.5,2.0,82.0,36.8,0,1996
Grant Long,29.0,ATL,3008.0,16.2,0.546,8.4,0.7,2.1,13.1,2.2,9.6,0.4,1.3,82.0,36.7,0,1996
Clifford Robinson,29.0,POR,2980.0,16.3,0.532,8.0,2.1,3.0,21.1,2.4,5.7,0.9,1.1,78.0,38.2,0,1996
Loy Vaught,27.0,LAC,2966.0,16.7,0.551,6.3,-0.9,0.8,16.2,1.4,10.1,0.5,1.1,80.0,37.1,0,1996
Mitch Richmond,30.0,SAC,2946.0,19.2,0.591,9.3,3.5,4.1,23.1,3.1,3.3,0.2,1.5,81.0,36.4,0,1996
P.J. Brown,26.0,NJN,2942.0,12.6,0.5,5.3,-0.5,1.1,11.3,2.0,6.9,1.2,1.0,81.0,36.3,0,1996
John Stockton,33.0,UTA,2915.0,21.9,0.642,13.0,6.8,6.4,14.7,11.2,2.8,0.2,1.7,82.0,35.5,0,1996
Sean Elliott,27.0,SAS,2901.0,16.3,0.585,7.7,1.7,2.7,20.0,2.7,5.1,0.4,0.9,77.0,37.7,0,1996
Derek Harper,34.0,NYK,2893.0,13.9,0.558,6.3,0.5,1.8,14.0,4.3,2.5,0.1,1.6,82.0,35.3,0,1996
Mookie Blaylock,28.0,ATL,2893.0,18.9,0.529,9.0,5.3,5.4,15.7,5.9,4.1,0.2,2.6,81.0,35.7,0,1996
Damon Stoudamire,22.0,TOR,2865.0,16.7,0.528,4.3,0.1,1.6,19.0,9.3,4.0,0.3,1.4,70.0,40.9,0,1996
Steve Smith,26.0,ATL,2856.0,16.6,0.551,7.9,1.0,2.1,18.1,2.8,4.1,0.2,0.9,80.0,35.7,0,1996
Armen Gilliam,31.0,NJN,2856.0,17.6,0.522,6.7,0.8,1.9,18.3,1.8,9.1,0.7,0.9,78.0,36.6,0,1996
George McCloud,28.0,DAL,2846.0,15.9,0.543,5.8,1.4,2.4,18.9,2.7,4.8,0.5,1.4,79.0,36.0,0,1996
Otis Thorpe,33.0,DET,2841.0,15.7,0.573,7.6,-0.4,1.2,14.2,1.9,8.4,0.5,0.6,82.0,34.6,0,1996
Tom Gugliotta,26.0,MIN,2835.0,16.9,0.54,5.3,1.0,2.1,16.2,3.1,8.8,1.2,1.8,78.0,36.3,0,1996
Scottie Pippen,30.0,CHI,2825.0,21.0,0.551,12.3,6.3,5.9,19.4,5.9,6.4,0.7,1.7,77.0,36.7,0,1996
Hersey Hawkins,29.0,SEA,2823.0,16.1,0.603,9.5,2.8,3.4,15.6,2.7,3.6,0.2,1.8,82.0,34.4,0,1996
Joe Smith,20.0,GSW,2821.0,17.2,0.523,6.8,-0.7,0.9,15.3,1.0,8.7,1.6,1.0,82.0,34.4,0,1996
Jim Jackson,25.0,DAL,2820.0,16.6,0.538,5.4,-0.3,1.2,19.6,2.9,5.0,0.3,0.6,82.0,34.4,0,1996
Bryant Stith,25.0,DEN,2810.0,13.9,0.519,5.2,-0.6,1.0,13.6,2.9,4.9,0.2,1.4,82.0,34.3,0,1996
Hakeem Olajuwon,33.0,HOU,2797.0,25.5,0.558,9.7,4.9,4.9,26.9,3.6,10.9,2.9,1.6,72.0,38.8,0,1996
Patrick Ewing,33.0,NYK,2783.0,20.9,0.516,6.8,1.6,2.5,22.5,2.1,10.6,2.4,0.9,76.0,36.6,0,1996
Blue Edwards,30.0,VAN,2773.0,11.9,0.498,1.9,-1.9,0.1,12.7,2.6,4.2,0.6,1.4,82.0,33.8,0,1996
Vinny Del Negro,29.0,SAS,2766.0,15.6,0.564,8.3,1.1,2.2,14.5,3.8,3.3,0.1,1.0,82.0,33.7,0,1996
Nick Anderson,28.0,ORL,2717.0,16.5,0.562,7.4,2.9,3.4,14.7,3.6,5.4,0.6,1.6,77.0,35.3,0,1996
Dikembe Mutombo,29.0,DEN,2713.0,17.1,0.562,7.6,2.1,2.8,11.0,1.5,11.8,4.5,0.5,74.0,36.7,0,1996
Jerry Stackhouse,21.0,PHI,2701.0,14.8,0.525,1.2,-1.0,0.7,19.2,3.9,3.7,1.1,1.1,72.0,37.5,0,1996
Elden Campbell,27.0,LAL,2699.0,18.0,0.549,8.2,1.7,2.6,13.9,2.2,7.6,2.6,1.1,82.0,32.9,0,1996
Johnny Newman,32.0,MIL,2690.0,11.5,0.592,4.4,-1.4,0.4,10.8,1.9,2.4,0.2,1.1,82.0,32.8,0,1996
Danny Ferry,29.0,CLE,2680.0,14.2,0.557,5.5,-0.1,1.3,13.3,2.3,3.8,0.5,0.7,82.0,32.7,0,1996
Alonzo Mourning,25.0,MIA,2671.0,22.7,0.584,9.9,4.2,4.2,23.2,2.3,10.4,2.7,1.0,70.0,38.2,0,1996
Mark Jackson,30.0,IND,2643.0,15.9,0.568,7.2,2.7,3.1,10.0,7.8,3.8,0.1,1.2,81.0,32.6,0,1996
Robert Horry,25.0,HOU,2634.0,13.7,0.537,4.9,2.3,2.8,12.0,4.0,5.8,1.5,1.6,71.0,37.1,0,1996
Charles Barkley,32.0,PHO,2632.0,24.8,0.585,10.5,5.7,5.1,23.2,3.7,11.6,0.8,1.6,71.0,37.1,0,1996
Michael Cage,34.0,CLE,2631.0,14.1,0.561,8.1,-0.2,1.2,6.0,0.6,8.9,1.0,1.1,82.0,32.1,0,1996
Shawn Kemp,26.0,SEA,2631.0,22.6,0.631,11.2,2.8,3.2,19.6,2.2,11.4,1.6,1.2,79.0,33.3,0,1996
Cedric Ceballos,26.0,LAL,2628.0,22.1,0.599,9.8,2.6,3.1,21.2,1.5,6.9,0.3,1.2,78.0,33.7,0,1996
Dale Ellis,35.0,DEN,2626.0,14.7,0.58,6.2,0.6,1.7,14.9,1.7,3.9,0.1,0.7,81.0,32.4,0,1996
Reggie Miller,30.0,IND,2621.0,20.1,0.625,10.3,4.7,4.5,21.1,3.3,2.8,0.2,1.0,76.0,34.5,0,1996
Dale Davis,26.0,IND,2617.0,14.3,0.553,6.2,0.4,1.5,10.3,1.0,9.1,1.4,0.7,78.0,33.6,0,1996
Bimbo Coles,27.0,2TM,2615.0,12.4,0.513,5.0,-0.2,1.2,11.0,5.2,3.2,0.2,1.2,81.0,32.3,0,1996
Wesley Person,24.0,PHO,2609.0,12.6,0.543,4.0,-1.2,0.6,12.7,1.7,3.9,0.3,0.7,82.0,31.8,0,1996
Isaiah Rider,24.0,MIN,2594.0,15.6,0.55,3.4,-0.9,0.7,19.6,2.8,4.1,0.3,0.6,75.0,34.6,0,1996
Jeff Hornacek,32.0,UTA,2588.0,19.1,0.619,10.2,4.4,4.2,15.2,4.1,2.5,0.2,1.3,82.0,31.6,0,1996
Rick Fox,26.0,BOS,2588.0,16.1,0.547,5.1,1.3,2.2,14.0,4.6,5.6,0.5,1.4,81.0,32.0,0,1996
Terrell Brandon,25.0,CLE,2570.0,25.2,0.573,12.7,7.5,6.2,19.3,6.5,3.3,0.4,1.8,75.0,34.3,0,1996
Tim Hardaway,29.0,2TM,2534.0,18.7,0.54,7.3,3.1,3.3,15.2,8.0,2.9,0.2,1.7,80.0,31.7,0,1996
Bobby Phills,26.0,CLE,2530.0,16.8,0.564,7.1,1.7,2.3,14.6,3.8,3.6,0.4,1.4,72.0,35.1,0,1996
Rod Strickland,29.0,POR,2526.0,19.1,0.519,7.1,3.1,3.2,18.7,9.6,4.4,0.2,1.4,67.0,37.7,0,1996
Oliver Miller,25.0,TOR,2516.0,16.2,0.55,3.8,0.0,1.2,12.9,2.9,7.4,1.9,1.4,76.0,33.1,0,1996
Nick Van Exel,24.0,LAL,2513.0,15.9,0.528,5.7,0.6,1.6,14.9,6.9,2.4,0.1,0.9,74.0,34.0,0,1996
Christian Laettner,26.0,2TM,2495.0,17.7,0.563,6.2,0.6,1.6,16.4,2.7,7.3,1.0,1.0,74.0,33.7,0,1996
John Starks,30.0,NYK,2491.0,14.2,0.555,5.7,1.0,1.9,12.6,3.9,2.9,0.1,1.3,81.0,30.8,0,1996
Tyus Edney,22.0,SAC,2481.0,12.7,0.505,3.3,-1.8,0.1,10.8,6.1,2.5,0.0,1.1,80.0,31.0,0,1996
Alvin Robertson,33.0,TOR,2478.0,12.7,0.531,2.8,-0.7,0.8,9.3,4.2,4.4,0.5,2.2,77.0,32.2,0,1996
Vlade Divac,27.0,LAL,2470.0,17.4,0.544,6.1,1.4,2.1,12.9,3.3,8.6,1.7,1.0,79.0,31.3,0,1996
Vernon Maxwell,30.0,PHI,2467.0,13.9,0.508,0.9,-1.7,0.2,16.2,4.4,3.1,0.2,1.3,75.0,32.9,0,1996
Bryant Reeves,22.0,VAN,2460.0,13.4,0.506,2.3,-3.7,-1.0,13.3,1.4,7.4,0.7,0.6,77.0,31.9,0,1996
Tracy Murray,24.0,TOR,2458.0,16.8,0.557,4.9,0.1,1.3,16.2,1.6,4.3,0.5,1.1,82.0,30.0,0,1996
Olden Polynice,31.0,SAC,2441.0,15.8,0.543,5.3,-1.7,0.2,12.2,0.7,9.4,0.8,0.6,81.0,30.1,0,1996
Derrick McKey,29.0,IND,2440.0,14.2,0.543,5.7,1.9,2.4,11.7,3.5,4.8,0.6,1.1,75.0,32.5,0,1996
Chris Childs,28.0,NJN,2408.0,16.4,0.549,5.8,1.7,2.2,12.8,7.0,3.1,0.1,1.4,78.0,30.9,0,1996
Brian Grant,23.0,SAC,2398.0,15.8,0.56,4.7,-0.9,0.6,14.4,1.6,7.0,1.3,0.5,78.0,30.7,0,1996
Harvey Grant,30.0,POR,2394.0,10.4,0.487,4.0,-0.9,0.6,9.3,1.5,4.8,0.6,0.8,76.0,31.5,0,1996
Dell Curry,31.0,CHH,2371.0,16.8,0.568,5.1,1.8,2.3,14.5,2.1,3.2,0.3,1.3,82.0,28.9,0,1996
Dan Majerle,30.0,CLE,2367.0,15.1,0.53,5.5,1.9,2.3,10.6,2.6,3.7,0.4,1.0,82.0,28.9,0,1996
Andrew Lang,29.0,2TM,2365.0,11.9,0.484,2.3,-3.4,-0.8,11.7,0.9,6.4,1.8,0.6,71.0,33.3,0,1996
Matt Geiger,26.0,CHH,2349.0,14.2,0.573,4.3,-2.9,-0.5,11.2,0.8,8.4,0.8,0.6,77.0,30.5,0,1996
Kenny Anderson,25.0,2TM,2344.0,19.5,0.534,7.7,4.3,3.7,15.2,8.3,2.9,0.2,1.6,69.0,34.0,0,1996
Sherman Douglas,29.0,2TM,2335.0,14.6,0.57,3.3,-1.1,0.5,11.3,5.5,2.3,0.1,0.8,79.0,29.6,0,1996
Shawn Bradley,23.0,2TM,2329.0,15.7,0.481,3.0,-1.4,0.3,11.9,0.8,8.1,3.6,0.6,79.0,29.5,0,1996
Dana Barros,28.0,BOS,2328.0,15.6,0.596,5.6,1.1,1.8,13.0,3.8,2.4,0.0,0.7,80.0,29.1,0,1996
Calbert Cheaney,24.0,WSB,2324.0,13.0,0.528,3.2,-1.9,0.1,15.1,2.2,3.4,0.3,1.0,70.0,33.2,0,1996
Popeye Jones,25.0,DAL,2322.0,13.4,0.486,3.7,-2.7,-0.4,11.3,1.9,10.8,0.4,0.8,68.0,34.1,0,1996
Stacey Augmon,27.0,ATL,2294.0,15.9,0.556,5.6,0.4,1.4,12.7,1.8,3.9,0.4,1.4,77.0,29.8,0,1996
Kevin Garnett,19.0,MIN,2293.0,15.8,0.522,4.4,1.0,1.7,10.4,1.8,6.3,1.6,1.1,80.0,28.7,0,1996
Horace Grant,30.0,ORL,2286.0,17.9,0.551,8.0,2.3,2.5,13.4,2.7,9.2,1.2,1.0,63.0,36.3,0,1996
Antonio McDyess,21.0,DEN,2280.0,15.6,0.516,3.6,-1.9,0.0,13.4,1.0,7.5,1.5,0.7,76.0,30.0,0,1996
B.J. Armstrong,28.0,GSW,2262.0,17.3,0.595,7.0,1.8,2.2,12.3,4.9,2.2,0.1,0.8,82.0,27.6,0,1996
Aaron McKie,23.0,POR,2259.0,13.4,0.534,5.3,0.4,1.4,10.7,2.5,3.8,0.3,1.1,81.0,27.9,0,1996
Gheorghe Mureșan,24.0,WSB,2242.0,21.0,0.6,8.0,1.6,2.1,14.5,0.7,9.6,2.3,0.7,76.0,29.5,0,1996
Detlef Schrempf,33.0,SEA,2200.0,17.3,0.598,8.2,2.5,2.5,17.1,4.4,5.2,0.1,0.9,63.0,34.9,0,1996
Joe Dumars,32.0,DET,2193.0,13.7,0.579,6.0,1.1,1.7,11.8,4.0,2.1,0.0,0.6,67.0,32.7,0,1996
Eddie Jones,24.0,LAL,2184.0,17.0,0.583,6.8,3.3,2.9,12.8,3.5,3.3,0.6,1.8,70.0,31.2,0,1996
Sam Perkins,34.0,SEA,2169.0,15.4,0.537,6.9,2.0,2.2,11.8,1.5,4.5,0.6,1.0,82.0,26.5,0,1996
Walt Williams,25.0,2TM,2169.0,15.8,0.547,5.1,2.1,2.3,13.6,3.2,4.4,0.8,1.2,73.0,29.7,0,1996
Bison Dele,26.0,LAC,2157.0,17.0,0.582,4.0,-0.6,0.8,15.8,1.9,7.6,0.8,1.1,65.0,33.2,0,1996
Sam Mitchell,32.0,MIN,2145.0,13.0,0.566,4.3,-2.2,-0.1,10.8,0.9,4.3,0.3,0.6,78.0,27.5,0,1996
Lindsey Hunter,25.0,DET,2138.0,11.2,0.499,3.9,0.3,1.2,8.5,2.4,2.4,0.2,1.1,80.0,26.7,0,1996
Kevin Willis,33.0,2TM,2135.0,11.7,0.496,2.2,-4.8,-1.5,10.6,0.7,8.5,0.5,0.4,75.0,28.5,0,1996
Jalen Rose,23.0,DEN,2134.0,14.3,0.553,2.9,-0.6,0.7,10.0,6.2,3.3,0.5,0.7,80.0,26.7,0,1996
Chuck Person,31.0,SAS,2131.0,13.6,0.581,5.5,1.5,1.9,10.9,1.3,5.2,0.3,0.6,80.0,26.6,0,1996
A.C. Green,32.0,PHO,2113.0,12.9,0.558,4.4,-1.3,0.4,7.5,0.9,6.8,0.3,0.5,82.0,25.8,0,1996
David Wesley,25.0,BOS,2104.0,18.5,0.585,6.3,2.8,2.5,12.3,4.8,3.2,0.1,1.2,82.0,25.7,0,1996
Toni Kukoč,27.0,CHI,2103.0,20.4,0.589,10.1,5.4,4.0,13.1,3.5,4.0,0.3,0.8,81.0,26.0,0,1996
Greg Anthony,28.0,VAN,2096.0,18.6,0.53,4.8,2.9,2.6,14.0,6.9,2.5,0.2,1.7,69.0,30.4,0,1996
Antonio Davis,27.0,IND,2092.0,13.9,0.567,6.0,-1.1,0.5,8.8,0.5,6.1,0.8,0.4,82.0,25.5,0,1996
Dennis Rodman,34.0,CHI,2088.0,13.6,0.501,6.2,0.0,1.1,5.5,2.5,14.9,0.4,0.6,64.0,32.6,0,1996
Terry Porter,32.0,MIN,2072.0,15.4,0.552,3.7,0.4,1.2,9.4,5.5,2.6,0.2,1.1,82.0,25.3,0,1996
Willie Anderson,29.0,2TM,2060.0,11.3,0.507,1.4,-2.2,-0.1,9.8,2.6,3.2,0.8,1.0,76.0,27.1,0,1996
Brent Price,27.0,WSB,2042.0,17.5,0.655,7.4,3.0,2.6,10.0,5.1,2.8,0.0,1.0,81.0,25.2,0,1996
Mahmoud Abdul-Rauf,26.0,DEN,2029.0,18.6,0.535,5.5,1.9,1.9,19.2,6.8,2.4,0.1,1.1,57.0,35.6,0,1996
Chucky Brown,27.0,HOU,2019.0,13.7,0.568,4.2,-1.6,0.2,8.6,1.1,5.4,0.5,0.6,82.0,24.6,0,1996
Terry Dehere,24.0,LAC,2018.0,16.7,0.612,5.0,0.8,1.4,12.4,4.3,1.7,0.2,0.7,82.0,24.6,0,1996
Pooh Richardson,29.0,LAC,2013.0,14.5,0.517,3.8,0.0,1.0,11.7,5.4,2.5,0.2,1.2,63.0,32.0,0,1996
Kevin Johnson,29.0,PHO,2007.0,22.8,0.617,8.2,4.7,3.4,18.7,9.2,3.9,0.2,1.5,56.0,35.8,0,1996
Clyde Drexler,33.0,HOU,1997.0,20.0,0.551,6.7,4.0,3.0,19.3,5.8,7.2,0.5,2.0,52.0,38.4,0,1996
Dino Radja,28.0,BOS,1984.0,18.0,0.536,4.0,-0.3,0.9,19.7,1.6,9.8,1.5,0.9,53.0,37.4,0,1996
Billy Owens,26.0,2TM,1982.0,14.2,0.517,3.2,0.3,1.2,13.0,3.3,6.6,0.6,0.8,62.0,32.0,0,1996
David Benoit,27.0,UTA,1961.0,12.2,0.524,3.9,-0.2,0.9,8.2,1.0,4.7,0.6,0.5,81.0,24.2,0,1996
Rodney Rogers,24.0,LAC,1950.0,13.5,0.537,2.3,-1.1,0.5,11.6,2.5,4.3,0.5,1.1,67.0,29.1,0,1996
Shaquille O'Neal,23.0,ORL,1946.0,26.4,0.57,6.9,3.7,2.8,26.6,2.9,11.0,2.1,0.6,54.0,36.0,0,1996
Chris King,26.0,VAN,1930.0,10.8,0.492,1.1,-2.5,-0.2,7.9,1.3,3.6,0.4,0.9,80.0,24.1,0,1996
Chris Dudley,30.0,POR,1924.0,12.2,0.473,4.7,-1.3,0.4,5.1,0.5,9.0,1.3,0.5,80.0,24.1,0,1996
Steve Kerr,30.0,CHI,1919.0,15.2,0.663,8.3,3.4,2.6,8.4,2.3,1.3,0.0,0.8,82.0,23.4,0,1996
Rik Smits,29.0,IND,1901.0,19.0,0.569,5.0,0.5,1.2,18.5,1.7,6.9,0.7,0.3,63.0,30.2,0,1996
Brent Barry,24.0,LAC,1898.0,15.9,0.609,4.9,2.2,2.0,10.1,2.9,2.1,0.3,1.2,79.0,24.0,0,1996
Keith Askins,28.0,MIA,1897.0,10.0,0.55,4.4,1.0,1.4,6.1,1.6,4.3,0.8,0.6,75.0,25.3,0,1996
Benoit Benjamin,31.0,2TM,1896.0,14.4,0.539,2.3,-2.6,-0.3,8.8,0.8,6.5,1.0,0.5,83.0,22.8,0,1996
Byron Scott,34.0,VAN,1894.0,13.0,0.523,2.3,-1.3,0.3,10.2,1.5,2.4,0.3,0.8,80.0,23.7,0,1996
Ron Harper,32.0,CHI,1886.0,14.4,0.528,6.3,2.6,2.2,7.4,2.6,2.7,0.4,1.3,80.0,23.6,0,1996
Rex Chapman,28.0,MIA,1865.0,13.0,0.539,4.2,0.8,1.3,14.0,3.0,2.6,0.2,0.8,56.0,33.3,0,1996
Jayson Williams,27.0,NJN,1858.0,16.4,0.462,3.8,-3.1,-0.5,9.0,0.6,10.0,0.7,0.4,80.0,23.2,0,1996
Lamond Murray,22.0,LAC,1816.0,11.1,0.513,1.2,-2.4,-0.2,8.4,1.1,3.2,0.3,0.8,77.0,23.6,0,1996
Rony Seikaly,30.0,GSW,1813.0,14.2,0.561,2.3,-3.4,-0.7,12.1,1.1,7.8,1.1,0.6,64.0,28.3,0,1996
Todd Day,26.0,2TM,1807.0,13.5,0.489,1.9,-1.3,0.3,11.7,1.4,2.8,0.6,1.0,79.0,22.9,0,1996
Lorenzo Williams,26.0,DAL,1806.0,9.6,0.404,1.7,-3.0,-0.5,3.0,1.3,8.0,1.9,0.7,65.0,27.8,0,1996
Rasheed Wallace,21.0,WSB,1788.0,11.8,0.53,2.3,-1.4,0.3,10.1,1.3,4.7,0.8,0.6,65.0,27.5,0,1996
Terry Cummings,34.0,MIL,1777.0,13.9,0.493,3.0,-2.3,-0.1,8.0,1.1,5.5,0.4,0.7,81.0,21.9,0,1996
Tim Legler,29.0,WSB,1775.0,15.9,0.688,6.8,3.2,2.3,9.4,1.8,1.8,0.2,0.6,77.0,23.1,0,1996
Charles Oakley,32.0,NYK,1775.0,15.1,0.559,5.6,0.9,1.3,11.4,2.6,8.7,0.3,1.1,53.0,33.5,0,1996
Hubert Davis,25.0,NYK,1773.0,14.8,0.633,5.6,1.7,1.7,10.7,1.4,1.7,0.1,0.4,74.0,24.0,0,1996
Greg Minor,24.0,BOS,1761.0,14.0,0.535,3.0,-1.6,0.2,9.6,1.9,3.3,0.1,0.5,78.0,22.6,0,1996
Craig Ehlo,34.0,ATL,1758.0,13.7,0.526,3.3,0.2,1.0,8.5,1.7,3.2,0.1,1.1,79.0,22.3,0,1996
Vern Fleming,33.0,NJN,1747.0,11.3,0.49,1.6,-2.9,-0.4,7.7,3.3,2.2,0.1,0.5,77.0,22.7,0,1996
Arvydas Sabonis,31.0,POR,1735.0,24.7,0.617,8.4,6.7,3.8,14.5,1.8,8.1,1.1,0.9,73.0,23.8,0,1996
Vincent Askew,29.0,SEA,1725.0,11.9,0.574,4.3,-0.1,0.8,8.4,2.4,3.2,0.2,0.7,69.0,25.0,0,1996
Charles Smith,30.0,2TM,1716.0,11.3,0.469,1.9,-3.4,-0.6,8.3,0.9,5.0,1.1,0.7,73.0,23.5,0,1996
Ed Pinckney,32.0,2TM,1710.0,14.3,0.578,3.7,-1.1,0.4,6.5,1.0,6.2,0.4,0.9,74.0,23.1,0,1996
Adam Keefe,25.0,UTA,1708.0,13.8,0.574,4.6,-0.6,0.6,6.1,0.8,5.5,0.5,0.6,82.0,20.8,0,1996
Lee Mayberry,25.0,MIL,1705.0,11.2,0.536,2.1,-0.9,0.5,5.1,3.7,1.1,0.1,0.8,82.0,20.8,0,1996
Sedale Threatt,34.0,LAL,1687.0,13.2,0.535,3.7,-0.7,0.6,7.3,3.3,1.2,0.1,0.8,82.0,20.6,0,1996
Kendall Gill,27.0,2TM,1683.0,15.5,0.545,3.2,1.4,1.4,14.0,5.5,4.9,0.5,1.4,47.0,35.8,0,1996
Sam Cassell,26.0,HOU,1682.0,16.8,0.565,3.9,0.3,1.0,14.5,4.6,3.1,0.1,0.9,61.0,27.6,0,1996
Brian Shaw,29.0,ORL,1679.0,10.2,0.463,0.6,-3.1,-0.4,6.6,4.5,3.0,0.1,0.8,75.0,22.4,0,1996
Eric Murdock,27.0,2TM,1673.0,16.2,0.498,2.5,1.2,1.3,8.9,4.5,2.3,0.1,1.8,73.0,22.9,0,1996
Buck Williams,35.0,POR,1672.0,12.3,0.548,3.9,-1.4,0.3,7.3,0.6,5.8,0.7,0.6,70.0,23.9,0,1996
Elliot Perry,26.0,PHO,1668.0,16.2,0.549,3.1,-0.2,0.8,8.6,4.4,1.7,0.1,1.1,81.0,20.6,0,1996
Terry Mills,28.0,DET,1656.0,15.2,0.517,3.7,0.0,0.8,9.4,1.2,4.3,0.2,0.5,82.0,20.2,0,1996
Kurt Thomas,23.0,MIA,1655.0,13.5,0.533,3.8,-1.8,0.1,9.0,0.6,5.9,0.5,0.6,74.0,22.4,0,1996
Hot Rod Williams,33.0,PHO,1652.0,12.4,0.501,2.8,-1.6,0.2,7.3,1.0,6.0,1.5,0.7,62.0,26.6,0,1996
Luc Longley,27.0,CHI,1641.0,11.9,0.515,3.5,-1.6,0.2,9.1,1.9,5.1,1.4,0.4,62.0,26.5,0,1996
Doug West,28.0,MIN,1639.0,7.6,0.509,0.8,-5.1,-1.3,6.4,1.6,2.2,0.2,0.4,73.0,22.5,0,1996
James Robinson,25.0,POR,1627.0,10.6,0.512,2.3,-1.4,0.3,8.5,2.0,2.1,0.2,0.4,76.0,21.4,0,1996
Jerome Kersey,33.0,GSW,1620.0,13.1,0.452,2.4,-0.9,0.5,6.7,1.5,4.8,0.6,1.2,76.0,21.3,0,1996
Kenny Smith,30.0,HOU,1617.0,12.5,0.568,2.9,-1.6,0.2,8.5,3.6,1.4,0.0,0.7,68.0,23.8,0,1996
Chris Mullin,32.0,GSW,1617.0,16.7,0.602,4.0,2.1,1.7,13.3,3.5,2.9,0.6,1.4,55.0,29.4,0,1996
Derrick Alston,23.0,PHI,1614.0,11.8,0.518,1.7,-2.8,-0.3,6.2,0.8,4.1,0.7,0.8,73.0,22.1,0,1996
Anthony Peeler,26.0,LAL,1608.0,14.1,0.555,3.7,0.1,0.9,9.7,1.6,1.9,0.1,0.8,73.0,22.0,0,1996
Malik Sealy,25.0,LAC,1601.0,13.8,0.484,1.2,-1.9,0.1,11.5,1.9,3.9,0.5,1.4,62.0,25.8,0,1996
Dee Brown,27.0,BOS,1591.0,13.7,0.507,2.4,-0.5,0.6,10.7,2.2,2.1,0.2,1.2,65.0,24.5,0,1996
Mark Bryant,30.0,HOU,1587.0,13.1,0.583,3.6,-3.7,-0.7,8.6,0.7,4.9,0.3,0.4,71.0,22.4,0,1996
Anthony Avent,26.0,VAN,1586.0,6.9,0.415,-1.2,-7.3,-2.1,5.8,1.0,5.0,0.6,0.4,71.0,22.3,0,1996
Glen Rice,29.0,CHH,3362.0,19.7,0.605,10.8,1.8,3.2,26.8,2.0,4.0,0.3,0.9,79.0,42.6,0,1997
Latrell Sprewell,26.0,GSW,3353.0,19.7,0.57,8.1,2.7,4.0,24.2,6.3,4.6,0.6,1.7,80.0,41.9,0,1997
Juwan Howard,23.0,WSB,3324.0,16.1,0.529,7.0,-0.3,1.4,19.1,3.8,8.0,0.3,1.1,82.0,40.5,0,1997
Damon Stoudamire,23.0,TOR,3311.0,18.1,0.516,7.6,1.8,3.1,20.2,8.8,4.1,0.2,1.5,81.0,40.9,0,1997
Gary Payton,28.0,SEA,3213.0,21.8,0.545,12.9,5.5,6.1,21.8,7.1,4.6,0.2,2.4,82.0,39.2,0,1997
Kendall Gill,28.0,NJN,3199.0,19.6,0.53,8.8,2.9,4.0,21.8,4.0,6.1,0.6,1.9,82.0,39.0,0,1997
Chris Mills,27.0,CLE,3167.0,14.1,0.544,8.9,1.1,2.5,13.4,2.5,6.2,0.5,1.1,80.0,39.6,0,1997
Jerry Stackhouse,22.0,PHI,3166.0,14.1,0.524,2.1,-2.2,-0.2,20.7,3.1,4.2,0.8,1.1,81.0,39.1,0,1997
Vin Baker,25.0,MIL,3159.0,20.1,0.553,8.3,2.0,3.2,21.0,2.7,10.3,1.4,1.0,78.0,40.5,0,1997
Grant Hill,24.0,DET,3147.0,25.5,0.556,14.6,8.2,8.0,21.4,7.3,9.0,0.6,1.8,80.0,39.3,0,1997
Anthony Mason,30.0,CHH,3143.0,18.9,0.585,11.4,3.5,4.3,16.2,5.7,11.4,0.5,1.0,73.0,43.1,0,1997
Christian Laettner,27.0,ATL,3140.0,19.1,0.562,11.6,2.5,3.5,18.1,2.7,8.8,0.8,1.2,82.0,38.3,0,1997
Tim Hardaway,30.0,MIA,3136.0,20.8,0.532,12.9,6.2,6.5,20.3,8.6,3.4,0.1,1.9,81.0,38.7,0,1997
Tom Gugliotta,27.0,MIN,3131.0,19.0,0.526,6.7,1.7,2.9,20.6,4.1,8.7,1.1,1.6,81.0,38.7,0,1997
Doug Christie,26.0,TOR,3127.0,15.1,0.543,7.0,1.7,2.9,14.5,3.9,5.3,0.6,2.5,81.0,38.6,0,1997
Mitch Richmond,31.0,SAC,3125.0,21.6,0.578,10.8,4.6,5.2,25.9,4.2,3.9,0.3,1.5,81.0,38.6,0,1997
Glenn Robinson,24.0,MIL,3114.0,17.5,0.528,4.7,0.7,2.1,21.1,3.1,6.3,0.9,1.3,80.0,38.9,0,1997
Michael Jordan,33.0,CHI,3106.0,27.8,0.567,18.3,8.9,8.6,29.6,4.3,5.9,0.5,1.7,82.0,37.9,0,1997
Scottie Pippen,31.0,CHI,3095.0,21.3,0.554,13.1,5.7,6.1,20.2,5.7,6.5,0.5,1.9,82.0,37.7,0,1997
Joe Smith,21.0,GSW,3086.0,16.0,0.512,4.4,-2.3,-0.2,18.7,1.6,8.5,1.1,0.9,80.0,38.6,0,1997
Kenny Anderson,26.0,POR,3081.0,19.5,0.54,12.4,4.4,5.0,17.5,7.1,4.4,0.2,2.0,82.0,37.6,0,1997
Clifford Robinson,30.0,POR,3077.0,13.1,0.519,6.6,0.6,2.0,15.1,3.2,4.0,0.8,1.2,81.0,38.0,0,1997
Mookie Blaylock,29.0,ATL,3056.0,20.4,0.548,12.5,6.8,6.8,17.4,5.9,5.3,0.3,2.7,78.0,39.2,0,1997
Mark Jackson,31.0,2TM,3054.0,15.7,0.525,6.1,1.1,2.4,9.9,11.4,4.8,0.1,1.2,82.0,37.2,0,1997
Allen Iverson,21.0,PHI,3045.0,18.0,0.513,4.1,0.9,2.2,23.5,7.5,4.1,0.3,2.1,76.0,40.1,0,1997
Lindsey Hunter,26.0,DET,3023.0,13.4,0.515,6.4,0.5,1.9,14.2,1.9,2.8,0.3,1.6,82.0,36.9,0,1997
Kerry Kittles,22.0,NJN,3012.0,16.0,0.523,6.9,1.8,2.9,16.4,3.0,3.9,0.4,1.9,82.0,36.7,0,1997
Karl Malone,33.0,UTA,2998.0,28.9,0.6,16.7,8.3,7.8,27.4,4.5,9.9,0.6,1.4,82.0,36.6,1,1997
Eddie Jones,25.0,LAL,2998.0,17.3,0.559,9.6,3.3,4.0,17.2,3.4,4.1,0.6,2.4,80.0,37.5,0,1997
Rod Strickland,30.0,WSB,2997.0,19.7,0.533,8.8,2.7,3.6,17.2,8.9,4.1,0.2,1.7,82.0,36.5,0,1997
Kevin Garnett,20.0,MIN,2995.0,18.2,0.537,7.3,2.2,3.2,17.0,3.1,8.0,2.1,1.4,77.0,38.9,0,1997
David Wesley,26.0,BOS,2991.0,16.5,0.563,6.1,0.6,1.9,16.8,7.3,3.6,0.2,2.2,74.0,40.4,0,1997
Dikembe Mutombo,30.0,ATL,2973.0,19.0,0.584,11.3,2.6,3.5,13.3,1.4,11.6,3.3,0.6,80.0,37.2,0,1997
Antoine Walker,20.0,BOS,2970.0,15.5,0.474,1.7,-2.1,-0.1,17.5,3.2,9.0,0.6,1.3,82.0,36.2,0,1997
Reggie Miller,31.0,IND,2966.0,20.2,0.603,12.3,5.8,5.8,21.6,3.4,3.5,0.3,0.9,81.0,36.6,0,1997
Clarence Weatherspoon,26.0,PHI,2949.0,14.2,0.537,5.0,-1.2,0.6,12.2,1.7,8.3,1.0,0.9,82.0,36.0,0,1997
Dale Ellis,36.0,DEN,2940.0,12.9,0.537,3.1,-1.9,0.0,16.6,2.0,3.6,0.1,0.7,82.0,35.9,0,1997
Nick Van Exel,25.0,LAL,2937.0,16.0,0.518,7.2,1.1,2.3,15.3,8.5,2.9,0.1,0.9,79.0,37.2,0,1997
Joe Dumars,33.0,DET,2923.0,15.6,0.586,8.8,1.6,2.7,14.7,4.0,2.4,0.0,0.7,79.0,37.0,0,1997
John Stockton,34.0,UTA,2896.0,22.1,0.656,13.6,6.6,6.3,14.4,10.5,2.8,0.2,2.0,82.0,35.3,0,1997
Olden Polynice,32.0,SAC,2893.0,13.1,0.476,3.3,-2.8,-0.6,12.5,2.2,9.4,1.0,0.6,82.0,35.3,0,1997
Patrick Ewing,34.0,NYK,2887.0,21.3,0.548,9.8,2.8,3.5,22.4,2.0,10.7,2.4,0.9,78.0,37.0,0,1997
Charles Oakley,33.0,NYK,2873.0,14.2,0.545,8.9,1.7,2.7,10.8,2.8,9.8,0.3,1.4,80.0,35.9,0,1997
Terrell Brandon,26.0,CLE,2868.0,21.5,0.526,10.8,5.6,5.5,19.5,6.3,3.9,0.4,1.8,78.0,36.8,0,1997
Hakeem Olajuwon,34.0,HOU,2852.0,22.7,0.558,9.1,3.5,3.9,23.2,3.0,9.2,2.2,1.5,78.0,36.6,0,1997
Vlade Divac,28.0,CHH,2840.0,17.9,0.533,7.3,2.5,3.3,12.6,3.7,9.0,2.2,1.3,81.0,35.1,0,1997
Loy Vaught,28.0,LAC,2838.0,16.6,0.522,6.3,-1.1,0.7,14.9,1.3,10.0,0.3,1.0,82.0,34.6,0,1997
Jim Jackson,26.0,2TM,2831.0,15.1,0.526,4.4,-0.1,1.3,15.9,4.1,5.3,0.4,1.1,77.0,36.8,0,1997
Steve Smith,27.0,ATL,2818.0,17.4,0.548,9.1,1.7,2.7,20.1,4.2,3.3,0.3,0.9,72.0,39.1,0,1997
Chris Webber,23.0,WSB,2806.0,21.8,0.554,9.3,5.3,5.1,20.1,4.6,10.3,1.9,1.7,72.0,39.0,0,1997
Shareef Abdur-Rahim,20.0,VAN,2802.0,17.4,0.518,2.9,-1.8,0.2,18.7,2.2,6.9,1.0,1.0,80.0,35.0,0,1997
Michael Finley,23.0,2TM,2790.0,14.5,0.53,3.9,0.3,1.6,15.0,2.7,4.5,0.3,0.8,83.0,33.6,0,1997
Bryant Reeves,23.0,VAN,2777.0,14.4,0.523,2.4,-4.0,-1.4,16.2,2.1,8.1,0.9,0.4,75.0,37.0,0,1997
Hersey Hawkins,30.0,SEA,2755.0,17.6,0.616,10.9,4.2,4.4,13.9,3.0,3.9,0.1,1.9,82.0,33.6,0,1997
Shawn Kemp,27.0,SEA,2750.0,20.7,0.583,10.0,0.8,2.0,18.7,1.9,10.0,1.0,1.5,81.0,34.0,0,1997
Chris Mullin,33.0,GSW,2733.0,17.6,0.645,7.1,2.8,3.3,14.5,4.1,4.0,0.4,1.6,79.0,34.6,0,1997
Mario Elie,33.0,HOU,2687.0,14.3,0.662,8.9,1.5,2.4,11.7,4.0,3.0,0.2,1.2,78.0,34.4,0,1997
Allan Houston,25.0,NYK,2681.0,11.3,0.531,4.7,-1.1,0.6,14.8,2.2,3.0,0.2,0.5,81.0,33.1,0,1997
Otis Thorpe,34.0,DET,2661.0,16.1,0.563,7.9,-0.6,0.9,13.1,1.7,7.9,0.2,0.7,79.0,33.7,0,1997
Kevin Johnson,30.0,PHO,2658.0,22.9,0.631,11.7,5.0,4.7,20.1,9.3,3.6,0.2,1.5,70.0,38.0,0,1997
Rick Fox,27.0,BOS,2650.0,16.5,0.551,5.2,1.7,2.5,15.4,3.8,5.2,0.5,2.2,76.0,34.9,0,1997
Walt Williams,26.0,TOR,2647.0,14.9,0.551,5.4,0.8,1.9,16.4,2.7,5.0,0.8,1.3,73.0,36.3,0,1997
Danny Ferry,30.0,CLE,2633.0,11.7,0.523,5.6,-0.4,1.0,10.6,1.8,4.1,0.4,0.7,82.0,32.1,0,1997
Rony Seikaly,31.0,ORL,2615.0,18.3,0.567,6.8,-1.1,0.6,17.3,1.2,9.5,1.4,0.7,74.0,35.3,0,1997
Larry Johnson,27.0,NYK,2613.0,13.8,0.57,7.7,1.3,2.2,12.8,2.3,5.2,0.5,0.8,76.0,34.4,0,1997
Ervin Johnson,29.0,DEN,2599.0,14.3,0.543,5.2,-0.4,1.1,7.1,0.9,11.1,2.8,0.8,82.0,31.7,0,1997
Jeff Hornacek,33.0,UTA,2592.0,18.8,0.596,10.2,4.0,3.9,14.5,4.4,2.9,0.3,1.5,82.0,31.6,0,1997
P.J. Brown,27.0,MIA,2592.0,13.8,0.505,7.5,0.1,1.3,9.5,1.2,8.4,1.2,1.1,80.0,32.4,0,1997
Dale Davis,27.0,IND,2589.0,15.1,0.532,6.7,-0.1,1.2,10.4,0.7,9.7,1.0,0.8,80.0,32.4,0,1997
Tyrone Hill,28.0,CLE,2582.0,17.8,0.626,9.9,0.7,1.8,12.9,1.2,9.9,0.4,0.9,74.0,34.9,0,1997
Antonio McDyess,22.0,DEN,2565.0,15.5,0.509,1.8,-2.8,-0.5,18.3,1.4,7.3,1.7,0.8,74.0,34.7,0,1997
Isaiah Rider,25.0,POR,2563.0,13.8,0.557,5.0,-0.7,0.9,16.1,2.6,4.0,0.3,0.6,76.0,33.7,0,1997
Ray Allen,21.0,MIL,2532.0,14.6,0.541,4.9,-0.1,1.2,13.4,2.6,4.0,0.1,0.9,82.0,30.9,0,1997
Michael Smith,24.0,SAC,2526.0,13.3,0.545,5.4,0.1,1.3,6.6,2.4,9.5,0.7,1.0,81.0,31.2,0,1997
Bryon Russell,26.0,UTA,2525.0,13.7,0.6,7.4,1.9,2.5,10.8,1.5,4.1,0.3,1.6,81.0,31.2,0,1997
Elden Campbell,28.0,LAL,2516.0,16.8,0.52,7.0,-0.6,0.8,14.9,1.6,8.0,1.5,0.6,77.0,32.7,0,1997
Horace Grant,31.0,ORL,2496.0,17.3,0.546,7.7,2.4,2.8,12.6,2.4,9.0,1.0,1.5,67.0,37.3,0,1997
A.C. Green,33.0,2TM,2492.0,12.4,0.523,4.8,-1.4,0.4,7.2,0.8,7.9,0.2,0.8,83.0,30.0,0,1997
Rodney Rogers,25.0,LAC,2480.0,14.2,0.53,2.9,-0.7,0.8,13.2,2.7,5.1,0.8,1.1,81.0,30.6,0,1997
Avery Johnson,31.0,SAS,2472.0,15.0,0.517,3.4,-1.1,0.6,10.5,6.8,1.9,0.2,1.3,76.0,32.5,0,1997
Malik Sealy,26.0,LAC,2456.0,13.7,0.504,3.2,-0.8,0.7,13.5,2.1,3.0,0.6,1.6,80.0,30.7,0,1997
Eric Williams,24.0,BOS,2435.0,13.3,0.533,2.9,-3.0,-0.6,15.0,1.8,4.6,0.2,1.0,72.0,33.8,0,1997
Popeye Jones,26.0,TOR,2421.0,12.0,0.522,4.2,-3.2,-0.7,7.8,1.1,8.6,0.5,0.7,79.0,30.6,0,1997
Calbert Cheaney,25.0,WSB,2411.0,11.1,0.53,3.9,-2.5,-0.3,10.6,1.4,3.4,0.2,1.0,79.0,30.5,0,1997
Matt Maloney,25.0,HOU,2386.0,12.3,0.585,5.3,0.1,1.3,9.4,3.7,2.0,0.0,1.0,82.0,29.1,0,1997
Bobby Phills,27.0,CLE,2375.0,13.9,0.514,5.0,1.1,1.9,12.6,3.4,3.6,0.3,1.6,69.0,34.4,0,1997
Antonio Davis,28.0,IND,2335.0,13.8,0.536,5.2,-1.3,0.4,10.5,0.8,7.3,1.0,0.5,82.0,28.5,0,1997
Wesley Person,25.0,PHO,2326.0,15.9,0.567,5.2,1.9,2.3,13.5,1.5,3.7,0.3,1.1,80.0,29.1,0,1997
Stephon Marbury,19.0,MIN,2324.0,16.1,0.519,3.7,0.0,1.2,15.8,7.8,2.7,0.3,1.0,67.0,34.7,0,1997
Alonzo Mourning,26.0,MIA,2320.0,21.6,0.578,8.4,2.9,2.9,19.8,1.6,9.9,2.9,0.8,66.0,35.2,0,1997
Sherman Douglas,30.0,MIL,2316.0,14.6,0.557,4.6,-0.2,1.1,9.7,5.4,2.4,0.1,1.0,79.0,29.3,0,1997
Tyrone Corbin,34.0,ATL,2305.0,11.0,0.514,5.0,-0.4,1.0,9.5,1.8,4.2,0.1,1.3,70.0,32.9,0,1997
Anthony Peeler,27.0,VAN,2291.0,13.8,0.487,0.6,-1.8,0.1,14.5,3.6,3.4,0.2,1.5,72.0,31.8,0,1997
Shawn Bradley,24.0,2TM,2288.0,16.5,0.478,3.0,-1.1,0.5,13.2,0.7,8.4,3.4,0.5,73.0,31.3,0,1997
Todd Day,27.0,BOS,2277.0,15.5,0.515,3.2,-0.4,0.9,14.5,1.4,4.1,0.6,1.3,81.0,28.1,0,1997
Clyde Drexler,34.0,HOU,2271.0,19.9,0.548,8.1,4.8,3.9,18.0,5.7,6.0,0.6,1.9,62.0,36.6,0,1997
Bob Sura,23.0,CLE,2269.0,14.8,0.519,5.2,1.7,2.1,9.2,4.8,3.8,0.4,1.1,82.0,27.7,0,1997
Vinny Del Negro,30.0,SAS,2243.0,14.4,0.529,3.1,-1.5,0.3,12.3,3.2,2.9,0.1,0.8,72.0,31.2,0,1997
Anfernee Hardaway,25.0,ORL,2221.0,21.4,0.554,8.1,4.9,3.9,20.5,5.6,4.5,0.6,1.6,59.0,37.6,0,1997
Derek Harper,35.0,DAL,2210.0,12.9,0.516,2.7,-1.4,0.3,10.0,4.3,1.8,0.2,1.2,75.0,29.5,0,1997
Gerald Wilkins,33.0,ORL,2202.0,11.2,0.503,2.1,-2.5,-0.3,10.6,2.2,2.2,0.2,0.7,80.0,27.5,0,1997
Bo Outlaw,25.0,LAC,2195.0,16.3,0.602,6.1,2.8,2.6,7.6,1.9,5.5,1.7,1.1,82.0,26.8,0,1997
Detlef Schrempf,34.0,SEA,2192.0,18.3,0.592,8.0,3.3,2.9,16.8,4.4,6.5,0.3,1.0,61.0,35.9,0,1997
Dennis Scott,28.0,ORL,2166.0,12.4,0.519,3.8,0.0,1.1,12.5,2.1,3.1,0.3,1.1,66.0,32.8,0,1997
Jamal Mashburn,24.0,2TM,2164.0,12.6,0.487,3.6,-0.8,0.6,11.9,3.0,4.3,0.2,1.1,69.0,31.4,0,1997
Nick Anderson,29.0,ORL,2163.0,13.8,0.494,4.2,1.8,2.1,12.0,2.9,4.8,0.5,1.9,63.0,34.3,0,1997
Hot Rod Williams,34.0,PHO,2137.0,13.8,0.538,5.3,0.0,1.0,8.0,1.5,8.3,1.3,1.0,68.0,31.4,0,1997
Danny Manning,30.0,PHO,2134.0,17.9,0.574,5.2,1.0,1.6,13.5,2.2,6.1,1.0,1.1,77.0,27.7,0,1997
Mahmoud Abdul-Rauf,27.0,SAC,2131.0,13.2,0.524,2.7,-2.6,-0.4,13.7,2.5,1.6,0.1,0.7,75.0,28.4,0,1997
Voshon Lenard,23.0,MIA,2111.0,14.7,0.614,6.8,2.7,2.6,12.3,2.2,3.0,0.2,0.7,73.0,28.9,0,1997
Derrick Coleman,29.0,PHI,2102.0,17.3,0.518,3.3,0.7,1.5,18.1,3.4,10.1,1.3,0.9,57.0,36.9,0,1997
Dell Curry,32.0,CHH,2078.0,15.0,0.561,3.8,0.0,1.0,14.8,1.7,3.1,0.2,0.9,68.0,30.6,0,1997
Chris Childs,29.0,NYK,2076.0,11.2,0.526,3.9,-0.3,0.9,9.3,6.1,2.9,0.2,1.2,65.0,31.9,0,1997
Vernon Maxwell,31.0,SAS,2068.0,11.8,0.471,0.0,-3.2,-0.6,12.9,2.1,2.2,0.3,1.2,72.0,28.7,0,1997
Travis Best,24.0,IND,2064.0,13.3,0.533,4.1,0.0,1.0,9.9,4.2,2.2,0.1,1.3,76.0,27.2,0,1997
Johnny Newman,33.0,MIL,2060.0,10.8,0.545,2.8,-2.6,-0.3,8.7,1.4,2.3,0.2,0.9,82.0,25.1,0,1997
Armen Gilliam,32.0,MIL,2050.0,13.6,0.543,4.1,-1.7,0.2,8.6,0.7,6.2,0.5,0.8,80.0,25.6,0,1997
Sam Mitchell,33.0,MIN,2044.0,11.8,0.523,3.3,-3.7,-0.9,9.3,1.0,4.0,0.2,0.6,82.0,24.9,0,1997
John Starks,31.0,NYK,2042.0,15.9,0.555,5.8,2.6,2.4,13.8,2.8,2.7,0.1,1.2,77.0,26.5,0,1997
Charles Barkley,33.0,HOU,2009.0,23.0,0.581,9.4,5.7,3.9,19.2,4.7,13.5,0.5,1.3,53.0,37.9,0,1997
Derek Strong,28.0,ORL,2004.0,13.6,0.513,4.1,-2.5,-0.3,8.5,0.9,6.3,0.2,0.6,82.0,24.4,0,1997
LaPhonso Ellis,26.0,DEN,2002.0,18.2,0.529,3.6,0.5,1.3,21.9,2.4,7.0,0.7,0.8,55.0,36.4,0,1997
Terry Mills,29.0,DET,1997.0,16.4,0.585,6.2,2.7,2.4,10.8,1.3,4.8,0.3,0.4,79.0,25.3,0,1997
Billy Owens,27.0,SAC,1995.0,13.6,0.514,2.8,-0.5,0.7,11.0,2.8,5.9,0.4,0.9,66.0,30.2,0,1997
Corliss Williamson,23.0,SAC,1992.0,14.3,0.535,2.7,-2.3,-0.2,11.6,1.6,4.1,0.6,0.8,79.0,25.2,0,1997
Sam Perkins,35.0,SEA,1976.0,17.0,0.584,7.1,3.3,2.6,11.0,1.3,3.7,0.6,0.9,81.0,24.4,0,1997
Kevin Willis,34.0,HOU,1964.0,14.3,0.515,3.8,-3.5,-0.7,11.2,0.9,7.5,0.4,0.6,75.0,26.2,0,1997
Jason Kidd,23.0,2TM,1964.0,16.9,0.498,4.4,1.8,1.9,10.9,9.0,4.5,0.4,2.3,55.0,35.7,0,1997
Tony Massenburg,29.0,NJN,1954.0,11.9,0.523,2.8,-4.2,-1.1,7.2,0.3,6.5,0.6,0.5,79.0,24.7,0,1997
Lee Mayberry,26.0,VAN,1952.0,10.2,0.525,1.6,-3.5,-0.7,5.1,4.1,1.7,0.1,0.8,80.0,24.4,0,1997
Dennis Rodman,35.0,CHI,1947.0,13.9,0.479,6.0,0.5,1.2,5.7,3.1,16.1,0.3,0.6,55.0,35.4,0,1997
Dominique Wilkins,37.0,SAS,1945.0,19.6,0.517,3.4,0.3,1.1,18.2,1.9,6.4,0.5,0.6,63.0,30.9,0,1997
Shaquille O'Neal,24.0,LAL,1941.0,27.1,0.556,8.0,6.5,4.1,26.2,3.1,12.5,2.9,0.9,51.0,38.1,0,1997
Lorenzen Wright,21.0,LAC,1936.0,12.5,0.504,3.2,-3.0,-0.5,7.3,0.6,6.1,0.8,0.6,77.0,25.1,0,1997
Doug West,29.0,MIN,1920.0,8.5,0.505,1.7,-3.6,-0.8,7.8,1.7,2.2,0.4,0.9,68.0,28.2,0,1997
Gary Trent,22.0,POR,1918.0,16.8,0.569,5.5,0.1,1.0,10.8,1.1,5.2,0.4,0.6,82.0,23.4,0,1997
Will Perdue,31.0,SAS,1918.0,16.7,0.582,4.4,-1.1,0.4,8.7,0.6,9.8,1.6,0.5,65.0,29.5,0,1997
Marcus Camby,22.0,TOR,1897.0,17.8,0.523,3.7,-0.1,0.9,14.8,1.5,6.3,2.1,1.0,63.0,30.1,0,1997
Rasheed Wallace,22.0,POR,1892.0,18.4,0.588,6.4,1.3,1.6,15.1,1.2,6.8,1.0,0.8,62.0,30.5,0,1997
Isaac Austin,27.0,MIA,1881.0,14.2,0.536,4.0,-1.7,0.1,9.7,1.2,5.8,0.5,0.5,82.0,22.9,0,1997
Muggsy Bogues,32.0,CHH,1880.0,15.7,0.554,5.0,1.5,1.6,8.0,7.2,2.2,0.0,1.3,65.0,28.9,0,1997
Mark Price,32.0,GSW,1876.0,16.5,0.597,4.0,1.2,1.5,11.3,4.9,2.6,0.0,1.0,70.0,26.8,0,1997
Brian Shaw,30.0,ORL,1867.0,10.4,0.478,1.1,-2.2,-0.1,7.2,4.1,2.5,0.3,0.9,77.0,24.2,0,1997
Greg Anthony,29.0,VAN,1863.0,16.6,0.526,3.5,1.5,1.6,9.5,6.3,2.8,0.1,2.0,65.0,28.7,0,1997
Steve Kerr,31.0,CHI,1861.0,15.6,0.667,7.5,3.2,2.5,8.1,2.1,1.6,0.0,0.8,82.0,22.7,0,1997
Gheorghe Mureșan,25.0,WSB,1849.0,16.7,0.618,5.3,-0.7,0.6,10.6,0.4,6.6,1.3,0.6,73.0,25.3,0,1997
Roy Rogers,23.0,VAN,1848.0,12.6,0.518,1.4,-3.7,-0.8,6.6,0.6,4.7,2.0,0.3,82.0,22.5,0,1997
Chris Dudley,31.0,POR,1840.0,10.1,0.449,3.5,-1.9,0.0,3.9,0.5,7.3,1.2,0.5,81.0,22.7,0,1997
Carl Herrera,30.0,SAS,1837.0,10.6,0.463,0.1,-5.0,-1.4,8.0,0.7,4.5,0.7,0.8,75.0,24.5,0,1997
Rex Chapman,29.0,PHO,1833.0,15.2,0.551,3.3,0.2,1.0,13.8,2.8,2.8,0.1,0.8,65.0,28.2,0,1997
Eric Montross,25.0,2TM,1828.0,8.8,0.45,1.4,-4.8,-1.3,4.3,0.8,6.6,0.9,0.3,78.0,23.4,0,1997
Darrick Martin,25.0,LAC,1820.0,16.9,0.539,4.6,0.5,1.1,10.9,4.1,1.4,0.0,0.7,82.0,22.2,0,1997
Greg Ostertag,23.0,UTA,1818.0,15.3,0.561,5.9,-0.3,0.8,7.3,0.4,7.3,2.0,0.3,77.0,23.6,0,1997
Tracy Murray,25.0,WSB,1814.0,14.6,0.546,4.4,0.4,1.1,10.0,1.0,3.1,0.2,0.8,82.0,22.1,0,1997
Sasha Danilović,26.0,2TM,1789.0,10.9,0.552,2.8,-1.0,0.5,12.5,1.8,2.4,0.2,1.0,56.0,31.9,0,1997
Bryant Stith,26.0,DEN,1788.0,14.4,0.548,3.0,0.0,0.9,14.9,2.6,4.2,0.4,1.2,52.0,34.4,0,1997
Robert Pack,27.0,2TM,1782.0,15.0,0.482,1.1,-0.8,0.6,14.3,8.4,2.7,0.1,1.7,54.0,33.0,0,1997
Keith Askins,29.0,MIA,1773.0,9.1,0.557,4.3,0.2,1.0,4.9,1.0,3.5,0.2,0.7,78.0,22.7,0,1997
Jerome Kersey,34.0,LAL,1766.0,12.3,0.475,3.8,0.0,0.9,6.8,1.3,5.2,0.7,1.7,70.0,25.2,0,1997
Charlie Ward,26.0,NYK,1763.0,11.1,0.522,3.6,0.4,1.1,5.2,4.1,2.8,0.2,1.1,79.0,22.3,0,1997
Arvydas Sabonis,32.0,POR,1762.0,21.8,0.592,7.5,5.3,3.2,13.4,2.1,7.9,1.2,0.9,69.0,25.5,0,1997
Tom Hammonds,29.0,DEN,1758.0,10.1,0.534,1.7,-4.8,-1.2,6.2,0.8,5.0,0.3,0.2,81.0,21.7,0,1997
Ron Harper,33.0,CHI,1740.0,13.6,0.543,5.7,2.7,2.1,6.3,2.5,2.5,0.5,1.1,76.0,22.9,0,1997
Sam Cassell,27.0,3TM,1714.0,18.4,0.541,3.9,2.2,1.8,15.9,5.0,3.0,0.3,1.3,61.0,28.1,0,1997
Mark Davis,23.0,PHI,1705.0,13.7,0.525,2.3,-1.4,0.2,8.5,1.8,4.3,0.4,1.1,75.0,22.7,0,1997
Dean Garrett,30.0,MIN,1665.0,17.7,0.603,6.2,1.0,1.3,8.0,0.6,7.3,1.4,0.6,68.0,24.5,0,1997
Greg Anderson,32.0,SAS,1659.0,11.4,0.531,2.2,-3.5,-0.6,3.9,0.4,5.5,0.8,0.8,82.0,20.2,0,1997
Aaron McKie,24.0,2TM,1625.0,12.1,0.524,3.5,0.9,1.2,5.2,1.9,2.7,0.3,0.9,83.0,19.6,0,1997
Marty Conlon,29.0,BOS,1614.0,12.8,0.542,1.8,-3.1,-0.5,7.8,1.4,4.4,0.2,0.6,74.0,21.8,0,1997
Toni Kukoč,28.0,CHI,1610.0,20.2,0.553,6.9,5.0,2.9,13.2,4.5,4.6,0.5,1.1,57.0,28.2,0,1997
Harvey Grant,31.0,WSB,1604.0,8.8,0.477,2.7,-0.9,0.4,4.1,0.9,3.3,0.6,0.6,78.0,20.6,0,1997
Elliot Perry,27.0,MIL,1595.0,15.2,0.557,3.2,1.0,1.2,6.9,3.0,1.5,0.0,1.2,82.0,19.5,0,1997
Terry Porter,33.0,MIN,1568.0,14.5,0.544,2.7,-0.1,0.7,6.9,3.6,2.1,0.1,0.7,82.0,19.1,0,1997
Michael Finley,24.0,DAL,3394.0,19.3,0.522,7.5,2.5,3.8,21.5,4.9,5.3,0.4,1.6,82.0,41.4,0,1998
Glen Rice,30.0,CHH,3295.0,17.4,0.568,9.3,0.9,2.4,22.3,2.2,4.3,0.3,0.9,82.0,40.2,0,1998
Grant Hill,25.0,DET,3294.0,21.2,0.52,10.2,4.7,5.6,21.1,6.8,7.7,0.7,1.8,81.0,40.7,0,1998
Ray Allen,22.0,MIL,3287.0,16.2,0.539,7.0,1.0,2.5,19.5,4.3,4.9,0.1,1.4,82.0,40.1,0,1998
Antoine Walker,21.0,BOS,3268.0,17.8,0.481,4.8,0.6,2.2,22.4,3.3,10.2,0.7,1.7,82.0,39.9,0,1998
Kevin Garnett,21.0,MIN,3222.0,20.4,0.527,9.6,4.2,5.0,18.5,4.2,9.6,1.8,1.7,82.0,39.3,0,1998
Tim Duncan,21.0,SAS,3204.0,22.6,0.577,12.8,4.6,5.3,21.1,2.7,11.9,2.5,0.7,82.0,39.1,0,1998
Wesley Person,26.0,CLE,3198.0,15.1,0.583,10.3,3.8,4.7,14.7,2.3,4.4,0.6,1.6,82.0,39.0,0,1998
Michael Jordan,34.0,CHI,3181.0,25.2,0.533,15.8,6.9,7.1,28.7,3.5,5.8,0.5,1.7,82.0,38.8,1,1998
Allen Iverson,22.0,PHI,3150.0,20.4,0.535,9.0,3.6,4.5,22.0,6.2,3.7,0.3,2.2,80.0,39.4,0,1998
Anthony Mason,31.0,CHH,3148.0,16.4,0.552,9.3,2.3,3.4,12.8,4.2,10.2,0.2,0.8,81.0,38.9,0,1998
Gary Payton,29.0,SEA,3145.0,21.6,0.544,12.5,5.1,5.7,19.2,8.3,4.6,0.2,2.3,82.0,38.4,0,1998
Jason Kidd,24.0,PHO,3118.0,16.4,0.502,8.0,3.1,4.0,11.6,9.1,6.2,0.3,2.0,82.0,38.0,0,1998
Stephon Marbury,20.0,MIN,3112.0,16.4,0.505,5.3,-0.1,1.5,17.7,8.6,2.8,0.1,1.3,82.0,38.0,0,1998
Jim Jackson,27.0,2TM,3046.0,13.2,0.504,2.5,-1.6,0.3,15.7,4.8,5.1,0.1,1.0,79.0,38.6,0,1998
Tim Hardaway,31.0,MIA,3031.0,20.6,0.53,11.7,5.2,5.5,18.9,8.3,3.7,0.2,1.7,81.0,37.4,0,1998
Karl Malone,34.0,UTA,3030.0,27.9,0.597,16.4,7.3,7.1,27.0,3.9,10.3,0.9,1.2,81.0,37.4,0,1998
Rod Strickland,31.0,WAS,3020.0,19.6,0.501,8.1,2.9,3.7,17.8,10.5,5.3,0.3,1.7,76.0,39.7,0,1998
Bo Outlaw,26.0,ORL,2953.0,15.5,0.575,7.6,2.5,3.4,9.5,2.6,7.8,2.2,1.3,82.0,36.0,0,1998
Shareef Abdur-Rahim,21.0,VAN,2950.0,21.1,0.562,6.9,1.6,2.6,22.3,2.6,7.1,0.9,1.1,82.0,36.0,0,1998
Vin Baker,26.0,SEA,2944.0,20.4,0.564,10.4,1.0,2.2,19.2,1.9,8.0,1.0,1.1,82.0,35.9,0,1998
Doug Christie,27.0,TOR,2939.0,16.2,0.53,4.0,0.4,1.7,16.5,3.6,5.2,0.7,2.4,78.0,37.7,0,1998
Dikembe Mutombo,31.0,ATL,2917.0,19.8,0.584,10.8,2.6,3.4,13.4,1.0,11.4,3.4,0.4,82.0,35.6,0,1998
Eddie Jones,26.0,LAL,2910.0,18.0,0.592,10.1,4.0,4.4,16.9,3.1,3.8,0.7,2.0,80.0,36.4,0,1998
Rasheed Wallace,23.0,POR,2896.0,14.9,0.564,7.6,1.2,2.4,14.6,2.5,6.2,1.1,1.0,77.0,37.6,0,1998
Steve Smith,28.0,ATL,2857.0,18.8,0.563,10.2,3.0,3.6,20.1,4.0,4.2,0.4,1.0,73.0,39.1,0,1998
Dennis Rodman,36.0,CHI,2856.0,12.4,0.459,7.8,-0.3,1.3,4.7,2.9,15.0,0.2,0.6,80.0,35.7,0,1998
Allan Houston,26.0,NYK,2848.0,15.1,0.53,6.1,0.6,1.9,18.4,2.6,3.3,0.3,0.8,82.0,34.7,0,1998
David Wesley,27.0,CHH,2845.0,15.2,0.532,5.8,0.7,1.9,13.0,6.5,2.6,0.4,1.7,81.0,35.1,0,1998
Calbert Cheaney,26.0,WAS,2841.0,11.7,0.488,4.1,-2.1,0.0,12.8,2.1,4.0,0.4,1.2,82.0,34.6,0,1998
Damon Stoudamire,24.0,2TM,2839.0,16.8,0.503,4.7,0.1,1.5,17.3,8.2,4.2,0.1,1.6,71.0,40.0,0,1998
Corliss Williamson,24.0,SAC,2819.0,16.0,0.527,4.4,-0.4,1.1,17.7,2.9,5.6,0.6,1.0,79.0,35.7,0,1998
Kerry Kittles,23.0,NJN,2814.0,17.5,0.525,8.4,3.1,3.7,17.2,2.3,4.7,0.5,1.7,77.0,36.5,0,1998
Chris Webber,24.0,WAS,2809.0,20.9,0.523,8.3,4.6,4.7,21.9,3.8,9.5,1.7,1.6,71.0,39.6,0,1998
Horace Grant,32.0,ORL,2803.0,15.4,0.488,7.1,1.2,2.2,12.1,2.3,8.1,1.0,1.1,76.0,36.9,0,1998
Reggie Miller,32.0,IND,2795.0,19.8,0.619,12.0,4.8,4.8,19.5,2.1,2.9,0.1,1.0,81.0,34.5,0,1998
Isaiah Rider,26.0,POR,2786.0,15.2,0.514,5.8,0.1,1.5,19.7,3.1,4.7,0.3,0.7,74.0,37.6,0,1998
Shawn Kemp,28.0,CLE,2769.0,17.5,0.512,6.8,0.6,1.8,18.0,2.5,9.3,1.1,1.4,80.0,34.6,0,1998
Detlef Schrempf,35.0,SEA,2742.0,18.7,0.585,10.4,2.9,3.4,15.8,4.4,7.1,0.2,0.8,78.0,35.2,0,1998
Charles Oakley,34.0,NYK,2734.0,13.1,0.475,7.0,1.0,2.1,9.0,2.5,9.2,0.3,1.6,79.0,34.6,0,1998
Kendall Gill,29.0,NJN,2733.0,14.9,0.486,5.9,1.4,2.3,13.4,2.5,4.8,0.8,1.9,81.0,33.7,0,1998
Rick Fox,28.0,LAL,2709.0,12.5,0.564,5.3,-0.5,1.1,12.0,3.4,4.4,0.6,1.2,82.0,33.0,0,1998
Mookie Blaylock,30.0,ATL,2700.0,16.1,0.462,5.6,2.6,3.2,13.2,6.7,4.9,0.3,2.6,70.0,38.6,0,1998
Tyrone Corbin,35.0,ATL,2699.0,12.0,0.502,5.5,-0.4,1.1,10.2,2.2,4.6,0.1,1.3,79.0,34.2,0,1998
Avery Johnson,32.0,SAS,2674.0,14.1,0.514,6.7,0.4,1.6,10.2,7.9,2.0,0.2,1.1,75.0,35.7,0,1998
Ron Mercer,21.0,BOS,2662.0,14.1,0.491,4.0,-1.4,0.4,15.3,2.2,3.5,0.2,1.6,80.0,33.3,0,1998
Erick Dampier,22.0,GSW,2656.0,14.0,0.502,4.0,-2.4,-0.3,11.8,1.1,8.7,1.7,0.5,82.0,32.4,0,1998
A.C. Green,34.0,DAL,2649.0,12.8,0.496,5.2,-1.4,0.4,7.3,1.5,8.1,0.3,1.0,82.0,32.3,0,1998
Dean Garrett,31.0,DEN,2632.0,12.1,0.465,2.2,-2.6,-0.4,7.3,1.1,7.9,1.6,0.7,82.0,32.1,0,1998
Voshon Lenard,24.0,MIA,2621.0,13.3,0.547,7.1,0.9,1.9,12.6,2.2,3.6,0.2,0.7,81.0,32.4,0,1998
Bison Dele,28.0,DET,2619.0,18.1,0.542,6.9,0.0,1.3,16.2,1.2,8.9,0.7,0.9,78.0,33.6,0,1998
Donyell Marshall,24.0,GSW,2611.0,15.5,0.474,4.2,0.6,1.7,15.4,2.2,8.6,1.0,1.3,73.0,35.8,0,1998
Sam Cassell,28.0,NJN,2606.0,21.0,0.533,8.3,3.6,3.7,19.6,8.0,3.0,0.3,1.6,75.0,34.7,0,1998
Hersey Hawkins,31.0,SEA,2597.0,15.4,0.594,8.6,3.1,3.4,10.5,2.7,4.1,0.2,1.8,82.0,31.7,0,1998
Lamond Murray,24.0,LAC,2579.0,17.8,0.548,4.9,0.5,1.6,15.4,1.8,6.1,0.7,1.5,79.0,32.6,0,1998
LaPhonso Ellis,27.0,DEN,2575.0,14.4,0.484,1.4,-2.1,-0.1,14.3,2.8,7.2,0.6,0.9,76.0,33.9,0,1998
Mitch Richmond,32.0,SAC,2569.0,20.4,0.569,7.9,3.6,3.6,23.2,4.0,3.3,0.2,1.3,70.0,36.7,0,1998
Juwan Howard,24.0,WAS,2559.0,15.2,0.515,4.6,-0.9,0.7,18.5,3.3,7.0,0.4,1.3,64.0,40.0,0,1998
Jerry Stackhouse,23.0,2TM,2545.0,16.2,0.532,4.7,0.5,1.6,15.8,3.1,3.4,0.7,1.1,79.0,32.2,0,1998
Kevin Willis,35.0,HOU,2528.0,18.3,0.555,6.0,-1.9,0.0,16.1,1.0,8.4,0.5,0.7,81.0,31.2,0,1998
Cedric Henderson,22.0,CLE,2527.0,10.7,0.514,3.8,-1.6,0.3,10.1,2.0,4.0,0.5,1.2,82.0,30.8,0,1998
Bryant Reeves,24.0,VAN,2527.0,17.3,0.559,4.9,-1.1,0.5,16.3,2.1,7.9,1.1,0.5,74.0,34.1,0,1998
Lindsey Hunter,27.0,DET,2505.0,12.4,0.472,4.0,0.1,1.3,12.1,3.2,3.5,0.1,1.7,71.0,35.3,0,1998
Rodney Rogers,26.0,LAC,2499.0,15.8,0.532,3.3,-0.9,0.7,15.1,2.7,5.6,0.5,1.2,76.0,32.9,0,1998
Brevin Knight,22.0,CLE,2483.0,17.1,0.515,8.4,3.6,3.5,9.0,8.2,3.2,0.2,2.5,80.0,31.0,0,1998
Clyde Drexler,35.0,HOU,2473.0,19.8,0.531,6.8,3.4,3.3,18.4,5.5,4.9,0.6,1.8,70.0,35.3,0,1998
Jeff Hornacek,34.0,UTA,2460.0,19.3,0.587,9.5,3.7,3.6,14.2,4.4,3.4,0.2,1.4,80.0,30.8,0,1998
David Robinson,32.0,SAS,2457.0,27.8,0.581,13.8,8.3,6.3,21.6,2.7,10.6,2.6,0.9,73.0,33.7,0,1998
Theo Ratliff,24.0,2TM,2447.0,16.2,0.561,6.8,0.9,1.8,9.9,0.7,6.7,3.1,0.6,82.0,29.8,0,1998
Antonio McDyess,23.0,PHO,2441.0,20.3,0.571,9.4,2.1,2.5,15.1,1.3,7.6,1.7,1.2,81.0,30.1,0,1998
Mark Jackson,32.0,IND,2413.0,17.2,0.501,7.5,3.1,3.1,8.3,8.7,3.9,0.0,1.0,82.0,29.4,0,1998
Larry Johnson,28.0,NYK,2412.0,15.8,0.539,6.9,0.6,1.6,15.5,2.1,5.7,0.2,0.6,70.0,34.5,0,1998
Zydrunas Ilgauskas,22.0,CLE,2379.0,19.7,0.564,9.4,1.4,2.1,13.9,0.9,8.8,1.6,0.6,82.0,29.0,0,1998
Hubert Davis,27.0,DAL,2378.0,12.5,0.549,3.4,-2.0,0.0,11.1,1.9,2.1,0.1,0.5,81.0,29.4,0,1998
P.J. Brown,28.0,MIA,2362.0,15.0,0.522,7.5,0.8,1.7,9.6,1.4,8.6,1.3,0.9,74.0,31.9,0,1998
John Wallace,23.0,TOR,2361.0,14.8,0.518,1.5,-3.0,-0.6,14.0,1.3,4.5,1.2,0.8,82.0,28.8,0,1998
Clifford Robinson,31.0,PHO,2359.0,17.4,0.538,7.1,1.1,1.8,14.2,2.1,5.1,1.1,1.2,80.0,29.5,0,1998
Billy Owens,28.0,SAC,2348.0,14.4,0.502,3.7,-0.3,1.0,10.5,2.8,7.5,0.5,1.2,78.0,30.1,0,1998
Joe Smith,22.0,2TM,2344.0,14.4,0.482,2.6,-2.4,-0.3,14.6,1.2,6.0,0.6,0.8,79.0,29.7,0,1998
Jayson Williams,29.0,NJN,2343.0,18.7,0.541,8.4,0.3,1.4,12.9,1.0,13.6,0.8,0.7,65.0,36.0,0,1998
Walter McCarty,23.0,BOS,2340.0,11.6,0.483,2.9,-1.5,0.3,9.6,2.2,4.4,0.5,1.3,82.0,28.5,0,1998
Arvydas Sabonis,33.0,POR,2333.0,20.9,0.581,9.7,4.4,3.8,16.0,3.0,10.0,1.1,0.9,73.0,32.0,0,1998
Joe Dumars,34.0,DET,2326.0,14.3,0.549,5.9,1.0,1.7,13.1,3.5,1.4,0.0,0.6,72.0,32.3,0,1998
Keith Van Horn,22.0,NJN,2325.0,15.7,0.516,4.8,-0.8,0.7,19.7,1.7,6.6,0.4,1.0,62.0,37.5,0,1998
Clarence Weatherspoon,27.0,2TM,2325.0,14.0,0.504,4.5,-0.8,0.7,9.3,1.1,7.5,0.9,1.1,79.0,29.4,0,1998
Charlie Ward,27.0,NYK,2317.0,15.6,0.567,7.1,4.1,3.6,7.8,5.7,3.3,0.5,1.8,82.0,28.3,0,1998
Darrick Martin,26.0,LAC,2299.0,12.3,0.509,1.9,-2.8,-0.5,10.3,4.0,2.0,0.1,1.0,82.0,28.0,0,1998
Glenn Robinson,25.0,MIL,2294.0,16.8,0.522,3.1,0.0,1.1,23.4,2.8,5.5,0.6,1.2,56.0,41.0,0,1998
Dennis Scott,29.0,2TM,2290.0,12.1,0.502,2.4,-1.1,0.5,11.0,1.9,3.0,0.5,0.7,81.0,28.3,0,1998
Ron Harper,34.0,CHI,2284.0,14.7,0.503,7.2,1.9,2.3,9.3,2.9,3.5,0.6,1.3,82.0,27.9,0,1998
Christian Laettner,28.0,ATL,2282.0,18.5,0.576,7.5,2.4,2.5,13.8,2.6,6.6,1.0,1.0,74.0,30.8,0,1998
Anthony Johnson,23.0,SAC,2266.0,8.6,0.437,0.4,-4.4,-1.4,7.5,4.3,2.2,0.1,0.8,77.0,29.4,0,1998
Isaac Austin,28.0,2TM,2266.0,16.3,0.512,3.6,-1.3,0.4,13.5,2.2,7.1,0.7,0.8,78.0,29.1,0,1998
Rex Chapman,30.0,PHO,2263.0,14.5,0.521,4.5,0.2,1.3,15.9,3.0,2.5,0.2,1.0,68.0,33.3,0,1998
Ervin Johnson,30.0,MIL,2261.0,15.6,0.564,6.4,0.3,1.3,8.0,0.7,8.5,2.0,1.0,81.0,27.9,0,1998
Charles Barkley,34.0,HOU,2243.0,21.6,0.564,8.6,2.8,2.7,15.2,3.2,11.7,0.4,1.0,68.0,33.0,0,1998
Sam Mitchell,34.0,MIN,2239.0,15.8,0.539,6.1,-0.5,0.8,12.3,1.3,4.8,0.3,0.8,81.0,27.6,0,1998
Toni Kukoč,29.0,CHI,2235.0,17.3,0.525,7.0,3.3,3.0,13.3,4.2,4.4,0.5,1.0,74.0,30.2,0,1998
Tracy Murray,26.0,WAS,2227.0,17.3,0.563,6.5,2.0,2.3,15.1,1.0,3.4,0.3,0.8,82.0,27.2,0,1998
Jaren Jackson,30.0,SAS,2226.0,9.7,0.511,4.1,-1.5,0.3,8.8,1.9,2.6,0.1,0.7,82.0,27.1,0,1998
Bryon Russell,27.0,UTA,2219.0,12.9,0.57,6.0,0.8,1.6,9.0,1.2,4.0,0.4,1.1,82.0,27.1,0,1998
Matt Maloney,26.0,HOU,2217.0,10.5,0.539,2.2,-1.8,0.1,8.6,2.8,1.8,0.1,0.8,78.0,28.4,0,1998
Chauncey Billups,21.0,2TM,2216.0,13.6,0.516,3.0,-1.2,0.5,11.2,3.9,2.4,0.1,1.3,80.0,27.7,0,1998
Anthony Goldwire,26.0,DEN,2212.0,13.6,0.523,3.0,-1.7,0.1,9.2,3.4,1.8,0.1,1.0,82.0,27.0,0,1998
Otis Thorpe,35.0,2TM,2197.0,13.4,0.515,2.5,-2.1,0.0,10.2,3.0,7.3,0.4,0.6,74.0,29.7,0,1998
Robert Horry,27.0,LAL,2192.0,14.4,0.542,6.6,2.5,2.5,7.4,2.3,7.5,1.3,1.6,72.0,30.4,0,1998
Antonio Davis,29.0,IND,2191.0,15.3,0.558,7.4,-0.1,1.1,9.6,0.7,6.8,0.9,0.5,82.0,26.7,0,1998
John Starks,32.0,NYK,2188.0,14.3,0.504,4.6,0.7,1.5,12.9,2.7,2.8,0.1,1.0,82.0,26.7,0,1998
Chris Mills,28.0,NYK,2183.0,12.7,0.512,5.1,-0.4,0.9,9.7,1.7,5.1,0.4,0.6,80.0,27.3,0,1998
Chris Mullin,34.0,IND,2177.0,16.9,0.607,7.6,4.3,3.5,11.3,2.3,3.0,0.5,1.2,82.0,26.5,0,1998
Johnny Newman,34.0,DEN,2176.0,14.9,0.547,2.7,-2.6,-0.3,14.7,1.9,1.9,0.3,1.0,74.0,29.4,0,1998
Shaquille O'Neal,25.0,LAL,2175.0,28.8,0.587,10.2,5.8,4.3,28.3,2.4,11.4,2.4,0.7,60.0,36.3,0,1998
Dale Davis,28.0,IND,2174.0,15.2,0.546,7.1,1.3,1.8,8.0,0.9,7.8,1.1,0.7,78.0,27.9,0,1998
Derrick Coleman,30.0,PHI,2135.0,17.5,0.5,4.4,0.5,1.3,17.6,2.5,9.9,1.2,0.8,59.0,36.2,0,1998
Armen Gilliam,33.0,MIL,2114.0,16.4,0.56,5.3,0.1,1.1,11.2,1.3,5.4,0.5,0.8,82.0,25.8,0,1998
Rik Smits,31.0,IND,2085.0,19.9,0.532,6.1,0.9,1.6,16.7,1.4,6.9,1.2,0.5,73.0,28.6,0,1998
Lorenzen Wright,22.0,LAC,2067.0,13.6,0.49,3.1,-2.6,-0.3,9.0,0.8,8.8,1.3,0.8,69.0,30.0,0,1998
Tyrone Hill,29.0,MIL,2064.0,13.6,0.538,4.8,-0.4,0.8,10.0,1.5,10.7,0.5,1.2,57.0,36.2,0,1998
Kobe Bryant,19.0,LAL,2056.0,18.5,0.548,6.3,1.4,1.8,15.4,2.5,3.1,0.5,0.9,79.0,26.0,0,1998
Nick Van Exel,26.0,LAL,2053.0,17.8,0.538,7.1,2.6,2.4,13.8,6.9,3.0,0.1,1.0,64.0,32.1,0,1998
Adam Keefe,27.0,UTA,2047.0,14.5,0.605,6.5,0.6,1.3,7.8,1.1,5.5,0.3,0.7,80.0,25.6,0,1998
Bobby Jackson,24.0,DEN,2042.0,13.6,0.453,-0.6,-2.6,-0.3,11.6,4.7,4.4,0.2,1.5,68.0,30.0,0,1998
Marcus Camby,23.0,TOR,2002.0,15.9,0.448,0.9,-1.6,0.2,12.1,1.8,7.4,3.7,1.1,63.0,31.8,0,1998
Alan Henderson,25.0,ATL,2000.0,18.4,0.534,6.0,-0.5,0.8,14.3,1.1,6.4,0.5,0.6,69.0,29.0,0,1998
Mario Elie,34.0,HOU,1988.0,12.9,0.575,3.8,-0.4,0.8,8.4,3.0,2.1,0.1,1.1,73.0,27.2,0,1998
Michael Curry,29.0,MIL,1978.0,9.1,0.548,2.9,-2.9,-0.5,6.6,1.7,1.2,0.2,0.7,82.0,24.1,0,1998
Blue Edwards,32.0,VAN,1968.0,14.5,0.521,2.1,-1.5,0.2,10.8,2.5,2.7,0.3,1.1,81.0,24.3,0,1998
Antonio Daniels,22.0,VAN,1956.0,9.9,0.465,-1.3,-5.0,-1.5,7.8,4.5,1.9,0.1,0.7,74.0,26.4,0,1998
Khalid Reeves,25.0,DAL,1950.0,13.1,0.522,2.5,-1.9,0.0,8.7,2.8,2.3,0.1,1.0,82.0,23.8,0,1998
Dale Ellis,37.0,SEA,1939.0,16.6,0.612,6.0,1.6,1.8,11.8,1.1,2.3,0.1,0.8,79.0,24.5,0,1998
Alonzo Mourning,27.0,MIA,1939.0,22.4,0.595,7.5,2.5,2.2,19.2,0.9,9.6,2.2,0.7,58.0,33.4,0,1998
Dan Majerle,32.0,MIA,1928.0,12.2,0.562,5.3,2.3,2.1,7.2,2.2,3.7,0.2,0.9,72.0,26.8,0,1998
Brian Grant,25.0,POR,1921.0,16.7,0.561,6.3,0.5,1.2,12.1,1.4,9.1,0.7,0.7,61.0,31.5,0,1998
Bobby Phills,28.0,CHH,1887.0,12.5,0.523,3.2,-0.5,0.7,10.4,3.0,3.5,0.3,1.3,62.0,30.4,0,1998
John Stockton,35.0,UTA,1858.0,21.8,0.628,8.0,5.6,3.6,12.0,8.5,2.6,0.2,1.4,64.0,29.0,0,1998
Kenny Anderson,27.0,2TM,1858.0,14.8,0.491,3.7,0.3,1.1,12.2,5.7,2.8,0.0,1.4,61.0,30.5,0,1998
Matt Geiger,28.0,CHH,1839.0,20.2,0.544,5.9,1.1,1.5,11.3,1.0,6.7,1.1,0.9,78.0,23.6,0,1998
Derek Anderson,23.0,CLE,1839.0,15.3,0.531,5.3,1.7,1.7,11.7,3.4,2.8,0.2,1.3,66.0,27.9,0,1998
Lee Mayberry,27.0,VAN,1835.0,9.2,0.489,0.4,-3.7,-0.8,4.6,4.4,1.4,0.1,0.8,79.0,23.2,0,1998
Shawn Bradley,25.0,DAL,1822.0,17.7,0.463,2.9,-0.4,0.7,11.4,0.9,8.1,3.3,0.8,64.0,28.5,0,1998
Aaron McKie,25.0,2TM,1813.0,8.6,0.41,1.4,-1.5,0.2,4.1,2.2,2.9,0.2,1.2,81.0,22.4,0,1998
Danny Fortson,21.0,DEN,1811.0,14.3,0.537,1.9,-5.0,-1.4,10.2,1.0,5.6,0.4,0.6,80.0,22.6,0,1998
Vlade Divac,29.0,CHH,1805.0,19.4,0.539,5.9,4.0,2.7,10.4,2.7,8.1,1.5,1.3,64.0,28.2,0,1998
Danny Manning,31.0,PHO,1794.0,19.8,0.554,6.5,2.7,2.1,13.5,2.0,5.6,0.7,1.0,70.0,25.6,0,1998
Terry Porter,34.0,MIN,1786.0,17.3,0.586,5.2,2.4,2.0,9.5,3.3,2.0,0.2,0.8,82.0,21.8,0,1998
Elden Campbell,29.0,LAL,1784.0,16.4,0.527,4.7,-1.4,0.3,10.1,1.0,5.6,1.3,0.4,81.0,22.0,0,1998
Terrell Brandon,27.0,MIL,1784.0,20.2,0.526,5.1,3.7,2.5,16.8,7.7,3.5,0.3,2.2,50.0,35.7,0,1998
Tim Thomas,20.0,PHI,1779.0,14.8,0.538,3.4,-0.5,0.7,11.0,1.2,3.7,0.2,0.7,77.0,23.1,0,1998
Michael Stewart,22.0,SAC,1761.0,12.9,0.486,3.0,-1.5,0.2,4.6,0.8,6.6,2.4,0.4,81.0,21.7,0,1998
Derek Harper,36.0,ORL,1761.0,11.5,0.491,2.3,-1.3,0.3,8.6,3.5,1.6,0.2,1.1,66.0,26.7,0,1998
Derek Fisher,23.0,LAL,1760.0,12.9,0.533,3.8,0.0,0.9,5.8,4.1,2.4,0.1,0.9,82.0,21.5,0,1998
Elliot Perry,28.0,MIL,1752.0,11.5,0.485,1.3,-2.2,-0.1,7.3,2.8,1.3,0.0,1.1,81.0,21.6,0,1998
Eric Piatkowski,27.0,LAC,1740.0,15.5,0.591,3.9,0.2,0.9,11.3,1.3,3.5,0.2,0.8,67.0,26.0,0,1998
Jamal Mashburn,25.0,MIA,1729.0,14.1,0.533,4.1,0.1,0.9,15.1,2.8,4.9,0.3,0.9,48.0,36.0,0,1998
Howard Eisley,25.0,UTA,1726.0,13.6,0.541,2.9,-0.6,0.6,7.7,4.2,2.0,0.2,0.7,82.0,21.0,0,1998
Vinny Del Negro,31.0,SAS,1721.0,11.1,0.493,3.7,-1.5,0.2,9.5,3.4,2.8,0.1,0.7,54.0,31.9,0,1998
Dee Brown,29.0,2TM,1719.0,14.2,0.555,3.4,0.4,1.0,9.1,2.1,2.1,0.3,1.1,72.0,23.9,0,1998
Jalen Rose,25.0,IND,1706.0,14.1,0.545,3.3,-0.6,0.6,9.4,1.9,2.4,0.2,0.7,82.0,20.8,0,1998
Terry Davis,30.0,WAS,1705.0,10.5,0.524,3.6,-2.7,-0.3,4.4,0.4,6.5,0.3,0.6,74.0,23.0,0,1998
Cherokee Parks,25.0,MIN,1703.0,13.6,0.533,3.8,-2.3,-0.1,7.1,0.7,5.5,1.1,0.5,79.0,21.6,0,1998
Luc Longley,29.0,CHI,1703.0,13.5,0.492,3.4,-0.9,0.5,11.4,2.8,5.9,1.1,0.6,58.0,29.4,0,1998
Nick Anderson,30.0,ORL,1701.0,19.6,0.529,5.3,4.8,2.9,15.3,2.1,5.1,0.4,1.2,58.0,29.3,0,1998
Sherman Douglas,31.0,NJN,1699.0,15.6,0.541,4.0,0.6,1.1,8.0,4.0,1.7,0.1,0.7,80.0,21.2,0,1998
Dana Barros,30.0,BOS,1686.0,18.6,0.583,5.6,3.5,2.3,9.8,3.6,1.9,0.1,1.0,80.0,21.1,0,1998
Tony Delk,24.0,2TM,1681.0,13.1,0.452,0.8,-1.5,0.2,10.1,2.2,2.2,0.2,0.9,77.0,21.8,0,1998
Sam Perkins,36.0,SEA,1675.0,13.6,0.55,4.5,1.4,1.4,7.2,1.4,3.1,0.4,0.8,81.0,20.7,0,1998
Steve Nash,23.0,PHO,1664.0,15.6,0.556,4.8,1.4,1.4,9.1,3.4,2.1,0.1,0.8,76.0,21.9,0,1998
Reggie Slater,27.0,TOR,1662.0,12.4,0.52,1.5,-4.6,-1.1,8.0,0.9,3.9,0.4,0.6,78.0,21.3,0,1998
Scottie Pippen,32.0,CHI,1652.0,20.4,0.533,6.6,5.0,2.9,19.1,5.8,5.2,1.0,1.8,44.0,37.5,0,1998
Malik Sealy,27.0,DET,1641.0,12.8,0.505,3.2,-0.6,0.6,7.7,1.3,2.8,0.3,0.8,77.0,21.3,0,1998
Derek Strong,29.0,ORL,1638.0,16.6,0.497,4.4,-1.1,0.4,12.7,0.9,7.4,0.4,0.5,58.0,28.2,0,1998
Rony Seikaly,32.0,2TM,1636.0,15.0,0.514,2.7,-1.9,0.1,13.3,1.4,7.0,0.8,0.5,56.0,29.2,0,1998
Hakeem Olajuwon,35.0,HOU,1633.0,20.8,0.531,4.5,3.0,2.1,16.4,3.0,9.8,2.0,1.8,47.0,34.7,0,1998
Oliver Miller,27.0,TOR,1628.0,12.8,0.485,0.9,-1.8,0.1,6.3,3.1,6.3,1.1,0.9,64.0,25.4,0,1998
Shandon Anderson,24.0,UTA,1602.0,15.7,0.586,4.2,0.7,1.1,8.3,1.1,2.8,0.2,0.8,82.0,19.5,0,1998
Brent Barry,26.0,2TM,1600.0,14.3,0.558,2.7,0.5,1.0,10.9,2.6,2.9,0.5,1.1,58.0,27.6,0,1998
Chris Childs,30.0,NYK,1599.0,11.6,0.524,3.7,-0.2,0.7,6.3,3.9,2.4,0.1,0.8,68.0,23.5,0,1998
Tom Gugliotta,28.0,MIN,1582.0,20.5,0.561,5.0,3.2,2.1,20.1,4.1,8.7,0.5,1.5,41.0,38.6,0,1998
Muggsy Bogues,33.0,2TM,1570.0,12.4,0.492,1.7,-1.4,0.3,5.7,5.4,2.2,0.0,1.1,61.0,25.7,0,1998
Jason Kidd,25.0,PHO,2060.0,22.5,0.527,8.1,5.5,3.9,16.9,10.8,6.8,0.4,2.3,50.0,41.2,0,1999
Michael Finley,25.0,DAL,2051.0,19.2,0.517,5.4,2.0,2.1,20.2,4.4,5.3,0.3,1.3,50.0,41.0,0,1999
Shareef Abdur-Rahim,22.0,VAN,2021.0,20.7,0.53,4.6,2.0,2.1,23.0,3.4,7.5,1.1,1.4,50.0,40.4,0,1999
Scottie Pippen,33.0,HOU,2011.0,16.8,0.53,4.9,2.5,2.3,14.5,5.9,6.5,0.7,2.0,50.0,40.2,0,1999
Gary Payton,30.0,SEA,2008.0,23.1,0.519,7.2,5.1,3.6,21.7,8.7,4.9,0.2,2.2,50.0,40.2,0,1999
Allen Iverson,23.0,PHI,1990.0,22.2,0.508,7.2,5.7,3.9,26.8,4.6,4.9,0.1,2.3,48.0,41.5,0,1999
Tim Duncan,22.0,SAS,1963.0,23.2,0.541,8.7,4.5,3.2,21.7,2.4,11.4,2.5,0.9,50.0,39.3,0,1999
Anfernee Hardaway,27.0,ORL,1944.0,16.7,0.488,5.0,2.8,2.3,15.8,5.3,5.7,0.5,2.2,50.0,38.9,0,1999
Antonio McDyess,24.0,DEN,1937.0,21.7,0.515,4.2,0.7,1.3,21.2,1.6,10.7,2.3,1.5,50.0,38.7,0,1999
Mitch Richmond,33.0,WAS,1912.0,15.5,0.527,3.3,-0.2,0.9,19.7,2.4,3.4,0.2,1.3,50.0,38.2,0,1999
Kobe Bryant,20.0,LAL,1896.0,18.9,0.549,5.2,2.1,1.9,19.9,3.8,5.3,1.0,1.4,50.0,37.9,0,1999
Stephon Marbury,21.0,2TM,1895.0,20.8,0.519,5.3,2.7,2.2,21.3,8.9,2.9,0.2,1.2,49.0,38.7,0,1999
Eddie Jones,27.0,2TM,1881.0,18.5,0.546,6.0,4.4,3.0,15.6,3.7,3.9,1.2,2.5,50.0,37.6,0,1999
Grant Hill,26.0,DET,1852.0,23.9,0.543,7.3,6.2,3.8,21.1,6.0,7.1,0.5,1.6,50.0,37.0,0,1999
David Wesley,28.0,CHH,1848.0,16.9,0.561,4.8,1.7,1.7,14.1,6.4,3.2,0.2,2.0,50.0,37.0,0,1999
Karl Malone,35.0,UTA,1832.0,25.6,0.577,9.6,6.7,4.0,23.8,4.1,9.4,0.6,1.3,49.0,37.4,1,1999
Dikembe Mutombo,32.0,ATL,1829.0,18.8,0.584,7.9,3.7,2.6,10.8,1.1,12.2,2.9,0.3,50.0,36.6,0,1999
Allan Houston,27.0,NYK,1815.0,13.1,0.515,2.9,-0.7,0.6,16.3,2.7,3.0,0.2,0.7,50.0,36.3,0,1999
Jason Williams,23.0,SAC,1805.0,12.8,0.483,2.1,-1.0,0.5,12.8,6.0,3.1,0.0,1.9,50.0,36.1,0,1999
Nick Van Exel,27.0,DEN,1802.0,16.7,0.488,2.2,-0.8,0.6,16.5,7.4,2.3,0.1,0.8,50.0,36.0,0,1999
Reggie Miller,33.0,IND,1787.0,18.7,0.59,6.4,3.2,2.3,18.4,2.2,2.7,0.2,0.7,50.0,35.7,0,1999
Hakeem Olajuwon,36.0,HOU,1784.0,23.1,0.559,6.5,3.2,2.3,18.9,1.8,9.6,2.5,1.6,50.0,35.7,0,1999
Kevin Garnett,22.0,MIN,1780.0,22.4,0.493,5.4,5.3,3.3,20.8,4.3,10.4,1.8,1.7,47.0,37.9,0,1999
Tim Hardaway,32.0,MIA,1772.0,18.8,0.511,5.4,3.3,2.4,17.4,7.3,3.2,0.1,1.2,48.0,36.9,0,1999
Bryon Russell,28.0,UTA,1770.0,14.1,0.572,5.6,1.5,1.6,12.4,1.5,5.3,0.3,1.5,50.0,35.4,0,1999
Doug Christie,28.0,TOR,1768.0,16.9,0.501,4.2,1.5,1.6,15.2,3.7,4.1,0.5,2.3,50.0,35.4,0,1999
Detlef Schrempf,36.0,SEA,1765.0,18.4,0.573,5.8,2.0,1.8,15.0,3.7,7.4,0.5,0.8,50.0,35.3,0,1999
Mookie Blaylock,31.0,ATL,1763.0,16.7,0.463,4.7,4.0,2.7,13.3,5.8,4.7,0.2,2.1,48.0,36.7,0,1999
Vlade Divac,30.0,SAC,1761.0,18.0,0.533,5.2,2.2,1.8,14.3,4.3,10.0,1.0,0.9,50.0,35.2,0,1999
Vince Carter,22.0,TOR,1760.0,19.6,0.516,5.0,2.8,2.1,18.3,3.0,5.7,1.5,1.1,50.0,35.2,0,1999
Mike Bibby,20.0,VAN,1758.0,14.8,0.487,1.3,-1.8,0.1,13.2,6.5,2.7,0.1,1.6,50.0,35.2,0,1999
Lindsey Hunter,28.0,DET,1755.0,13.9,0.517,4.0,1.1,1.4,11.9,3.9,3.4,0.2,1.8,49.0,35.8,0,1999
Alonzo Mourning,28.0,MIA,1753.0,24.6,0.563,7.9,4.7,3.0,20.1,1.6,11.0,3.9,0.7,46.0,38.1,0,1999
Clifford Robinson,32.0,PHO,1740.0,18.3,0.559,5.3,2.8,2.1,16.4,2.6,4.5,1.2,1.5,50.0,34.8,0,1999
Ray Allen,23.0,MIL,1719.0,18.9,0.564,5.2,2.4,1.9,17.1,3.6,4.2,0.1,1.1,50.0,34.4,0,1999
Chris Webber,25.0,SAC,1719.0,19.5,0.491,3.6,1.9,1.7,20.0,4.1,13.0,2.1,1.4,42.0,40.9,0,1999
Eric Snow,25.0,PHI,1716.0,12.9,0.499,3.8,-0.1,0.8,8.6,6.3,3.4,0.0,2.1,48.0,35.8,0,1999
Shaquille O'Neal,26.0,LAL,1705.0,30.6,0.584,9.0,7.1,3.9,26.3,2.3,10.7,1.7,0.7,49.0,34.8,0,1999
John Starks,33.0,GSW,1686.0,13.9,0.447,3.0,0.8,1.2,13.8,4.7,3.3,0.1,1.4,50.0,33.7,0,1999
Damon Stoudamire,25.0,POR,1673.0,14.7,0.462,3.6,0.1,0.9,12.6,6.2,3.3,0.1,1.0,50.0,33.5,0,1999
Avery Johnson,33.0,SAS,1672.0,14.0,0.487,3.9,0.1,0.9,9.7,7.4,2.4,0.2,1.0,50.0,33.4,0,1999
Horace Grant,33.0,ORL,1660.0,13.3,0.455,4.1,0.7,1.1,8.9,1.8,7.0,1.2,0.9,50.0,33.2,0,1999
Toni Kukoč,30.0,CHI,1654.0,18.6,0.49,2.8,3.0,2.1,18.8,5.3,7.0,0.3,1.1,44.0,37.6,0,1999
Hersey Hawkins,32.0,SEA,1644.0,14.0,0.554,3.5,0.9,1.2,10.3,2.5,4.0,0.4,1.6,50.0,32.9,0,1999
Larry Johnson,29.0,NYK,1639.0,14.6,0.554,4.9,1.2,1.3,12.0,2.4,5.8,0.2,0.7,49.0,33.4,0,1999
Charles Oakley,35.0,TOR,1633.0,10.8,0.479,2.1,-2.2,-0.1,7.0,3.4,7.5,0.4,0.9,50.0,32.7,0,1999
Paul Pierce,21.0,BOS,1632.0,19.2,0.54,4.9,3.7,2.3,16.5,2.4,6.4,1.0,1.7,48.0,34.0,0,1999
Rod Strickland,32.0,WAS,1632.0,20.2,0.488,4.1,3.1,2.1,15.7,9.9,4.8,0.1,1.7,44.0,37.1,0,1999
Theo Ratliff,25.0,PHI,1627.0,16.9,0.539,5.4,1.3,1.4,11.2,0.6,8.1,3.0,0.9,50.0,32.5,0,1999
Dan Majerle,33.0,MIA,1624.0,10.2,0.529,3.5,1.0,1.3,7.0,3.1,4.3,0.1,0.8,48.0,33.8,0,1999
P.J. Brown,29.0,MIA,1611.0,15.8,0.527,5.1,0.8,1.2,11.4,1.3,6.9,1.0,0.9,50.0,32.2,0,1999
Kendall Gill,30.0,NJN,1606.0,14.8,0.441,2.6,0.6,1.1,11.8,2.5,4.9,0.5,2.7,50.0,32.1,0,1999
Nick Anderson,31.0,ORL,1581.0,15.3,0.493,3.9,2.1,1.7,14.9,1.9,5.9,0.3,1.4,47.0,33.6,0,1999
Glenn Robinson,26.0,MIL,1579.0,19.7,0.523,4.0,1.9,1.5,18.4,2.1,5.9,0.9,1.0,47.0,33.6,0,1999
Keith Van Horn,23.0,NJN,1576.0,19.6,0.519,3.7,1.2,1.3,21.8,1.5,8.5,1.3,1.0,42.0,37.5,0,1999
Bobby Phills,29.0,CHH,1574.0,14.4,0.537,3.0,0.9,1.2,14.3,3.5,4.0,0.6,1.4,43.0,36.6,0,1999
Kerry Kittles,24.0,NJN,1570.0,13.5,0.446,1.8,0.0,0.8,12.9,2.5,4.2,0.6,1.7,46.0,34.1,0,1999
Tom Gugliotta,29.0,PHO,1563.0,20.0,0.545,5.4,1.8,1.5,17.0,2.8,8.9,0.5,1.4,43.0,36.3,0,1999
Michael Finley,26.0,DAL,3464.0,19.2,0.522,8.3,2.1,3.6,22.6,5.3,6.3,0.4,1.3,82.0,42.2,0,2000
Gary Payton,31.0,SEA,3425.0,23.6,0.535,13.9,6.4,7.3,24.2,8.9,6.5,0.2,1.9,82.0,41.8,0,2000
Latrell Sprewell,29.0,NYK,3276.0,15.7,0.515,6.6,1.0,2.5,18.6,4.0,4.3,0.3,1.3,82.0,40.0,0,2000
Kevin Garnett,23.0,MIN,3243.0,23.6,0.545,11.6,6.3,6.8,22.9,5.0,11.8,1.6,1.5,81.0,40.0,0,2000
Shareef Abdur-Rahim,23.0,VAN,3223.0,20.2,0.547,8.8,2.2,3.4,20.3,3.3,10.1,1.1,1.1,82.0,39.3,0,2000
Allan Houston,28.0,NYK,3169.0,16.5,0.569,8.6,1.7,2.9,19.7,2.7,3.3,0.2,0.8,82.0,38.6,0,2000
Shaquille O'Neal,27.0,LAL,3163.0,30.6,0.578,18.6,9.3,9.0,29.7,3.8,13.6,3.0,0.5,79.0,40.0,1,2000
Mike Bibby,21.0,VAN,3155.0,16.7,0.521,5.6,0.6,2.1,14.5,8.1,3.7,0.2,1.6,82.0,38.5,0,2000
Jerry Stackhouse,25.0,DET,3148.0,18.9,0.545,7.3,1.0,2.4,23.6,4.5,3.8,0.4,1.3,82.0,38.4,0,2000
Anthony Mason,33.0,CHH,3133.0,14.4,0.56,8.9,0.8,2.2,11.6,4.5,8.5,0.4,0.9,82.0,38.2,0,2000
Vince Carter,23.0,TOR,3126.0,23.4,0.543,11.8,5.5,5.9,25.7,3.9,5.8,1.1,1.3,82.0,38.1,0,2000
Michael Dickerson,24.0,VAN,3103.0,15.6,0.53,5.5,0.0,1.6,18.2,2.5,3.4,0.5,1.4,82.0,37.8,0,2000
Ray Allen,24.0,MIL,3070.0,20.6,0.57,10.1,3.6,4.3,22.1,3.8,4.4,0.2,1.3,82.0,37.4,0,2000
Antoine Walker,23.0,BOS,3003.0,17.8,0.494,5.0,0.7,2.1,20.5,3.7,8.0,0.4,1.4,82.0,36.6,0,2000
Elton Brand,20.0,CHI,2999.0,20.6,0.528,7.5,1.3,2.5,20.1,1.9,10.0,1.6,0.8,81.0,37.0,0,2000
Reggie Miller,34.0,IND,2987.0,17.3,0.603,10.1,2.7,3.6,18.1,2.3,3.0,0.3,1.0,81.0,36.9,0,2000
Dikembe Mutombo,33.0,ATL,2984.0,19.4,0.621,9.9,2.4,3.3,11.5,1.3,14.1,3.3,0.3,82.0,36.4,0,2000
Jalen Rose,27.0,IND,2978.0,16.7,0.547,7.3,1.4,2.5,18.2,4.0,4.8,0.6,1.1,80.0,37.2,0,2000
Nick Van Exel,28.0,DEN,2950.0,16.0,0.483,4.9,-0.2,1.3,16.1,9.0,3.9,0.1,0.9,79.0,37.3,0,2000
Karl Malone,36.0,UTA,2947.0,27.1,0.582,15.3,7.5,7.1,25.5,3.7,9.5,0.9,1.0,82.0,35.9,0,2000
Dirk Nowitzki,21.0,DAL,2938.0,17.5,0.564,8.1,1.6,2.6,17.5,2.5,6.5,0.8,0.8,82.0,35.8,0,2000
Lindsey Hunter,29.0,DET,2919.0,13.2,0.543,5.6,0.7,2.0,12.7,4.0,3.0,0.3,1.6,82.0,35.6,0,2000
Juwan Howard,26.0,WAS,2909.0,12.3,0.496,1.9,-2.8,-0.6,14.9,3.0,5.7,0.3,0.8,82.0,35.5,0,2000
Glenn Robinson,27.0,MIL,2909.0,17.8,0.534,4.8,0.1,1.5,20.9,2.4,6.0,0.5,1.0,81.0,35.9,0,2000
Bryon Russell,29.0,UTA,2900.0,15.1,0.55,8.8,1.7,2.7,14.1,1.9,5.2,0.3,1.6,82.0,35.4,0,2000
Sam Cassell,30.0,MIL,2899.0,21.1,0.551,9.2,2.2,3.1,18.6,9.0,3.7,0.1,1.3,81.0,35.8,0,2000
Stephon Marbury,22.0,NJN,2881.0,20.7,0.528,7.4,2.4,3.2,22.2,8.4,3.2,0.2,1.5,74.0,38.9,0,2000
Chris Webber,26.0,SAC,2880.0,23.4,0.53,10.7,5.7,5.6,24.5,4.6,10.5,1.7,1.6,75.0,38.4,0,2000
Tim Duncan,23.0,SAS,2875.0,24.8,0.555,13.0,5.6,5.5,23.2,3.2,12.4,2.2,0.9,74.0,38.9,0,2000
Eric Snow,26.0,PHI,2866.0,12.8,0.482,6.1,0.1,1.5,7.9,7.6,3.2,0.1,1.7,82.0,35.0,0,2000
Allen Iverson,24.0,PHI,2853.0,20.0,0.496,6.9,3.2,3.8,28.4,4.7,3.8,0.1,2.1,70.0,40.8,0,2000
Vin Baker,28.0,SEA,2849.0,14.0,0.5,3.5,-3.0,-0.7,16.6,1.9,7.7,0.8,0.6,79.0,36.1,0,2000
Rasheed Wallace,25.0,POR,2845.0,18.1,0.556,9.3,2.2,3.0,16.4,1.8,7.0,1.3,1.1,81.0,35.1,0,2000
Clifford Robinson,33.0,PHO,2839.0,17.3,0.564,9.6,2.5,3.2,18.5,2.8,4.5,0.8,1.1,80.0,35.5,0,2000
Jamal Mashburn,27.0,MIA,2828.0,15.4,0.526,6.4,0.5,1.8,17.5,3.9,5.0,0.2,1.0,76.0,37.2,0,2000
Eddie Jones,28.0,CHH,2807.0,19.9,0.555,10.1,4.9,4.9,20.1,4.2,4.8,0.7,2.7,72.0,39.0,0,2000
Keith Van Horn,24.0,NJN,2782.0,18.1,0.537,5.5,-0.3,1.2,19.2,2.0,8.5,0.8,0.8,80.0,34.8,0,2000
Steve Francis,22.0,HOU,2776.0,18.4,0.543,6.4,2.0,2.8,18.0,6.6,5.3,0.4,1.5,77.0,36.1,0,2000
Grant Hill,27.0,DET,2776.0,24.5,0.565,10.7,5.4,5.2,25.8,5.2,6.6,0.6,1.4,74.0,37.5,0,2000
Alan Henderson,27.0,ATL,2775.0,14.7,0.503,4.3,-1.6,0.3,13.2,0.9,7.0,0.7,1.0,82.0,33.8,0,2000
Jim Jackson,29.0,ATL,2767.0,14.3,0.496,2.8,-0.8,0.8,16.7,2.9,5.0,0.1,0.7,79.0,35.0,0,2000
Lamar Odom,20.0,LAC,2767.0,16.8,0.521,3.2,0.6,1.8,16.6,4.2,7.8,1.3,1.2,76.0,36.4,0,2000
David Wesley,29.0,CHH,2760.0,15.0,0.519,6.1,0.1,1.5,13.6,5.6,2.7,0.1,1.3,82.0,33.7,0,2000
Jason Williams,24.0,SAC,2760.0,11.6,0.477,1.5,-1.9,0.1,12.3,7.3,2.8,0.1,1.4,81.0,34.1,0,2000
Scottie Pippen,34.0,POR,2749.0,16.4,0.533,7.8,3.6,3.9,12.5,5.0,6.3,0.5,1.4,82.0,33.5,0,2000
Alonzo Mourning,29.0,MIA,2748.0,25.8,0.596,12.9,5.3,5.0,21.7,1.6,9.5,3.7,0.5,79.0,34.8,0,2000
Brent Barry,28.0,SEA,2726.0,14.6,0.609,7.5,1.8,2.6,11.8,3.6,4.7,0.4,1.3,80.0,34.1,0,2000
Shandon Anderson,26.0,HOU,2700.0,13.8,0.567,4.9,-0.5,1.1,12.3,2.9,4.7,0.4,1.2,82.0,32.9,0,2000
Antonio McDyess,25.0,DEN,2698.0,19.6,0.539,6.2,0.7,1.9,19.1,2.0,8.5,1.7,0.9,81.0,33.3,0,2000
Steve Smith,30.0,POR,2689.0,17.3,0.584,10.4,2.9,3.3,14.9,2.5,3.8,0.4,0.9,82.0,32.8,0,2000
Horace Grant,34.0,SEA,2688.0,11.7,0.472,5.2,-0.7,0.9,8.1,2.5,7.8,0.8,0.7,76.0,35.4,0,2000
Othella Harrington,26.0,VAN,2677.0,13.3,0.56,3.0,-3.5,-1.0,13.1,1.2,6.9,0.7,0.4,82.0,32.6,0,2000
Jason Kidd,26.0,PHO,2616.0,18.4,0.498,8.5,4.3,4.2,14.3,10.1,7.2,0.4,2.0,67.0,39.0,0,2000
Kenny Anderson,29.0,BOS,2593.0,17.4,0.524,7.3,1.8,2.5,14.0,5.1,2.7,0.1,1.7,82.0,31.6,0,2000
Darrell Armstrong,31.0,ORL,2590.0,19.5,0.542,8.0,4.5,4.3,16.2,6.1,3.3,0.1,2.1,82.0,31.6,0,2000
Terrell Brandon,29.0,MIN,2587.0,20.8,0.535,8.6,4.3,4.1,17.1,8.9,3.4,0.4,1.9,71.0,36.4,0,2000
Paul Pierce,22.0,BOS,2583.0,19.8,0.55,8.2,3.9,3.9,19.5,3.0,5.4,0.8,2.1,73.0,35.4,0,2000
Avery Johnson,34.0,SAS,2571.0,14.8,0.5,6.3,0.3,1.5,11.2,6.0,1.9,0.2,0.9,82.0,31.4,0,2000
David Robinson,34.0,SAS,2557.0,24.6,0.568,12.7,5.8,5.0,17.8,1.8,9.6,2.3,1.2,80.0,32.0,0,2000
Elden Campbell,31.0,CHH,2538.0,14.6,0.5,5.5,-0.9,0.7,12.7,1.7,7.6,1.9,0.7,78.0,32.5,0,2000
Glen Rice,32.0,LAL,2530.0,16.2,0.551,9.0,0.9,1.8,15.9,2.2,4.1,0.2,0.6,80.0,31.6,0,2000
Kobe Bryant,21.0,LAL,2524.0,21.7,0.546,10.6,5.1,4.5,22.5,4.9,6.3,0.9,1.6,66.0,38.2,0,2000
Cuttino Mobley,24.0,HOU,2496.0,16.0,0.545,5.2,-0.1,1.2,15.8,2.6,3.6,0.4,1.1,81.0,30.8,0,2000
Michael Olowokandi,24.0,LAC,2493.0,10.4,0.467,-0.8,-6.0,-2.6,9.8,0.5,8.2,1.8,0.4,80.0,31.2,0,2000
Shawn Kemp,30.0,CLE,2492.0,17.2,0.508,4.0,-2.1,0.0,17.8,1.7,8.8,1.2,1.2,82.0,30.4,0,2000
Antonio Davis,31.0,TOR,2479.0,15.1,0.52,6.1,-2.0,0.0,11.5,1.3,8.8,1.3,0.5,79.0,31.4,0,2000
Tracy McGrady,20.0,TOR,2462.0,20.0,0.509,6.6,3.5,3.4,15.4,3.3,6.3,1.9,1.1,79.0,31.2,0,2000
Mookie Blaylock,32.0,GSW,2459.0,15.1,0.468,3.3,0.9,1.8,11.3,6.7,3.7,0.3,2.0,73.0,33.7,0,2000
Christian Laettner,30.0,DET,2443.0,14.8,0.539,5.1,-0.8,0.7,12.2,2.3,6.7,0.5,1.0,82.0,29.8,0,2000
Raef LaFrentz,23.0,DEN,2435.0,16.3,0.512,5.9,0.2,1.4,12.4,1.2,7.9,2.2,0.5,81.0,30.1,0,2000
John Stockton,37.0,UTA,2432.0,22.4,0.591,11.2,6.6,5.3,12.1,8.6,2.6,0.2,1.7,82.0,29.7,0,2000
Charles Oakley,36.0,TOR,2431.0,10.1,0.459,2.2,-2.2,-0.1,6.9,3.2,6.8,0.6,1.3,80.0,30.4,0,2000
George Lynch,29.0,PHI,2416.0,13.7,0.498,5.8,1.0,1.8,9.6,1.8,7.8,0.5,1.6,75.0,32.2,0,2000
Mitch Richmond,34.0,WAS,2397.0,16.5,0.536,5.2,1.1,1.9,17.4,2.5,2.9,0.2,1.5,74.0,32.4,0,2000
Malik Sealy,29.0,MIN,2392.0,14.4,0.53,5.5,-0.3,1.0,11.3,2.4,4.3,0.2,0.9,82.0,29.2,0,2000
Ron Mercer,23.0,2TM,2377.0,12.7,0.479,1.8,-3.1,-0.6,16.9,2.3,3.7,0.3,1.1,68.0,35.0,0,2000
Vlade Divac,31.0,SAC,2374.0,18.0,0.552,7.2,2.8,2.9,12.3,3.0,8.0,1.3,1.3,82.0,29.0,0,2000
Damon Stoudamire,26.0,POR,2372.0,15.5,0.508,6.1,0.9,1.7,12.5,5.2,3.1,0.0,1.0,78.0,30.4,0,2000
Lamond Murray,26.0,CLE,2365.0,14.9,0.517,3.3,-0.3,1.0,15.9,1.8,5.7,0.5,1.4,74.0,32.0,0,2000
Kendall Gill,31.0,NJN,2355.0,15.2,0.465,3.7,0.0,1.2,13.1,2.8,3.7,0.5,1.8,76.0,31.0,0,2000
Derrick Coleman,32.0,CHH,2347.0,18.9,0.541,6.5,1.6,2.2,16.7,2.4,8.5,1.8,0.5,74.0,31.7,0,2000
Bo Outlaw,28.0,ORL,2326.0,15.3,0.597,6.8,4.5,3.8,6.0,3.0,6.4,1.8,1.4,82.0,28.4,0,2000
Larry Hughes,21.0,2TM,2324.0,14.7,0.467,1.7,-0.9,0.7,15.0,2.5,4.3,0.3,1.4,82.0,28.3,0,2000
Tyrone Nesby,24.0,LAC,2317.0,12.6,0.487,1.3,-2.7,-0.4,13.3,1.7,3.8,0.4,1.0,73.0,31.7,0,2000
Dan Majerle,34.0,MIA,2308.0,11.4,0.559,6.1,1.9,2.3,7.3,3.0,4.8,0.2,1.3,69.0,33.4,0,2000
P.J. Brown,30.0,MIA,2302.0,15.3,0.516,6.9,0.3,1.4,9.6,1.8,7.5,0.8,0.8,80.0,28.8,0,2000
Rodney Rogers,28.0,PHO,2286.0,17.1,0.57,7.4,2.6,2.7,13.8,2.1,5.5,0.6,1.1,82.0,27.9,0,2000
Larry Johnson,30.0,NYK,2281.0,12.4,0.517,5.1,0.7,1.6,10.7,2.5,5.4,0.1,0.6,70.0,32.6,0,2000
Doug Christie,29.0,TOR,2264.0,15.8,0.526,5.1,1.4,1.9,12.4,4.4,3.9,0.6,1.4,73.0,31.0,0,2000
Anfernee Hardaway,28.0,PHO,2253.0,17.9,0.549,7.8,3.5,3.1,16.9,5.3,5.8,0.6,1.6,60.0,37.6,0,2000
Jamie Feick,25.0,NJN,2241.0,12.3,0.477,4.8,-2.3,-0.2,5.7,0.8,9.3,0.5,0.5,81.0,27.7,0,2000
Metta World Peace,20.0,CHI,2238.0,13.4,0.491,2.3,-0.2,1.0,12.0,2.8,4.3,0.5,1.7,72.0,31.1,0,2000
Maurice Taylor,23.0,LAC,2227.0,13.4,0.492,-0.3,-3.8,-1.0,17.1,1.6,6.5,0.8,0.8,62.0,35.9,0,2000
Mario Elie,36.0,SAS,2217.0,10.4,0.565,4.6,-0.3,1.0,7.5,2.4,3.2,0.1,0.9,79.0,28.1,0,2000
Bob Sura,26.0,CLE,2216.0,15.6,0.545,4.9,1.7,2.1,13.8,3.9,3.9,0.3,1.2,73.0,30.4,0,2000
Derek Anderson,25.0,LAC,2201.0,16.9,0.542,3.3,-0.1,1.1,16.9,3.4,4.0,0.2,1.4,64.0,34.4,0,2000
Mark Jackson,34.0,IND,2190.0,17.7,0.538,6.7,3.1,2.8,8.1,8.0,3.7,0.1,0.9,81.0,27.0,0,2000
Rod Strickland,33.0,WAS,2188.0,17.1,0.485,3.7,1.0,1.6,12.6,7.5,3.8,0.3,1.4,69.0,31.7,0,2000
Wally Szczerbiak,22.0,MIN,2171.0,15.4,0.571,6.2,0.9,1.6,11.6,2.8,3.7,0.3,0.8,73.0,29.7,0,2000
Jason Caffey,26.0,GSW,2159.0,12.4,0.515,1.6,-4.0,-1.1,12.0,1.7,6.8,0.3,0.9,71.0,30.4,0,2000
Tyrone Hill,31.0,PHI,2155.0,14.6,0.529,5.7,-1.4,0.3,12.0,0.8,9.2,0.4,0.9,68.0,31.7,0,2000
Jeff Hornacek,36.0,UTA,2133.0,16.3,0.59,6.5,1.9,2.1,12.4,2.6,2.4,0.2,0.9,77.0,27.7,0,2000
Ervin Johnson,32.0,MIL,2129.0,12.7,0.55,4.9,-0.4,0.9,4.8,0.6,8.1,1.6,1.0,80.0,26.6,0,2000
Dale Davis,30.0,IND,2127.0,17.4,0.537,7.1,0.8,1.5,10.0,0.9,9.9,1.3,0.7,74.0,28.7,0,2000
George McCloud,32.0,DEN,2118.0,13.2,0.548,3.8,-0.2,1.0,10.1,3.2,3.7,0.3,0.6,78.0,27.2,0,2000
Jerome Williams,26.0,DET,2102.0,17.9,0.593,7.6,1.2,1.7,8.4,0.8,9.6,0.3,1.2,82.0,25.6,0,2000
Ruben Patterson,24.0,SEA,2097.0,18.8,0.587,6.7,1.9,2.1,11.6,1.6,5.4,0.5,1.2,81.0,25.9,0,2000
Howard Eisley,27.0,UTA,2096.0,11.5,0.492,3.0,-1.7,0.2,8.6,4.2,2.1,0.1,0.7,82.0,25.6,0,2000
Nick Anderson,32.0,SAC,2094.0,11.8,0.479,2.8,-0.3,0.9,10.8,1.7,4.7,0.2,1.3,72.0,29.1,0,2000
Andre Miller,23.0,CLE,2093.0,17.9,0.517,5.3,1.9,2.1,11.1,5.8,3.4,0.2,1.0,82.0,25.5,0,2000
Tim Thomas,22.0,MIL,2093.0,14.7,0.549,3.8,-0.8,0.6,11.8,1.4,4.2,0.4,0.7,80.0,26.2,0,2000
Isaiah Rider,28.0,ATL,2084.0,15.7,0.488,1.6,-1.4,0.3,19.3,3.7,4.3,0.1,0.7,60.0,34.7,0,2000
Anthony Peeler,30.0,MIN,2073.0,13.2,0.52,4.1,-0.5,0.8,9.8,2.4,2.8,0.1,0.8,82.0,25.3,0,2000
Donyell Marshall,26.0,GSW,2071.0,17.1,0.478,3.8,0.7,1.4,14.2,2.6,10.0,1.1,1.1,64.0,32.4,0,2000
Cedric Ceballos,30.0,DAL,2064.0,18.1,0.516,4.0,-1.0,0.5,16.6,1.3,6.7,0.3,0.8,69.0,29.9,0,2000
Wesley Person,28.0,CLE,2056.0,12.0,0.528,3.7,0.3,1.2,9.2,1.8,3.4,0.2,0.5,79.0,26.0,0,2000
James Posey,23.0,DEN,2052.0,13.0,0.55,4.3,0.7,1.4,8.2,1.8,3.9,0.4,1.2,81.0,25.3,0,2000
Ron Harper,36.0,LAL,2042.0,12.0,0.468,4.0,0.6,1.3,7.0,3.4,4.2,0.5,1.1,80.0,25.5,0,2000
Patrick Ewing,37.0,NYK,2035.0,16.9,0.516,4.8,-0.2,0.9,15.0,0.9,9.7,1.4,0.6,62.0,32.8,0,2000
Erick Strickland,26.0,DAL,2025.0,16.5,0.531,4.9,1.1,1.6,12.8,3.1,4.8,0.2,1.5,68.0,29.8,0,2000
Charlie Ward,29.0,NYK,1986.0,13.6,0.559,5.5,2.8,2.4,7.3,4.2,3.2,0.2,1.3,72.0,27.6,0,2000
Joe Smith,24.0,MIN,1975.0,14.4,0.525,4.7,-2.4,-0.2,9.9,1.1,6.2,1.1,0.6,78.0,25.3,0,2000
Kurt Thomas,27.0,NYK,1971.0,13.6,0.542,5.2,-0.1,1.0,8.0,1.0,6.3,0.5,0.6,80.0,24.6,0,2000
Ben Wallace,25.0,ORL,1959.0,14.4,0.508,5.6,1.8,1.9,4.8,0.8,8.2,1.6,0.9,81.0,24.2,0,2000
Aaron McKie,27.0,PHI,1952.0,13.2,0.497,4.3,1.2,1.5,8.0,2.9,3.0,0.2,1.3,82.0,23.8,0,2000
A.C. Green,36.0,LAL,1929.0,11.2,0.482,5.0,-0.3,0.8,5.0,1.0,5.9,0.2,0.6,82.0,23.5,0,2000
Adrian Griffin,25.0,BOS,1927.0,12.6,0.503,3.9,0.6,1.3,6.7,2.5,5.2,0.2,1.6,72.0,26.8,0,2000
Bimbo Coles,31.0,ATL,1924.0,12.9,0.494,2.3,-2.2,-0.1,8.1,3.6,2.2,0.1,0.7,80.0,24.1,0,2000
Shawn Bradley,27.0,DAL,1901.0,17.0,0.521,5.1,0.8,1.4,8.4,0.8,6.5,2.5,0.9,77.0,24.7,0,2000
Kerry Kittles,25.0,NJN,1896.0,16.1,0.535,4.7,1.6,1.7,13.0,2.3,3.6,0.3,1.3,62.0,30.6,0,2000
Jason Terry,22.0,ATL,1888.0,13.9,0.497,1.9,-1.0,0.5,8.1,4.3,2.0,0.1,1.1,81.0,23.3,0,2000
Austin Croshere,24.0,IND,1885.0,16.7,0.553,5.4,0.7,1.3,10.3,1.1,6.4,0.7,0.5,81.0,23.3,0,2000
Anthony Carter,24.0,MIA,1859.0,11.0,0.442,1.4,-2.7,-0.4,6.3,4.8,2.5,0.1,1.2,79.0,23.5,0,2000
Walt Williams,29.0,HOU,1859.0,15.6,0.562,4.4,1.3,1.5,10.9,2.1,4.0,0.6,0.6,76.0,24.5,0,2000
Rik Smits,33.0,IND,1852.0,17.3,0.518,3.8,-1.5,0.2,12.9,1.1,5.1,1.3,0.3,79.0,23.4,0,2000
Keon Clark,24.0,DEN,1850.0,15.9,0.573,4.2,-0.2,0.8,8.6,0.9,6.2,1.4,0.6,81.0,22.8,0,2000
Terry Mills,32.0,DET,1842.0,11.0,0.545,3.8,-0.3,0.8,6.7,1.0,4.8,0.3,0.5,82.0,22.5,0,2000
Andrew DeClercq,26.0,CLE,1831.0,11.4,0.53,2.9,-2.3,-0.2,6.6,0.7,5.4,0.8,0.8,82.0,22.3,0,2000
Tracy Murray,28.0,WAS,1831.0,14.1,0.555,3.8,0.6,1.2,10.2,0.9,3.4,0.3,0.6,80.0,22.9,0,2000
Olden Polynice,35.0,UTA,1819.0,10.4,0.497,3.2,-2.8,-0.4,5.3,0.5,5.5,1.0,0.4,82.0,22.2,0,2000
Hubert Davis,29.0,DAL,1817.0,10.8,0.585,2.5,-2.0,0.0,7.4,1.8,1.7,0.0,0.3,79.0,23.0,0,2000
Chris Gatling,32.0,2TM,1811.0,17.3,0.525,4.0,-1.0,0.5,11.9,0.8,5.9,0.3,1.0,85.0,21.3,0,2000
Derek Fisher,25.0,LAL,1803.0,9.6,0.449,3.1,-1.6,0.2,6.3,2.8,1.8,0.0,1.0,78.0,23.1,0,2000
Vitaly Potapenko,24.0,BOS,1797.0,13.8,0.527,2.5,-3.5,-0.7,9.2,1.0,6.3,0.4,0.5,79.0,22.7,0,2000
Kenny Thomas,22.0,HOU,1797.0,12.0,0.477,2.2,-2.6,-0.3,8.3,1.6,6.1,0.3,0.8,72.0,25.0,0,2000
Theo Ratliff,26.0,PHI,1795.0,16.7,0.568,5.6,1.2,1.4,11.9,0.6,7.6,3.0,0.6,57.0,31.5,0,2000
Vonteego Cummings,23.0,GSW,1793.0,12.9,0.484,1.3,-1.7,0.2,9.4,3.3,2.5,0.2,1.2,75.0,23.9,0,2000
Toni Kukoč,31.0,2TM,1784.0,16.9,0.491,3.4,2.4,2.0,14.8,4.7,4.9,0.5,1.4,56.0,31.9,0,2000
Bryant Reeves,26.0,VAN,1773.0,10.6,0.481,0.6,-4.9,-1.3,8.9,1.2,5.7,0.6,0.5,69.0,25.7,0,2000
Tom Gugliotta,30.0,PHO,1767.0,16.4,0.519,5.2,1.4,1.5,13.7,2.3,7.9,0.6,1.5,54.0,32.7,0,2000
Johnny Newman,36.0,NJN,1763.0,13.6,0.566,3.5,-1.9,0.1,10.0,0.8,1.9,0.1,0.6,82.0,21.5,0,2000
Brevin Knight,24.0,CLE,1754.0,15.3,0.471,2.8,0.2,1.0,9.3,7.0,3.0,0.3,1.6,65.0,27.0,0,2000
Peja Stojaković,22.0,SAC,1749.0,16.3,0.559,4.8,1.6,1.6,11.9,1.4,3.7,0.1,0.7,74.0,23.6,0,2000
Muggsy Bogues,35.0,TOR,1731.0,12.5,0.517,3.7,-1.6,0.2,5.1,3.7,1.7,0.1,0.8,80.0,21.6,0,2000
Rasho Nesterović,23.0,MIN,1723.0,11.0,0.492,3.0,-2.6,-0.2,5.7,1.1,4.6,1.0,0.3,82.0,21.0,0,2000
Mark Bryant,34.0,CLE,1712.0,8.9,0.547,2.4,-3.5,-0.7,5.7,0.8,4.7,0.4,0.4,75.0,22.8,0,2000
Eric Piatkowski,29.0,LAC,1712.0,13.0,0.53,2.3,-1.9,0.0,8.7,1.1,3.0,0.2,0.6,75.0,22.8,0,2000
Corliss Williamson,26.0,SAC,1707.0,14.0,0.549,3.6,-2.1,0.0,10.3,1.1,3.8,0.3,0.5,76.0,22.5,0,2000
Travis Best,27.0,IND,1691.0,16.5,0.569,5.1,0.7,1.2,8.9,3.3,1.7,0.1,0.9,82.0,20.6,0,2000
Jaren Jackson,32.0,SAS,1691.0,9.7,0.503,3.1,-0.5,0.6,6.3,1.5,2.2,0.1,0.7,81.0,20.9,0,2000
Arvydas Sabonis,35.0,POR,1688.0,20.3,0.568,7.1,3.6,2.4,11.8,1.8,7.8,1.2,0.7,66.0,25.6,0,2000
Robert Horry,29.0,LAL,1685.0,14.3,0.528,5.7,3.0,2.2,5.7,1.6,4.8,1.1,1.1,76.0,22.2,0,2000
John Amaechi,29.0,ORL,1684.0,13.2,0.505,2.4,-2.5,-0.2,10.5,1.2,3.3,0.5,0.4,80.0,21.1,0,2000
Kevin Willis,37.0,TOR,1679.0,12.3,0.471,2.3,-5.6,-1.5,7.6,0.6,6.1,0.6,0.5,79.0,21.3,0,2000
Chris Childs,32.0,NYK,1675.0,8.6,0.491,2.1,-2.4,-0.2,5.3,4.0,2.1,0.1,0.5,71.0,23.6,0,2000
Tim Hardaway,33.0,MIA,1672.0,16.4,0.5,4.3,1.8,1.6,13.4,7.4,2.9,0.1,0.9,52.0,32.2,0,2000
Detlef Schrempf,37.0,POR,1662.0,14.5,0.544,5.2,1.1,1.3,7.5,2.6,4.3,0.2,0.5,77.0,21.6,0,2000
Adonal Foyle,24.0,GSW,1654.0,12.3,0.5,1.9,-2.9,-0.4,5.5,0.6,5.6,1.8,0.3,76.0,21.8,0,2000
Dickey Simpkins,27.0,CHI,1651.0,5.5,0.439,-0.7,-6.3,-1.8,4.2,1.4,5.4,0.3,0.3,69.0,23.9,0,2000
Chris Whitney,28.0,WAS,1627.0,15.6,0.554,4.0,1.1,1.2,7.8,3.8,1.6,0.1,0.7,82.0,19.8,0,2000
Chucky Atkins,25.0,ORL,1626.0,14.4,0.489,2.4,-0.8,0.5,9.5,3.7,1.5,0.0,0.6,82.0,19.8,0,2000
Randy Brown,31.0,CHI,1625.0,7.3,0.402,-0.8,-4.8,-1.2,6.4,3.4,2.4,0.3,1.0,59.0,27.5,0,2000
Hersey Hawkins,33.0,CHI,1622.0,11.4,0.562,2.6,-1.3,0.3,7.9,2.2,2.9,0.2,1.2,61.0,26.6,0,2000
Sam Perkins,38.0,IND,1620.0,12.1,0.555,3.5,0.6,1.1,6.6,0.8,3.6,0.4,0.4,81.0,20.0,0,2000
Clarence Weatherspoon,29.0,MIA,1615.0,16.2,0.566,5.1,1.2,1.3,7.2,1.2,5.8,0.6,0.7,78.0,20.7,0,2000
Terry Porter,36.0,SAS,1613.0,16.6,0.596,5.6,3.4,2.2,9.4,3.3,2.8,0.1,0.7,68.0,23.7,0,2000
Michael Curry,31.0,DET,1611.0,8.6,0.559,2.0,-4.0,-0.8,6.2,1.1,1.3,0.1,0.4,82.0,19.6,0,2000
Greg Ostertag,26.0,UTA,1606.0,13.5,0.525,4.2,-0.3,0.7,4.5,0.2,6.0,2.1,0.2,81.0,19.8,0,2000
Troy Hudson,23.0,LAC,1592.0,11.6,0.468,-0.2,-3.4,-0.6,8.8,3.9,2.4,0.0,0.7,62.0,25.7,0,2000
Kelvin Cato,25.0,HOU,1581.0,15.9,0.574,4.2,-0.2,0.7,8.7,0.4,6.0,1.9,0.5,65.0,24.3,0,2000
Tariq Abdul-Wahad,25.0,2TM,1578.0,13.6,0.477,2.2,-1.2,0.3,11.4,1.6,4.8,0.5,1.0,61.0,25.9,0,2000
Rashard Lewis,20.0,SEA,1575.0,16.5,0.543,4.1,0.6,1.0,8.2,0.9,4.1,0.4,0.8,82.0,19.2,0,2000
Michael Finley,27.0,DAL,3443.0,18.2,0.521,8.5,1.9,3.4,21.5,4.4,5.2,0.4,1.4,82.0,42.0,0,2001
Antoine Walker,24.0,BOS,3396.0,18.9,0.505,6.6,3.0,4.3,23.4,5.5,8.9,0.6,1.7,81.0,41.9,0,2001
Antawn Jamison,24.0,GSW,3394.0,19.0,0.499,6.7,0.8,2.3,24.9,2.0,8.7,0.3,1.4,82.0,41.4,0,2001
Anthony Mason,34.0,MIA,3254.0,17.4,0.555,11.6,1.9,3.2,16.1,3.1,9.6,0.3,1.0,80.0,40.7,0,2001
Gary Payton,32.0,SEA,3244.0,22.1,0.522,10.8,4.0,4.9,23.1,8.1,4.6,0.3,1.6,79.0,41.1,0,2001
Shareef Abdur-Rahim,24.0,VAN,3241.0,19.1,0.549,8.5,1.8,3.1,20.5,3.1,9.1,1.0,1.1,81.0,40.0,0,2001
Jerry Stackhouse,26.0,DET,3215.0,21.8,0.521,9.2,5.1,5.8,29.8,5.1,3.9,0.7,1.2,80.0,40.2,0,2001
Kevin Garnett,24.0,MIN,3202.0,23.9,0.531,11.8,6.0,6.4,22.0,5.0,11.4,1.8,1.4,81.0,39.5,0,2001
Steve Francis,23.0,HOU,3194.0,21.6,0.563,12.2,5.0,5.7,19.9,6.5,6.9,0.4,1.8,80.0,39.9,0,2001
Baron Davis,21.0,CHH,3192.0,16.6,0.512,8.9,2.4,3.6,13.8,7.3,5.0,0.4,2.1,82.0,38.9,0,2001
Mike Bibby,22.0,VAN,3190.0,16.8,0.525,5.3,0.7,2.2,15.9,8.4,3.7,0.1,1.3,82.0,38.9,0,2001
Reggie Miller,35.0,IND,3181.0,17.3,0.574,10.3,2.3,3.4,18.9,3.2,3.5,0.2,1.0,81.0,39.3,0,2001
Tim Duncan,24.0,SAS,3174.0,23.8,0.536,13.2,4.7,5.4,22.2,3.0,12.2,2.3,0.9,82.0,38.7,0,2001
Ray Allen,25.0,MIL,3129.0,22.9,0.61,13.7,5.5,5.9,22.0,4.6,5.2,0.2,1.5,82.0,38.2,0,2001
Dirk Nowitzki,22.0,DAL,3125.0,22.8,0.601,14.6,5.4,5.9,21.8,2.1,9.2,1.2,1.0,82.0,38.1,0,2001
Paul Pierce,23.0,BOS,3120.0,22.3,0.563,10.4,4.4,5.0,25.3,3.1,6.4,0.8,1.7,82.0,38.0,0,2001
David Wesley,30.0,CHH,3106.0,15.3,0.509,7.6,0.4,1.9,17.2,4.4,2.7,0.2,1.6,82.0,37.9,0,2001
Jason Terry,23.0,ATL,3089.0,17.3,0.531,6.5,1.3,2.6,19.7,4.9,3.3,0.1,1.3,82.0,37.7,0,2001
Tracy McGrady,21.0,ORL,3087.0,24.9,0.521,12.2,7.0,7.0,26.8,4.6,7.5,1.5,1.5,77.0,40.1,0,2001
Jason Kidd,27.0,PHO,3065.0,19.4,0.51,9.6,4.2,4.8,16.9,9.8,6.4,0.3,2.2,77.0,39.8,0,2001
Latrell Sprewell,30.0,NYK,3017.0,15.1,0.497,5.1,0.7,2.1,17.7,3.5,4.5,0.4,1.4,77.0,39.2,0,2001
Cuttino Mobley,25.0,HOU,3002.0,17.7,0.541,8.2,0.9,2.2,19.5,2.5,5.0,0.3,1.1,79.0,38.0,0,2001
Jamal Mashburn,28.0,CHH,2989.0,17.5,0.493,7.3,2.1,3.1,20.1,5.4,7.6,0.2,1.1,76.0,39.3,0,2001
Vince Carter,24.0,TOR,2979.0,25.0,0.551,12.9,7.6,7.2,27.6,3.9,5.5,1.1,1.5,75.0,39.7,0,2001
Allen Iverson,25.0,PHI,2979.0,24.0,0.518,11.8,6.1,6.1,31.1,4.6,3.8,0.3,2.5,71.0,42.0,1,2001
Juwan Howard,27.0,2TM,2974.0,16.0,0.527,4.4,-1.2,0.6,18.0,2.8,7.1,0.5,0.9,81.0,36.7,0,2001
Jalen Rose,28.0,IND,2943.0,17.8,0.53,7.3,1.8,2.7,20.5,6.0,5.0,0.6,0.9,72.0,40.9,0,2001
Rasheed Wallace,26.0,POR,2940.0,20.9,0.56,11.0,4.4,4.8,19.2,2.8,7.8,1.8,1.2,77.0,38.2,0,2001
Doug Christie,30.0,SAC,2939.0,14.8,0.538,8.7,2.3,3.2,12.3,3.6,4.4,0.6,2.3,81.0,36.3,0,2001
Shaquille O'Neal,28.0,LAL,2924.0,30.2,0.574,14.9,7.7,7.1,28.7,3.7,12.7,2.8,0.6,74.0,39.5,0,2001
Elton Brand,21.0,CHI,2906.0,20.4,0.524,6.1,1.1,2.2,20.1,3.2,10.1,1.6,1.0,74.0,39.3,0,2001
Peja Stojaković,23.0,SAC,2905.0,18.4,0.576,10.1,2.5,3.2,20.4,2.2,5.8,0.2,1.2,75.0,38.7,0,2001
Karl Malone,37.0,UTA,2895.0,24.7,0.572,13.1,6.6,6.3,23.2,4.5,8.3,0.8,1.1,81.0,35.7,0,2001
Derek Anderson,26.0,SAS,2859.0,17.1,0.542,9.9,2.4,3.2,15.5,3.7,4.4,0.2,1.5,82.0,34.9,0,2001
Allan Houston,29.0,NYK,2858.0,16.1,0.543,7.5,1.1,2.2,18.7,2.2,3.6,0.1,0.7,78.0,36.6,0,2001
Shawn Marion,22.0,PHO,2857.0,21.0,0.532,11.7,4.1,4.4,17.3,2.0,10.7,1.4,1.7,79.0,36.2,0,2001
Wally Szczerbiak,23.0,MIN,2856.0,15.8,0.566,7.4,0.4,1.7,14.0,3.2,5.5,0.4,0.7,82.0,34.8,0,2001
Andre Miller,24.0,CLE,2848.0,20.1,0.541,8.0,2.8,3.4,15.8,8.0,4.4,0.3,1.5,82.0,34.7,0,2001
Lamar Odom,21.0,LAC,2836.0,18.9,0.536,6.5,4.0,4.3,17.2,5.2,7.8,1.6,1.0,76.0,37.3,0,2001
Chris Webber,27.0,SAC,2836.0,24.7,0.516,11.0,5.5,5.3,27.1,4.2,11.1,1.7,1.3,70.0,40.5,0,2001
Jeff McInnis,26.0,LAC,2831.0,15.6,0.521,6.9,-0.3,1.2,12.9,5.5,2.7,0.1,0.9,81.0,35.0,0,2001
Terrell Brandon,30.0,MIN,2821.0,20.0,0.507,8.5,3.1,3.6,16.0,7.5,3.8,0.3,2.1,78.0,36.2,0,2001
Glenn Robinson,28.0,MIL,2813.0,20.1,0.525,6.7,1.3,2.4,22.0,3.3,6.9,0.8,1.1,76.0,37.0,0,2001
P.J. Brown,31.0,CHH,2811.0,13.3,0.518,8.0,-0.4,1.1,8.5,1.6,9.3,1.2,1.0,80.0,35.1,0,2001
Kobe Bryant,22.0,LAL,2783.0,24.5,0.552,11.3,4.8,4.7,28.5,5.0,5.9,0.6,1.7,68.0,40.9,0,2001
Clarence Weatherspoon,30.0,CLE,2774.0,17.4,0.563,8.6,1.4,2.4,11.3,1.3,9.7,1.3,1.0,82.0,33.8,0,2001
Brian Grant,28.0,MIA,2771.0,17.5,0.536,8.7,-0.1,1.3,15.2,1.2,8.8,0.9,0.7,82.0,33.8,0,2001
Charles Oakley,37.0,TOR,2767.0,11.6,0.439,3.7,-1.4,0.4,9.6,3.4,9.5,0.6,1.0,78.0,35.5,0,2001
Darrell Armstrong,32.0,ORL,2767.0,18.6,0.535,8.7,3.3,3.6,15.9,7.0,4.6,0.2,1.8,75.0,36.9,0,2001
Ben Wallace,26.0,DET,2760.0,14.8,0.47,7.0,1.9,2.7,6.4,1.5,13.2,2.3,1.3,80.0,34.5,0,2001
Clifford Robinson,34.0,PHO,2751.0,14.8,0.501,5.4,0.9,2.0,16.4,2.9,4.1,1.0,1.1,82.0,33.5,0,2001
Antonio Davis,32.0,TOR,2729.0,16.5,0.508,7.2,-1.1,0.6,13.7,1.4,10.1,1.9,0.3,78.0,35.0,0,2001
Rashard Lewis,21.0,SEA,2720.0,17.3,0.587,8.0,2.1,2.8,14.8,1.6,6.9,0.6,1.2,78.0,34.9,0,2001
Sam Cassell,31.0,MIL,2709.0,20.1,0.542,8.5,1.1,2.1,18.2,7.6,3.8,0.1,1.2,76.0,35.6,0,2001
Nick Van Exel,29.0,DEN,2688.0,18.5,0.515,6.4,1.9,2.7,17.7,8.5,3.4,0.3,0.9,71.0,37.9,0,2001
Bruce Bowen,29.0,MIA,2685.0,8.1,0.478,4.2,-1.1,0.6,7.6,1.6,3.0,0.6,1.0,82.0,32.7,0,2001
Damon Stoudamire,27.0,POR,2655.0,16.3,0.519,6.7,1.0,2.0,13.0,5.7,3.7,0.1,1.3,82.0,32.4,0,2001
George Lynch,30.0,PHI,2649.0,12.4,0.496,6.5,0.5,1.7,8.4,1.7,7.2,0.4,1.2,82.0,32.3,0,2001
Jermaine O'Neal,22.0,IND,2641.0,17.5,0.501,6.4,0.3,1.5,12.9,1.2,9.8,2.8,0.6,81.0,32.6,0,2001
Michael Dickerson,25.0,VAN,2618.0,12.4,0.501,1.8,-2.2,-0.2,16.3,3.3,3.3,0.4,0.9,70.0,37.4,0,2001
Tim Hardaway,34.0,MIA,2613.0,16.7,0.513,6.4,2.4,2.9,14.9,6.3,2.6,0.1,1.2,77.0,33.9,0,2001
Dikembe Mutombo,34.0,2TM,2591.0,17.5,0.547,8.1,1.7,2.4,10.0,1.0,13.5,2.7,0.4,75.0,34.5,0,2001
Mark Jackson,35.0,2TM,2588.0,14.9,0.506,5.9,1.0,2.0,7.6,8.0,3.7,0.1,1.0,83.0,31.2,0,2001
Stephon Marbury,23.0,NJN,2557.0,22.7,0.54,7.8,4.3,4.1,23.9,7.6,3.1,0.1,1.2,67.0,38.2,0,2001
Antonio McDyess,26.0,DEN,2555.0,22.0,0.538,7.8,1.7,2.4,20.8,2.1,12.1,1.5,0.6,70.0,36.5,0,2001
Steve Smith,31.0,POR,2542.0,15.9,0.587,8.2,0.6,1.7,13.6,2.6,3.4,0.3,0.6,81.0,31.4,0,2001
Ron Mercer,24.0,CHI,2535.0,14.8,0.492,1.8,-1.9,0.1,19.7,3.3,3.9,0.4,1.3,61.0,41.6,0,2001
Bo Outlaw,29.0,ORL,2534.0,15.7,0.623,7.9,3.1,3.2,7.3,2.8,7.7,1.7,1.3,80.0,31.7,0,2001
Richard Hamilton,22.0,WAS,2519.0,15.7,0.508,2.4,-2.2,-0.1,18.1,2.9,3.1,0.1,1.0,78.0,32.3,0,2001
Bryant Stith,30.0,BOS,2504.0,11.7,0.538,4.8,-1.1,0.6,9.7,2.2,3.6,0.2,1.2,78.0,32.1,0,2001
Bryon Russell,30.0,UTA,2473.0,14.1,0.565,6.8,1.3,2.0,12.0,2.1,4.2,0.3,1.2,78.0,31.7,0,2001
Raef LaFrentz,24.0,DEN,2457.0,17.6,0.544,6.8,0.8,1.8,12.9,1.4,7.8,2.6,0.5,78.0,31.5,0,2001
Travis Best,28.0,IND,2457.0,16.7,0.517,7.2,1.4,2.1,11.9,6.1,2.9,0.1,1.4,77.0,31.9,0,2001
Howard Eisley,28.0,DAL,2426.0,11.7,0.507,4.4,0.0,1.2,9.0,3.6,2.4,0.1,1.2,82.0,29.6,0,2001
Vlade Divac,32.0,SAC,2420.0,17.7,0.536,7.4,1.9,2.4,12.0,2.9,8.3,1.1,1.1,81.0,29.9,0,2001
John Stockton,38.0,UTA,2397.0,22.3,0.61,10.8,6.7,5.3,11.5,8.7,2.8,0.3,1.6,82.0,29.2,0,2001
Shandon Anderson,27.0,HOU,2396.0,11.9,0.528,3.9,-0.4,0.9,8.7,2.3,4.1,0.5,1.0,82.0,29.2,0,2001
Alvin Williams,26.0,TOR,2394.0,15.2,0.483,5.4,0.8,1.7,9.8,5.0,2.6,0.3,1.5,82.0,29.2,0,2001
Aaron McKie,28.0,PHI,2394.0,15.1,0.549,5.9,1.4,2.1,11.6,5.0,4.1,0.1,1.4,76.0,31.5,0,2001
Mike Miller,20.0,ORL,2390.0,13.2,0.541,5.3,-0.2,1.0,11.9,1.7,4.0,0.2,0.6,82.0,29.1,0,2001
Horace Grant,35.0,LAL,2390.0,14.3,0.511,6.5,0.0,1.2,8.5,1.6,7.1,0.8,0.7,77.0,31.0,0,2001
Steve Nash,26.0,DAL,2387.0,19.6,0.603,8.4,2.8,2.9,15.6,7.3,3.2,0.1,1.0,70.0,34.1,0,2001
David Robinson,35.0,SAS,2371.0,23.7,0.559,12.1,5.2,4.3,14.4,1.5,8.6,2.5,1.0,80.0,29.6,0,2001
Chucky Atkins,26.0,DET,2363.0,12.2,0.481,2.8,-1.6,0.3,12.0,4.1,2.1,0.1,0.8,81.0,29.2,0,2001
Tyrone Hill,32.0,PHI,2363.0,12.4,0.515,5.5,-2.4,-0.3,9.6,0.6,9.0,0.4,0.5,76.0,31.1,0,2001
Metta World Peace,21.0,CHI,2363.0,13.6,0.483,1.9,-1.3,0.4,11.9,3.0,3.9,0.6,2.0,76.0,31.1,0,2001
Mookie Blaylock,33.0,GSW,2352.0,15.8,0.455,3.5,1.2,1.9,11.0,6.7,3.9,0.3,2.4,69.0,34.1,0,2001
Elden Campbell,32.0,CHH,2337.0,16.4,0.505,6.4,-0.4,1.0,13.1,1.3,7.8,1.8,0.8,78.0,30.0,0,2001
Aaron Williams,29.0,NJN,2336.0,15.1,0.533,5.2,-1.6,0.2,10.2,1.1,7.2,1.4,0.7,82.0,28.5,0,2001
Voshon Lenard,27.0,DEN,2331.0,13.2,0.522,3.5,-0.8,0.7,12.2,2.4,2.9,0.2,0.8,80.0,29.1,0,2001
Donyell Marshall,27.0,UTA,2326.0,19.9,0.568,8.5,3.7,3.4,13.6,1.6,7.0,1.0,1.0,81.0,28.7,0,2001
Rick Fox,31.0,LAL,2291.0,13.8,0.562,5.1,0.5,1.4,9.6,3.2,4.0,0.4,0.9,82.0,27.9,0,2001
Jason Williams,25.0,SAC,2290.0,12.8,0.498,3.8,-0.6,0.8,9.4,5.4,2.4,0.1,1.2,77.0,29.7,0,2001
Tony Delk,27.0,PHO,2288.0,13.4,0.49,4.6,-0.6,0.8,12.3,2.0,3.2,0.2,0.9,82.0,27.9,0,2001
Eddie Jones,29.0,MIA,2282.0,18.8,0.553,7.9,4.6,3.8,17.4,2.7,4.6,0.9,1.7,63.0,36.2,0,2001
Kenyon Martin,23.0,NJN,2272.0,13.4,0.472,2.1,-1.7,0.2,12.0,1.9,7.4,1.7,1.1,68.0,33.4,0,2001
James Posey,24.0,DEN,2255.0,12.5,0.511,3.8,-0.4,0.9,8.1,2.0,5.3,0.5,1.1,82.0,27.5,0,2001
Fred Hoiberg,28.0,CHI,2247.0,15.3,0.597,5.9,1.2,1.8,9.1,3.6,4.2,0.2,1.3,74.0,30.4,0,2001
Lamond Murray,27.0,CLE,2225.0,13.9,0.49,2.3,-1.1,0.5,12.8,1.6,4.4,0.3,1.1,78.0,28.5,0,2001
Glen Rice,33.0,NYK,2212.0,13.7,0.54,5.7,0.5,1.4,12.0,1.2,4.1,0.2,0.5,75.0,29.5,0,2001
Rodney Rogers,29.0,PHO,2183.0,14.6,0.507,4.7,0.6,1.4,12.2,2.2,4.4,0.6,1.2,82.0,26.6,0,2001
Dale Davis,31.0,POR,2162.0,15.1,0.524,6.6,0.2,1.2,7.2,1.3,7.5,0.9,0.5,81.0,26.7,0,2001
Eric Piatkowski,30.0,LAC,2144.0,14.6,0.572,5.5,0.7,1.4,10.6,1.2,3.0,0.2,0.6,81.0,26.5,0,2001
Darius Miles,19.0,LAC,2133.0,14.7,0.518,3.0,-0.5,0.8,9.4,1.2,5.9,1.5,0.6,81.0,26.3,0,2001
Scottie Pippen,35.0,POR,2133.0,15.3,0.541,5.1,2.2,2.3,11.3,4.6,5.2,0.5,1.5,64.0,33.3,0,2001
Vin Baker,29.0,SEA,2129.0,13.0,0.481,1.8,-4.2,-1.2,12.2,1.2,5.7,1.0,0.5,76.0,28.0,0,2001
Michael Olowokandi,25.0,LAC,2127.0,10.0,0.451,-0.4,-5.5,-1.9,8.5,0.6,6.4,1.3,0.4,82.0,25.9,0,2001
Marcus Camby,26.0,NYK,2127.0,20.9,0.559,10.3,4.6,3.5,12.0,0.8,11.5,2.2,1.0,63.0,33.8,0,2001
Anthony Peeler,31.0,MIN,2126.0,12.6,0.513,3.2,-0.6,0.7,10.5,2.6,2.6,0.2,1.2,75.0,28.3,0,2001
Kurt Thomas,28.0,NYK,2125.0,16.9,0.566,8.2,1.2,1.7,10.4,0.8,6.7,0.9,0.8,77.0,27.6,0,2001
John Starks,35.0,UTA,2122.0,9.3,0.476,2.1,-2.5,-0.3,9.3,2.4,2.1,0.1,1.0,75.0,28.3,0,2001
Patrick Ewing,38.0,SEA,2107.0,12.9,0.478,2.0,-3.2,-0.6,9.6,1.2,7.4,1.2,0.7,79.0,26.7,0,2001
Larry Johnson,31.0,NYK,2105.0,11.2,0.493,4.1,-0.1,1.0,9.9,2.0,5.6,0.4,0.6,65.0,32.4,0,2001
Tim Thomas,23.0,MIL,2086.0,16.4,0.549,5.5,1.5,1.8,12.6,1.8,4.1,0.6,1.0,76.0,27.4,0,2001
Lucious Harris,30.0,NJN,2071.0,12.9,0.498,3.1,-0.7,0.7,9.4,1.8,3.9,0.2,1.0,73.0,28.4,0,2001
Antonio Daniels,25.0,SAS,2060.0,15.5,0.567,6.6,1.7,1.9,9.4,3.8,2.1,0.2,0.8,79.0,26.1,0,2001
Ruben Patterson,25.0,SEA,2059.0,19.3,0.544,5.5,1.9,2.1,13.0,2.1,5.0,0.6,1.4,76.0,27.1,0,2001
Johnny Newman,37.0,NJN,2049.0,13.0,0.542,3.4,-2.1,0.0,10.9,1.4,2.1,0.1,0.8,82.0,25.0,0,2001
George McCloud,33.0,DEN,2007.0,12.9,0.496,2.6,-1.0,0.5,9.6,3.7,2.9,0.4,0.7,76.0,26.4,0,2001
Lindsey Hunter,30.0,MIL,2002.0,14.8,0.5,4.6,1.2,1.6,10.1,2.7,2.1,0.1,1.2,82.0,24.4,0,2001
Shawn Bradley,28.0,DAL,2001.0,16.2,0.551,6.3,1.6,1.8,7.1,0.5,7.4,2.8,0.4,82.0,24.4,0,2001
Bonzi Wells,24.0,POR,1995.0,18.8,0.571,5.9,2.3,2.1,12.7,2.8,4.9,0.3,1.3,75.0,26.6,0,2001
Lorenzen Wright,25.0,ATL,1988.0,15.7,0.486,3.2,-1.8,0.1,12.4,1.2,7.5,0.9,0.6,71.0,28.0,0,2001
Ervin Johnson,33.0,MIL,1981.0,11.2,0.557,5.1,-0.8,0.6,3.2,0.5,7.5,1.2,0.5,82.0,24.2,0,2001
Maurice Taylor,24.0,HOU,1972.0,14.9,0.518,3.2,-1.9,0.0,13.0,1.5,5.5,0.6,0.4,69.0,28.6,0,2001
LaPhonso Ellis,30.0,MIN,1948.0,16.0,0.524,5.2,-1.2,0.4,9.4,1.1,6.0,0.9,0.8,82.0,23.8,0,2001
Joe Smith,25.0,DET,1941.0,14.6,0.475,4.4,-1.9,0.1,12.3,1.1,7.1,0.7,0.7,69.0,28.1,0,2001
Vitaly Potapenko,25.0,BOS,1901.0,12.8,0.517,3.4,-3.6,-0.8,7.5,0.8,6.0,0.3,0.6,82.0,23.2,0,2001
Al Harrington,20.0,IND,1892.0,10.2,0.479,1.2,-3.4,-0.7,7.5,1.7,4.9,0.2,0.8,78.0,24.3,0,2001
Austin Croshere,25.0,IND,1874.0,14.3,0.512,3.2,-1.2,0.4,10.1,1.1,4.8,0.6,0.4,81.0,23.1,0,2001
Chris Childs,33.0,2TM,1859.0,9.0,0.494,2.2,-2.6,-0.3,4.7,4.6,2.6,0.2,0.8,77.0,24.1,0,2001
Larry Hughes,22.0,GSW,1846.0,13.9,0.449,0.6,-1.4,0.3,16.5,4.5,5.5,0.6,1.9,50.0,36.9,0,2001
Brian Shaw,34.0,LAL,1833.0,10.9,0.479,2.5,-0.9,0.5,5.3,3.2,3.8,0.3,0.6,80.0,22.9,0,2001
Bryant Reeves,27.0,VAN,1832.0,12.8,0.506,2.9,-2.8,-0.4,8.3,1.1,6.0,0.7,0.6,75.0,24.4,0,2001
Kevin Willis,38.0,2TM,1830.0,14.6,0.478,3.1,-2.8,-0.4,9.3,0.6,6.8,0.7,0.7,78.0,23.5,0,2001
Kenny Thomas,23.0,HOU,1820.0,11.2,0.507,2.2,-2.3,-0.1,7.1,1.0,5.6,0.6,0.5,74.0,24.6,0,2001
Othella Harrington,27.0,2TM,1815.0,12.0,0.549,2.5,-3.3,-0.6,9.0,0.8,5.2,0.6,0.5,74.0,24.5,0,2001
Alan Henderson,28.0,ATL,1810.0,14.0,0.487,1.9,-3.0,-0.5,10.5,0.7,5.6,0.4,0.7,73.0,24.8,0,2001
Morris Peterson,23.0,TOR,1809.0,14.1,0.507,3.6,-0.7,0.5,9.3,1.3,3.2,0.3,0.8,80.0,22.6,0,2001
Theo Ratliff,27.0,PHI,1800.0,16.3,0.562,5.2,1.6,1.6,12.4,1.2,8.3,3.7,0.6,50.0,36.0,0,2001
Chauncey Billups,24.0,MIN,1790.0,14.1,0.538,3.7,-0.5,0.7,9.3,3.4,2.1,0.1,0.7,77.0,23.2,0,2001
Brent Barry,29.0,SEA,1778.0,16.6,0.66,5.8,3.3,2.4,8.8,3.4,3.1,0.2,1.2,67.0,26.5,0,2001
Eric Williams,28.0,BOS,1745.0,10.0,0.487,2.2,-2.9,-0.4,6.6,1.4,2.6,0.2,0.8,81.0,21.5,0,2001
Eric Snow,27.0,PHI,1740.0,13.9,0.488,3.8,0.3,1.0,9.8,7.4,3.3,0.1,1.5,50.0,34.8,0,2001
Keith Van Horn,25.0,NJN,1733.0,15.5,0.526,2.8,-1.1,0.4,17.0,1.7,7.1,0.4,0.8,49.0,35.4,0,2001
Keon Clark,25.0,2TM,1720.0,15.6,0.512,3.7,-1.1,0.4,7.9,0.9,5.4,1.9,0.4,81.0,21.2,0,2001
John Amaechi,30.0,ORL,1710.0,8.7,0.455,0.0,-6.1,-1.7,7.9,0.9,3.3,0.4,0.3,82.0,20.9,0,2001
Hubert Davis,30.0,2TM,1692.0,10.0,0.569,2.2,-1.7,0.1,7.9,1.7,2.1,0.0,0.5,66.0,25.6,0,2001
Jim Jackson,30.0,2TM,1690.0,10.7,0.455,0.1,-3.4,-0.6,11.5,2.9,4.0,0.2,0.9,56.0,30.2,0,2001
Danny Ferry,34.0,SAS,1688.0,10.1,0.577,4.1,0.0,0.8,5.6,0.9,2.8,0.3,0.4,80.0,21.1,0,2001
Corliss Williamson,27.0,2TM,1686.0,15.1,0.533,3.2,-1.1,0.4,11.6,0.9,4.7,0.3,0.7,69.0,24.4,0,2001
Bob Sura,27.0,GSW,1684.0,11.2,0.487,0.1,-3.3,-0.6,11.1,4.6,4.3,0.2,1.0,53.0,31.8,0,2001
Terry Porter,37.0,SAS,1678.0,15.5,0.583,5.4,2.6,2.0,7.2,3.1,2.5,0.1,0.7,80.0,21.0,0,2001
Chris Gatling,33.0,CLE,1670.0,15.6,0.505,2.4,-1.9,0.0,11.4,0.8,5.3,0.4,0.7,74.0,22.6,0,2001
Christian Laettner,31.0,2TM,1663.0,17.0,0.568,4.3,0.6,1.1,9.3,1.6,4.7,0.6,0.9,78.0,21.3,0,2001
Stephen Jackson,22.0,NJN,1660.0,12.1,0.503,0.9,-1.6,0.2,8.2,1.8,2.7,0.2,1.1,77.0,21.6,0,2001
Scot Pollard,25.0,SAC,1658.0,15.0,0.53,5.4,-0.3,0.7,6.5,0.6,6.0,1.3,0.6,77.0,21.5,0,2001
Moochie Norris,27.0,HOU,1654.0,16.2,0.546,4.4,1.0,1.2,6.6,3.5,2.4,0.0,0.8,82.0,20.2,0,2001
Bobby Jackson,27.0,SAC,1648.0,13.1,0.501,3.1,0.1,0.9,7.2,2.0,3.1,0.1,1.1,79.0,20.9,0,2001
Anthony Carter,25.0,MIA,1630.0,11.3,0.439,1.7,-1.9,0.0,6.4,3.7,2.5,0.1,1.0,72.0,22.6,0,2001
Jacque Vaughn,25.0,UTA,1620.0,12.8,0.535,3.0,-1.0,0.4,6.1,3.9,1.8,0.0,0.6,82.0,19.8,0,2001
Olden Polynice,36.0,UTA,1619.0,9.9,0.484,2.0,-3.9,-0.8,5.3,0.4,4.7,1.0,0.3,81.0,20.0,0,2001
Matt Harpring,24.0,CLE,1615.0,13.3,0.522,2.6,-1.3,0.3,11.1,1.8,4.3,0.3,0.8,56.0,28.8,0,2001
Michael Smith,28.0,WAS,1610.0,14.0,0.527,3.6,0.2,0.9,3.8,1.3,7.1,0.5,0.7,79.0,20.4,0,2001
Jahidi White,24.0,WAS,1609.0,14.7,0.535,2.1,-3.3,-0.5,8.6,0.3,7.7,1.6,0.5,68.0,23.7,0,2001
Toni Kukoč,32.0,2TM,1597.0,17.8,0.553,4.7,3.2,2.1,11.1,3.1,4.0,0.2,0.7,65.0,24.6,0,2001
Robert Horry,30.0,LAL,1587.0,11.0,0.489,2.6,-0.4,0.7,5.2,1.6,3.7,0.7,0.7,79.0,20.1,0,2001
Walt Williams,30.0,HOU,1583.0,12.6,0.527,3.0,-0.1,0.8,8.3,1.3,3.4,0.4,0.4,72.0,22.0,0,2001
Marcus Fizer,22.0,CHI,1580.0,11.0,0.476,-0.7,-6.1,-1.6,9.5,1.1,4.3,0.3,0.4,72.0,21.9,0,2001
Pat Garrity,24.0,ORL,1579.0,10.1,0.507,2.5,-3.0,-0.4,8.3,0.7,2.8,0.2,0.5,76.0,20.8,0,2001
Felipe López,26.0,2TM,1565.0,12.5,0.503,1.9,-1.0,0.4,7.9,1.5,3.3,0.4,0.9,70.0,22.4,0,2001
Antoine Walker,25.0,BOS,3406.0,17.1,0.49,6.7,2.2,3.6,22.1,5.0,8.8,0.5,1.5,81.0,42.0,0,2002
Tim Duncan,25.0,SAS,3329.0,27.0,0.576,17.8,7.6,8.0,25.5,3.7,12.7,2.5,0.7,82.0,40.6,1,2002
Latrell Sprewell,31.0,NYK,3326.0,13.7,0.501,2.8,-0.8,0.9,19.4,3.9,3.7,0.2,1.2,81.0,41.1,0,2002
Baron Davis,22.0,CHH,3318.0,18.2,0.498,8.2,3.8,4.8,18.1,8.5,4.3,0.6,2.1,82.0,40.5,0,2002
Paul Pierce,24.0,BOS,3302.0,22.3,0.57,12.9,5.9,6.6,26.1,3.2,6.9,1.0,1.9,82.0,40.3,0,2002
Gary Payton,33.0,SEA,3301.0,22.9,0.526,12.6,5.1,5.9,22.1,9.0,4.8,0.3,1.6,82.0,40.3,0,2002
Stephon Marbury,24.0,PHO,3187.0,18.1,0.519,7.1,1.2,2.6,20.4,8.1,3.2,0.2,0.9,82.0,38.9,0,2002
Kevin Garnett,25.0,MIN,3175.0,23.8,0.536,12.8,6.8,7.1,21.2,5.2,12.1,1.6,1.2,81.0,39.2,0,2002
Eddie Jones,30.0,MIA,3156.0,17.5,0.546,10.5,3.9,4.6,18.3,3.2,4.7,1.0,1.4,81.0,39.0,0,2002
Jalen Rose,29.0,2TM,3153.0,16.8,0.528,5.7,0.3,1.9,20.4,4.3,4.5,0.5,0.9,83.0,38.0,0,2002
Anthony Mason,35.0,MIL,3143.0,12.9,0.544,6.4,-0.6,1.1,9.6,4.2,7.9,0.3,0.7,82.0,38.3,0,2002
Wally Szczerbiak,24.0,MIN,3117.0,17.1,0.58,8.7,1.4,2.7,18.7,3.1,4.8,0.3,0.8,82.0,38.0,0,2002
Cuttino Mobley,26.0,HOU,3116.0,16.7,0.537,5.7,0.3,1.8,21.7,2.5,4.1,0.5,1.5,74.0,42.1,0,2002
Shawn Marion,23.0,PHO,3109.0,19.8,0.518,9.8,3.1,4.0,19.1,2.0,9.9,1.1,1.8,81.0,38.4,0,2002
Shane Battier,23.0,MEM,3097.0,13.9,0.518,4.8,0.5,1.9,14.4,2.8,5.4,1.0,1.6,78.0,39.7,0,2002
Kobe Bryant,23.0,LAL,3063.0,23.2,0.544,12.7,4.6,5.2,25.2,5.5,5.5,0.4,1.5,80.0,38.3,0,2002
Jason Kidd,28.0,NJN,3056.0,19.1,0.484,8.9,4.5,5.0,14.7,9.9,7.3,0.2,2.1,82.0,37.3,0,2002
Brent Barry,30.0,SEA,3040.0,19.3,0.652,12.1,5.5,5.8,14.4,5.3,5.4,0.5,1.8,81.0,37.5,0,2002
Karl Malone,38.0,UTA,3040.0,21.1,0.532,9.8,3.7,4.4,22.4,4.3,8.6,0.7,1.9,80.0,38.0,0,2002
Antawn Jamison,25.0,GSW,3033.0,17.1,0.516,6.4,0.2,1.7,19.7,2.0,6.8,0.5,0.9,82.0,37.0,0,2002
Jeff McInnis,27.0,LAC,3030.0,13.8,0.486,5.1,-1.6,0.3,14.6,6.2,2.6,0.1,0.8,81.0,37.4,0,2002
Andre Miller,25.0,CLE,3023.0,21.8,0.538,10.3,3.9,4.5,16.5,10.9,4.7,0.4,1.6,81.0,37.3,0,2002
Elton Brand,22.0,LAC,3020.0,23.6,0.586,13.6,4.3,4.8,18.2,2.4,11.6,2.0,1.0,80.0,37.8,0,2002
Pau Gasol,21.0,MEM,3007.0,19.5,0.566,7.6,1.7,2.8,17.6,2.7,8.9,2.1,0.5,82.0,36.7,0,2002
Shareef Abdur-Rahim,25.0,ATL,2980.0,19.8,0.536,7.2,1.7,2.8,21.2,3.1,9.0,1.1,1.3,77.0,38.7,0,2002
Antonio Davis,33.0,TOR,2978.0,14.8,0.497,6.5,-0.9,0.8,14.5,2.0,9.6,1.1,0.7,77.0,38.7,0,2002
Jason Terry,24.0,ATL,2967.0,19.2,0.549,8.6,3.2,3.9,19.3,5.7,3.5,0.2,1.8,78.0,38.0,0,2002
Rasheed Wallace,27.0,POR,2963.0,19.3,0.54,9.7,3.0,3.7,19.3,1.9,8.2,1.3,1.3,79.0,37.5,0,2002
Alvin Williams,27.0,TOR,2927.0,13.8,0.47,5.2,0.3,1.7,11.8,5.7,3.4,0.3,1.6,82.0,35.7,0,2002
Ben Wallace,27.0,DET,2921.0,18.6,0.522,11.6,4.4,4.8,7.6,1.4,13.0,3.5,1.7,80.0,36.5,0,2002
Allan Houston,30.0,NYK,2914.0,15.2,0.54,4.7,-0.1,1.4,20.4,2.5,3.3,0.1,0.7,77.0,37.8,0,2002
Tracy McGrady,22.0,ORL,2912.0,25.1,0.532,11.5,6.8,6.4,25.6,5.3,7.9,1.0,1.6,76.0,38.3,0,2002
Dikembe Mutombo,35.0,PHI,2907.0,16.0,0.574,9.6,0.7,2.0,11.5,1.0,10.8,2.4,0.4,80.0,36.3,0,2002
Dirk Nowitzki,23.0,DAL,2891.0,24.1,0.599,13.4,5.5,5.5,23.4,2.4,9.9,1.0,1.1,76.0,38.0,0,2002
Reggie Miller,36.0,IND,2889.0,16.5,0.617,9.5,2.5,3.3,16.5,3.2,2.8,0.1,1.1,79.0,36.6,0,2002
Clifford Robinson,35.0,DET,2855.0,13.5,0.503,4.3,-0.5,1.1,14.6,2.5,4.8,1.2,1.1,80.0,35.7,0,2002
Steve Nash,27.0,DAL,2837.0,20.7,0.602,9.9,3.1,3.6,17.9,7.7,3.1,0.0,0.6,82.0,34.6,0,2002
Doug Christie,31.0,SAC,2798.0,15.2,0.578,8.6,2.4,3.1,12.0,4.2,4.6,0.3,2.0,81.0,34.5,0,2002
Damon Stoudamire,28.0,POR,2796.0,14.7,0.506,6.6,0.5,1.7,13.5,6.5,3.9,0.1,0.9,75.0,37.3,0,2002
Wesley Person,30.0,CLE,2793.0,16.3,0.589,6.9,1.8,2.7,15.1,2.2,3.8,0.5,1.0,78.0,35.8,0,2002
Kurt Thomas,29.0,NYK,2771.0,15.8,0.542,6.5,-1.0,0.7,13.9,1.1,9.1,1.0,0.9,82.0,33.8,0,2002
Michael Finley,28.0,DAL,2754.0,17.6,0.532,6.3,1.1,2.1,20.6,3.3,5.2,0.4,0.9,69.0,39.9,0,2002
Darrell Armstrong,33.0,ORL,2730.0,16.7,0.553,7.6,2.4,3.0,12.4,5.5,3.9,0.1,1.9,82.0,33.3,0,2002
Jermaine O'Neal,23.0,IND,2707.0,18.1,0.521,6.4,0.2,1.5,19.0,1.6,10.5,2.3,0.6,72.0,37.6,0,2002
Jerry Stackhouse,27.0,DET,2685.0,19.0,0.518,5.8,1.5,2.4,21.4,5.3,4.1,0.5,1.0,76.0,35.3,0,2002
Mike Bibby,23.0,SAC,2659.0,14.9,0.513,6.3,0.4,1.6,13.7,5.0,2.8,0.2,1.1,80.0,33.2,0,2002
Peja Stojaković,24.0,SAC,2649.0,19.3,0.592,9.9,3.0,3.3,21.2,2.5,5.3,0.2,1.1,71.0,37.3,0,2002
Juwan Howard,28.0,2TM,2635.0,15.8,0.513,4.9,-1.3,0.5,14.6,2.1,7.6,0.6,0.6,81.0,32.5,0,2002
Jason Richardson,21.0,GSW,2629.0,13.8,0.487,2.9,-0.9,0.7,14.4,3.0,4.3,0.4,1.3,80.0,32.9,0,2002
Allen Iverson,26.0,PHI,2622.0,21.9,0.489,6.9,4.8,4.5,31.4,5.5,4.5,0.2,2.8,60.0,43.7,0,2002
Sam Cassell,32.0,MIL,2605.0,21.3,0.545,8.6,2.4,2.9,19.7,6.7,4.2,0.2,1.2,74.0,35.2,0,2002
Kerry Kittles,27.0,NJN,2601.0,16.1,0.542,7.7,2.6,3.0,13.4,2.6,3.4,0.4,1.6,82.0,31.7,0,2002
Rashard Lewis,22.0,SEA,2585.0,18.5,0.564,8.6,3.0,3.2,16.8,1.7,7.0,0.6,1.5,71.0,36.4,0,2002
Michael Olowokandi,26.0,LAC,2568.0,12.4,0.457,1.6,-2.8,-0.5,11.1,1.1,8.9,1.8,0.7,80.0,32.1,0,2002
John Stockton,39.0,UTA,2566.0,21.9,0.601,10.7,5.3,4.8,13.4,8.2,3.2,0.3,1.9,82.0,31.3,0,2002
P.J. Brown,32.0,CHH,2563.0,15.1,0.545,8.2,0.3,1.5,8.4,1.3,9.8,1.0,0.7,80.0,32.0,0,2002
Matt Harpring,25.0,PHI,2541.0,14.1,0.512,6.1,-0.8,0.8,11.8,1.3,7.1,0.1,0.9,81.0,31.4,0,2002
Ray Allen,26.0,MIL,2525.0,21.6,0.598,8.9,4.9,4.4,21.8,3.9,4.5,0.3,1.3,69.0,36.6,0,2002
Kenyon Martin,24.0,NJN,2504.0,14.5,0.503,4.9,0.4,1.5,14.9,2.6,5.3,1.7,1.2,73.0,34.3,0,2002
Nick Van Exel,30.0,2TM,2496.0,17.8,0.495,4.4,1.7,2.4,18.4,6.6,3.5,0.2,0.6,72.0,34.7,0,2002
David Wesley,31.0,CHH,2487.0,11.3,0.479,2.6,-2.1,0.0,14.2,3.5,2.1,0.2,1.1,67.0,37.1,0,2002
Kenny Thomas,24.0,HOU,2484.0,16.4,0.52,4.4,0.1,1.3,14.1,1.9,7.2,0.9,1.2,72.0,34.5,0,2002
Keith Van Horn,26.0,NJN,2465.0,16.0,0.51,6.3,0.8,1.8,14.8,2.0,7.5,0.5,0.8,81.0,30.4,0,2002
Anfernee Hardaway,30.0,PHO,2462.0,13.9,0.472,2.9,-0.4,1.0,12.0,4.1,4.4,0.4,1.5,80.0,30.8,0,2002
Alonzo Mourning,31.0,MIA,2455.0,18.9,0.558,7.4,1.3,2.0,15.7,1.2,8.4,2.5,0.4,75.0,32.7,0,2002
Raef LaFrentz,25.0,2TM,2455.0,17.9,0.533,6.4,1.8,2.3,13.5,1.1,7.4,2.7,0.7,78.0,31.5,0,2002
Dale Davis,32.0,POR,2447.0,16.6,0.551,8.5,1.1,1.9,9.5,1.2,8.8,1.1,0.8,78.0,31.4,0,2002
Jamaal Tinsley,23.0,IND,2442.0,13.4,0.446,1.7,-0.4,1.0,9.4,8.1,3.7,0.5,1.7,80.0,30.5,0,2002
Kenny Anderson,31.0,BOS,2430.0,13.6,0.472,5.2,-0.4,1.0,9.6,5.3,3.6,0.1,1.9,76.0,32.0,0,2002
Shaquille O'Neal,29.0,LAL,2422.0,29.7,0.59,13.2,8.0,6.1,27.2,3.0,10.7,2.0,0.6,67.0,36.1,0,2002
Vlade Divac,33.0,SAC,2420.0,17.0,0.513,7.3,2.8,2.9,11.1,3.7,8.4,1.2,1.0,80.0,30.3,0,2002
Desmond Mason,24.0,SEA,2420.0,13.4,0.533,4.7,-1.7,0.2,12.4,1.4,4.7,0.4,0.9,75.0,32.3,0,2002
Pat Garrity,25.0,ORL,2406.0,12.3,0.553,5.1,-0.6,0.9,11.1,1.2,4.2,0.4,0.8,80.0,30.1,0,2002
Vince Carter,25.0,TOR,2385.0,20.5,0.515,7.0,4.4,3.9,24.7,4.0,5.2,0.7,1.6,60.0,39.8,0,2002
Mark Jackson,36.0,NYK,2367.0,16.3,0.536,6.0,1.6,2.1,8.4,7.4,3.8,0.0,0.9,82.0,28.9,0,2002
Chauncey Billups,25.0,MIN,2355.0,17.6,0.555,7.6,2.5,2.7,12.5,5.5,2.8,0.2,0.8,82.0,28.7,0,2002
Bonzi Wells,25.0,POR,2348.0,18.4,0.538,6.0,1.9,2.3,17.0,2.8,6.0,0.3,1.5,74.0,31.7,0,2002
Glenn Robinson,29.0,MIL,2346.0,19.1,0.537,4.7,0.3,1.4,20.7,2.5,6.2,0.6,1.5,66.0,35.5,0,2002
Steve Francis,24.0,HOU,2343.0,19.1,0.517,4.4,1.7,2.1,21.6,6.4,7.0,0.4,1.2,57.0,41.1,0,2002
Lamond Murray,28.0,CLE,2312.0,16.7,0.534,4.1,0.5,1.5,16.6,2.2,5.2,0.6,1.0,71.0,32.6,0,2002
David Robinson,36.0,SAS,2303.0,20.3,0.562,10.1,3.9,3.4,12.2,1.2,8.3,1.8,1.1,78.0,29.5,0,2002
Rod Strickland,35.0,MIA,2294.0,15.6,0.495,4.9,0.7,1.6,10.4,6.1,3.1,0.1,1.1,76.0,30.2,0,2002
Rick Fox,32.0,LAL,2289.0,11.3,0.502,4.3,-0.7,0.7,7.9,3.5,4.7,0.3,0.8,82.0,27.9,0,2002
Chucky Atkins,27.0,DET,2285.0,14.5,0.568,5.1,0.2,1.3,12.1,3.3,2.0,0.1,0.9,79.0,28.9,0,2002
Tony Parker,19.0,SAS,2267.0,11.7,0.497,3.8,-1.1,0.6,9.2,4.3,2.6,0.1,1.2,77.0,29.4,0,2002
Brad Miller,25.0,2TM,2263.0,20.1,0.572,8.3,2.3,2.5,13.6,2.0,8.2,0.5,1.0,76.0,29.8,0,2002
Brian Grant,29.0,MIA,2256.0,12.7,0.508,4.8,-1.1,0.5,9.3,1.9,8.0,0.4,0.7,72.0,31.3,0,2002
Moochie Norris,28.0,HOU,2249.0,13.1,0.471,1.8,-2.4,-0.2,8.1,4.9,3.0,0.0,1.0,82.0,27.4,0,2002
James Posey,25.0,DEN,2238.0,12.9,0.474,2.7,-0.8,0.7,10.7,2.5,5.9,0.5,1.6,73.0,30.7,0,2002
Trenton Hassell,22.0,CHI,2237.0,10.4,0.502,1.5,-2.7,-0.4,8.7,2.2,3.3,0.6,0.7,78.0,28.7,0,2002
Jason Williams,26.0,MEM,2236.0,15.1,0.466,0.9,-0.1,1.1,14.8,8.0,3.0,0.1,1.7,65.0,34.4,0,2002
Darius Miles,20.0,LAC,2227.0,14.4,0.516,3.4,0.6,1.5,9.5,2.2,5.5,1.3,0.9,82.0,27.2,0,2002
Eric Snow,28.0,PHI,2225.0,14.7,0.51,5.5,0.3,1.3,12.1,6.6,3.5,0.1,1.6,61.0,36.5,0,2002
Rasho Nesterović,25.0,MIN,2218.0,12.9,0.499,4.1,-1.7,0.2,8.4,0.9,6.5,1.3,0.5,82.0,27.0,0,2002
Danny Fortson,25.0,GSW,2216.0,15.9,0.504,4.5,-2.0,0.0,11.2,1.6,11.7,0.2,0.6,77.0,28.8,0,2002
Steve Smith,32.0,SAS,2211.0,13.9,0.588,6.4,0.9,1.6,11.6,2.0,2.5,0.2,0.7,77.0,28.7,0,2002
Horace Grant,36.0,ORL,2210.0,13.9,0.539,5.6,0.0,1.1,8.0,1.4,6.3,0.6,0.8,76.0,29.1,0,2002
Richard Hamilton,23.0,WAS,2203.0,16.9,0.511,4.0,-0.9,0.6,20.0,2.7,3.4,0.2,0.6,63.0,35.0,0,2002
Keon Clark,26.0,TOR,2185.0,16.7,0.522,5.3,-0.7,0.7,11.3,1.1,7.4,1.5,0.7,81.0,27.0,0,2002
Antonio Daniels,26.0,SAS,2175.0,13.4,0.534,5.9,0.4,1.3,9.2,2.8,2.1,0.1,0.6,82.0,26.5,0,2002
Chris Whitney,30.0,WAS,2171.0,15.6,0.568,6.5,1.5,2.0,10.2,3.8,1.9,0.1,0.9,82.0,26.5,0,2002
Nazr Mohammed,24.0,ATL,2168.0,14.0,0.49,3.3,-3.8,-1.0,9.7,0.4,7.9,0.7,0.8,82.0,26.4,0,2002
Elden Campbell,33.0,CHH,2156.0,19.5,0.558,7.6,1.9,2.2,13.9,1.3,6.9,1.8,0.8,77.0,28.0,0,2002
Quentin Richardson,21.0,LAC,2152.0,17.4,0.534,5.6,2.2,2.3,13.3,1.6,4.1,0.3,1.0,81.0,26.6,0,2002
Andrei Kirilenko,20.0,UTA,2151.0,18.8,0.553,7.3,3.7,3.1,10.7,1.1,4.9,1.9,1.4,82.0,26.2,0,2002
Jumaine Jones,22.0,CLE,2142.0,13.2,0.501,3.3,-0.6,0.7,8.3,1.4,6.0,0.6,0.9,81.0,26.4,0,2002
Robert Horry,31.0,LAL,2140.0,14.5,0.528,6.9,3.5,3.0,6.8,2.9,5.9,1.1,1.0,81.0,26.4,0,2002
Mike Miller,21.0,ORL,2123.0,15.0,0.542,4.5,0.3,1.2,15.2,3.1,4.3,0.4,0.7,63.0,33.7,0,2002
Michael Jordan,38.0,WAS,2093.0,20.7,0.468,3.3,3.1,2.7,22.9,5.2,5.7,0.4,1.4,60.0,34.9,0,2002
Derrick Coleman,34.0,PHI,2080.0,16.2,0.524,5.9,0.9,1.5,15.1,1.7,8.8,0.9,0.7,58.0,35.9,0,2002
Chris Webber,28.0,SAC,2071.0,24.4,0.54,8.6,5.4,3.9,24.5,4.8,10.1,1.4,1.7,54.0,38.4,0,2002
Anthony Peeler,32.0,MIN,2060.0,12.2,0.519,3.8,-0.2,1.0,9.0,2.2,2.5,0.1,0.7,82.0,25.1,0,2002
Larry Hughes,23.0,GSW,2049.0,15.4,0.484,2.4,0.3,1.2,12.3,4.3,3.4,0.3,1.5,73.0,28.1,0,2002
Bryon Russell,31.0,UTA,1998.0,9.8,0.493,2.3,-2.7,-0.3,9.6,2.1,4.5,0.3,1.0,66.0,30.3,0,2002
Scottie Pippen,36.0,POR,1996.0,14.9,0.497,3.7,1.8,1.9,10.6,5.9,5.2,0.6,1.6,62.0,32.2,0,2002
Morris Peterson,24.0,TOR,1988.0,15.3,0.524,4.9,0.7,1.4,14.0,2.4,3.5,0.2,1.2,63.0,31.6,0,2002
Tim Thomas,24.0,MIL,1987.0,13.1,0.522,2.2,-2.3,-0.1,11.7,1.4,4.1,0.4,0.9,74.0,26.9,0,2002
Jon Barry,32.0,DET,1985.0,17.7,0.645,7.5,3.9,3.0,9.0,3.3,2.9,0.2,1.1,82.0,24.2,0,2002
Derek Fisher,27.0,LAL,1974.0,14.0,0.55,5.5,1.1,1.5,11.2,2.6,2.1,0.1,0.9,70.0,28.2,0,2002
Hedo Türkoğlu,22.0,SAC,1970.0,14.2,0.514,5.2,0.8,1.4,10.1,2.0,4.5,0.4,0.7,80.0,24.6,0,2002
Marcus Fizer,23.0,CHI,1963.0,14.2,0.482,1.1,-3.0,-0.5,12.3,1.6,5.6,0.3,0.6,76.0,25.8,0,2002
Ricky Davis,22.0,CLE,1954.0,15.9,0.539,2.8,-1.0,0.5,11.7,2.2,3.0,0.3,0.8,82.0,23.8,0,2002
Bo Outlaw,30.0,2TM,1928.0,11.4,0.547,3.5,0.4,1.2,4.5,1.5,4.4,1.1,0.8,83.0,23.2,0,2002
Joe Smith,26.0,MIN,1922.0,16.0,0.571,6.1,-0.2,0.9,10.7,1.1,6.3,0.8,0.5,72.0,26.7,0,2002
Popeye Jones,31.0,WAS,1920.0,14.4,0.49,4.3,-1.3,0.4,7.0,1.6,7.3,0.2,0.6,79.0,24.3,0,2002
Richard Jefferson,21.0,NJN,1917.0,13.4,0.524,4.7,-0.4,0.8,9.4,1.8,3.7,0.6,0.8,79.0,24.3,0,2002
Kelvin Cato,27.0,HOU,1917.0,15.0,0.599,5.3,-0.7,0.6,6.6,0.4,7.0,1.3,0.5,75.0,25.6,0,2002
Joe Johnson,20.0,2TM,1916.0,11.8,0.478,3.0,-0.7,0.6,7.5,2.3,3.3,0.3,0.8,77.0,24.9,0,2002
Michael Curry,33.0,DET,1912.0,6.2,0.521,2.3,-4.0,-0.9,4.0,1.5,2.0,0.1,0.6,82.0,23.3,0,2002
Lee Nailon,26.0,CHH,1912.0,14.4,0.513,3.5,-1.5,0.3,10.8,1.2,3.7,0.2,0.7,79.0,24.2,0,2002
Eddie Griffin,19.0,HOU,1896.0,13.8,0.456,2.4,-0.9,0.5,8.8,0.7,5.7,1.8,0.2,73.0,26.0,0,2002
Scot Pollard,26.0,SAC,1881.0,15.0,0.59,6.8,0.8,1.3,6.4,0.7,7.1,1.0,0.9,80.0,23.5,0,2002
Rodney Rogers,30.0,2TM,1880.0,17.0,0.558,5.4,1.3,1.6,11.9,1.5,4.5,0.4,0.9,77.0,24.4,0,2002
Grant Long,35.0,MEM,1868.0,7.7,0.475,0.2,-4.6,-1.2,6.3,2.1,3.5,0.2,1.0,66.0,28.3,0,2002
Derek Anderson,27.0,POR,1860.0,15.5,0.538,5.3,1.6,1.7,10.8,3.1,2.7,0.1,1.0,70.0,26.6,0,2002
Jacque Vaughn,26.0,ATL,1856.0,13.1,0.547,3.5,-2.2,-0.1,6.6,4.3,2.0,0.0,0.8,82.0,22.6,0,2002
Troy Hudson,25.0,ORL,1854.0,15.3,0.526,2.5,-1.8,0.1,11.7,3.1,1.8,0.1,0.7,81.0,22.9,0,2002
George McCloud,34.0,DEN,1830.0,9.8,0.466,0.1,-3.3,-0.6,8.8,3.0,3.6,0.3,0.8,69.0,26.5,0,2002
Jim Jackson,31.0,MIA,1825.0,11.3,0.511,2.8,-1.0,0.5,10.7,2.5,5.3,0.3,0.8,55.0,33.2,0,2002
Tony Battie,25.0,BOS,1819.0,14.5,0.57,6.2,-0.7,0.6,6.9,0.5,6.5,0.9,0.8,74.0,24.6,0,2002
Stromile Swift,22.0,MEM,1805.0,17.2,0.539,3.7,-1.0,0.4,11.8,0.7,6.3,1.7,0.8,68.0,26.5,0,2002
Jeff Foster,25.0,IND,1786.0,12.9,0.493,4.2,-1.4,0.3,5.7,0.9,6.8,0.5,0.9,82.0,21.8,0,2002
Bob Sura,28.0,GSW,1780.0,17.1,0.53,4.1,1.6,1.6,10.0,3.5,3.3,0.2,1.1,78.0,22.8,0,2002
Rodney Buford,24.0,MEM,1769.0,10.1,0.47,0.8,-4.2,-1.0,9.4,1.1,4.3,0.2,0.7,63.0,28.1,0,2002
Ruben Patterson,26.0,POR,1765.0,18.8,0.567,5.6,2.1,1.8,11.2,1.4,4.0,0.5,1.1,75.0,23.5,0,2002
Devean George,24.0,LAL,1759.0,12.6,0.502,4.2,0.3,1.0,7.1,1.4,3.7,0.5,0.9,82.0,21.5,0,2002
Bobby Jackson,28.0,SAC,1750.0,17.3,0.537,5.4,2.1,1.8,11.1,2.0,3.1,0.1,0.9,81.0,21.6,0,2002
Donyell Marshall,28.0,UTA,1750.0,19.2,0.565,5.0,1.7,1.6,14.8,1.7,7.6,1.2,0.9,58.0,30.2,0,2002
Eric Williams,29.0,BOS,1747.0,8.8,0.49,2.2,-3.0,-0.4,6.4,1.5,3.0,0.1,1.0,74.0,23.6,0,2002
Travis Best,29.0,2TM,1747.0,14.3,0.511,3.4,-0.8,0.6,7.9,4.4,2.0,0.1,1.2,74.0,23.6,0,2002
Erick Dampier,26.0,GSW,1740.0,11.3,0.484,0.3,-3.5,-0.7,7.6,1.2,5.3,2.3,0.2,73.0,23.8,0,2002
Clarence Weatherspoon,31.0,NYK,1728.0,13.3,0.478,3.5,-1.1,0.4,8.8,1.1,8.2,0.9,0.7,56.0,30.9,0,2002
DerMarr Johnson,21.0,ATL,1727.0,11.3,0.513,1.7,-1.3,0.3,8.4,1.1,3.4,0.8,0.9,72.0,24.0,0,2002
Malik Rose,27.0,SAS,1725.0,16.4,0.517,4.4,-1.3,0.3,9.4,0.7,6.0,0.5,0.9,82.0,21.0,0,2002
Kevin Ollie,29.0,2TM,1723.0,12.3,0.51,2.4,-1.9,0.0,5.7,3.6,2.3,0.0,0.8,81.0,21.3,0,2002
Eric Piatkowski,31.0,LAC,1718.0,13.8,0.601,4.5,1.0,1.3,8.8,1.6,2.6,0.2,0.6,71.0,24.2,0,2002
Ron Mercer,25.0,2TM,1716.0,10.2,0.439,-1.1,-4.6,-1.1,13.9,2.4,3.4,0.2,0.6,53.0,32.4,0,2002
Vin Baker,30.0,SEA,1710.0,14.1,0.517,2.2,-3.7,-0.7,14.1,1.3,6.4,0.7,0.4,55.0,31.1,0,2002
Corliss Williamson,28.0,DET,1701.0,20.0,0.567,5.1,-0.3,0.7,13.6,1.2,4.1,0.3,0.6,78.0,21.8,0,2002
Bruce Bowen,30.0,SAS,1699.0,8.2,0.468,1.9,-1.3,0.3,7.0,1.5,2.7,0.4,1.1,59.0,28.8,0,2002
Ryan Bowen,26.0,DEN,1686.0,11.4,0.524,3.1,-1.1,0.4,4.9,0.7,4.0,0.5,1.0,75.0,22.5,0,2002
LaPhonso Ellis,31.0,MIA,1684.0,9.1,0.48,2.2,-2.4,-0.2,7.1,0.8,4.3,0.6,0.5,66.0,25.5,0,2002
Voshon Lenard,28.0,DEN,1665.0,14.5,0.495,1.7,0.1,0.9,11.5,1.8,2.6,0.4,0.8,71.0,23.5,0,2002
Ervin Johnson,34.0,MIL,1660.0,8.6,0.468,2.3,-3.5,-0.6,2.6,0.3,5.8,1.0,0.5,81.0,20.5,0,2002
Chris Mihm,22.0,CLE,1659.0,10.0,0.47,0.7,-6.9,-2.0,7.7,0.3,5.3,1.2,0.2,74.0,22.4,0,2002
Samaki Walker,25.0,LAL,1655.0,14.5,0.545,5.3,0.1,0.9,6.7,0.9,7.0,1.3,0.4,69.0,24.0,0,2002
Jonathan Bender,21.0,IND,1647.0,10.6,0.538,2.0,-2.2,-0.1,7.4,0.8,3.1,0.6,0.2,78.0,21.1,0,2002
Erick Strickland,28.0,BOS,1643.0,12.9,0.545,3.8,-0.5,0.6,7.7,2.3,2.7,0.0,0.7,79.0,20.8,0,2002
Metta World Peace,22.0,2TM,1642.0,15.8,0.501,2.7,2.6,1.9,13.2,2.3,4.9,0.7,2.6,55.0,29.9,0,2002
Jerome Williams,28.0,TOR,1641.0,15.7,0.542,5.0,0.6,1.1,7.6,1.1,5.7,0.4,1.1,68.0,24.1,0,2002
Calbert Cheaney,30.0,DEN,1631.0,10.3,0.499,1.2,-3.5,-0.6,7.3,1.6,3.5,0.3,0.5,68.0,24.0,0,2002
Lindsey Hunter,31.0,LAL,1616.0,9.4,0.466,2.0,-1.5,0.2,5.8,1.6,1.5,0.2,0.8,82.0,19.7,0,2002
Corey Maggette,22.0,LAC,1615.0,14.3,0.56,3.3,-0.8,0.5,11.4,1.8,3.7,0.3,0.7,63.0,25.6,0,2002
Jamal Mashburn,29.0,CHH,1601.0,16.9,0.505,3.4,1.1,1.3,21.5,4.3,6.1,0.2,1.1,40.0,40.0,0,2002
Tim Hardaway,35.0,2TM,1601.0,13.6,0.492,1.8,-0.5,0.6,9.6,4.1,1.8,0.1,0.8,68.0,23.5,0,2002
Shandon Anderson,28.0,NYK,1596.0,8.0,0.489,0.4,-2.8,-0.3,5.0,0.9,3.0,0.2,0.6,82.0,19.5,0,2002
Jake Tsakalidis,22.0,PHO,1582.0,11.7,0.522,2.8,-3.5,-0.6,7.3,0.3,5.6,1.0,0.3,67.0,23.6,0,2002
Chris Childs,34.0,TOR,1576.0,8.8,0.435,1.1,-4.2,-0.9,4.1,5.1,2.2,0.1,0.8,69.0,22.8,0,2002
Othella Harrington,28.0,NYK,1563.0,13.0,0.567,3.0,-2.9,-0.4,7.7,0.5,4.5,0.5,0.4,77.0,20.3,0,2002
Allen Iverson,27.0,PHI,3485.0,21.2,0.5,9.2,3.5,4.8,27.6,5.5,4.2,0.2,2.7,82.0,42.5,0,2003
Kobe Bryant,24.0,LAL,3401.0,26.2,0.55,14.9,7.1,7.7,30.0,5.9,6.9,0.8,2.2,82.0,41.5,0,2003
Shawn Marion,24.0,PHO,3373.0,21.3,0.538,13.0,5.6,6.5,21.2,2.4,9.5,1.2,2.3,81.0,41.6,0,2003
Jalen Rose,30.0,CHI,3351.0,14.9,0.508,3.6,-1.2,0.7,22.1,4.8,4.3,0.3,0.9,82.0,40.9,0,2003
Kevin Garnett,26.0,MIN,3321.0,26.4,0.553,15.6,8.4,8.7,23.0,6.0,13.4,1.6,1.4,82.0,40.5,0,2003
Jamal Mashburn,30.0,NOH,3321.0,18.0,0.507,9.0,2.2,3.5,21.6,5.6,6.1,0.2,1.0,82.0,40.5,0,2003
Steve Francis,25.0,HOU,3318.0,20.6,0.541,11.1,3.8,4.8,21.0,6.2,6.2,0.5,1.7,81.0,41.0,0,2003
Stephon Marbury,25.0,PHO,3240.0,20.1,0.52,9.6,2.9,4.0,22.3,8.1,3.2,0.2,1.3,81.0,40.0,0,2003
Antoine Walker,26.0,BOS,3235.0,14.6,0.467,2.6,-0.5,1.3,20.1,4.8,7.2,0.4,1.5,78.0,41.5,0,2003
Antawn Jamison,26.0,GSW,3226.0,19.0,0.542,8.5,0.7,2.2,22.2,1.9,7.0,0.5,0.9,82.0,39.3,0,2003
Gary Payton,34.0,2TM,3208.0,21.1,0.504,9.1,3.1,4.1,20.4,8.3,4.2,0.3,1.7,80.0,40.1,0,2003
Tim Duncan,26.0,SAS,3181.0,26.9,0.564,16.5,7.6,7.7,23.3,3.9,12.9,2.9,0.7,81.0,39.3,1,2003
Ricky Davis,23.0,CLE,3131.0,16.1,0.485,3.0,-0.3,1.3,20.6,5.5,4.9,0.5,1.6,79.0,39.6,0,2003
Dirk Nowitzki,24.0,DAL,3117.0,25.6,0.581,16.1,7.2,7.3,25.1,3.0,9.9,1.0,1.4,80.0,39.0,0,2003
Allan Houston,31.0,NYK,3108.0,17.7,0.563,7.2,1.0,2.4,22.5,2.7,2.8,0.1,0.7,82.0,37.9,0,2003
Eric Snow,29.0,PHI,3108.0,15.6,0.546,8.4,0.7,2.1,12.9,6.6,3.7,0.1,1.6,82.0,37.9,0,2003
Paul Pierce,25.0,BOS,3096.0,22.7,0.532,10.1,4.9,5.4,25.9,4.4,7.3,0.8,1.8,79.0,39.2,0,2003
Shareef Abdur-Rahim,26.0,ATL,3087.0,19.9,0.566,9.7,1.6,2.8,19.9,3.0,8.4,0.5,1.1,81.0,38.1,0,2003
Jason Terry,25.0,ATL,3081.0,18.2,0.549,7.4,1.8,3.0,17.2,7.4,3.4,0.2,1.6,81.0,38.0,0,2003
Rashard Lewis,23.0,SEA,3044.0,16.7,0.537,7.8,0.7,2.1,18.1,1.7,6.5,0.5,1.3,77.0,39.5,0,2003
Cuttino Mobley,27.0,HOU,3044.0,14.7,0.537,6.9,0.2,1.7,17.5,2.8,4.2,0.5,1.3,73.0,41.7,0,2003
Michael Jordan,39.0,WAS,3031.0,19.3,0.491,6.2,1.7,2.8,20.0,3.8,6.1,0.5,1.5,82.0,37.0,0,2003
Jason Kidd,29.0,NJN,2989.0,22.2,0.526,11.3,6.6,6.5,18.7,8.9,6.3,0.3,2.2,80.0,37.4,0,2003
Tracy McGrady,23.0,ORL,2954.0,30.3,0.564,16.1,10.5,9.3,32.1,5.5,6.5,0.8,1.7,75.0,39.4,0,2003
Morris Peterson,25.0,TOR,2949.0,12.6,0.488,3.2,-1.8,0.1,14.1,2.3,4.4,0.4,1.1,82.0,36.0,0,2003
Pau Gasol,22.0,MEM,2948.0,20.7,0.57,8.5,1.8,2.8,19.0,2.8,8.8,1.8,0.4,82.0,36.0,0,2003
Karl Malone,39.0,UTA,2936.0,21.7,0.534,11.1,4.2,4.6,20.6,4.7,7.8,0.4,1.7,81.0,36.2,0,2003
Andre Miller,26.0,LAC,2913.0,15.2,0.495,4.6,-1.1,0.6,13.6,6.7,4.0,0.1,1.2,80.0,36.4,0,2003
Ray Allen,27.0,2TM,2880.0,21.3,0.565,9.1,3.6,4.1,22.5,4.4,5.0,0.2,1.4,76.0,37.9,0,2003
Richard Jefferson,22.0,NJN,2879.0,16.6,0.563,9.9,1.5,2.5,15.5,2.5,6.4,0.6,1.0,80.0,36.0,0,2003
Ben Wallace,28.0,DET,2873.0,17.2,0.486,10.6,3.9,4.3,6.9,1.6,15.4,3.2,1.4,73.0,39.4,0,2003
Gilbert Arenas,21.0,GSW,2866.0,18.6,0.54,6.5,1.3,2.4,18.3,6.3,4.7,0.2,1.5,82.0,35.0,0,2003
Jermaine O'Neal,24.0,IND,2864.0,21.4,0.539,10.5,2.9,3.5,20.8,2.0,10.3,2.3,0.9,77.0,37.2,0,2003
Latrell Sprewell,32.0,NYK,2859.0,14.3,0.497,3.2,0.1,1.5,16.4,4.5,3.9,0.3,1.4,74.0,38.6,0,2003
Caron Butler,22.0,MIA,2858.0,15.1,0.502,5.1,0.5,1.8,15.4,2.7,5.1,0.4,1.8,78.0,36.6,0,2003
Derek Fisher,28.0,LAL,2829.0,11.9,0.52,5.2,-1.3,0.5,10.5,3.6,2.9,0.2,1.1,82.0,34.5,0,2003
Clifford Robinson,36.0,DET,2825.0,12.4,0.477,4.4,0.0,1.4,12.2,3.3,3.9,1.1,1.1,81.0,34.9,0,2003
Tony Parker,20.0,SAS,2774.0,16.5,0.542,7.7,0.5,1.7,15.5,5.3,2.6,0.0,0.9,82.0,33.8,0,2003
Desmond Mason,25.0,2TM,2763.0,15.2,0.502,5.2,-1.4,0.4,14.3,2.0,6.5,0.4,0.8,80.0,34.5,0,2003
Jerry Stackhouse,28.0,WAS,2747.0,18.7,0.528,6.5,1.3,2.3,21.5,4.5,3.7,0.4,0.9,70.0,39.2,0,2003
Juwan Howard,29.0,DEN,2730.0,17.2,0.501,6.0,1.1,2.1,18.4,3.0,7.6,0.4,1.0,77.0,35.5,0,2003
Steve Nash,28.0,DAL,2711.0,22.6,0.576,11.6,4.6,4.5,17.7,7.3,2.9,0.1,1.0,82.0,33.1,0,2003
Doug Christie,32.0,SAC,2710.0,15.0,0.59,8.9,3.2,3.6,9.4,4.7,4.3,0.5,2.3,80.0,33.9,0,2003
David Wesley,32.0,NOH,2710.0,15.1,0.533,7.0,1.1,2.1,16.7,3.4,2.4,0.1,1.5,73.0,37.1,0,2003
Sam Cassell,33.0,MIL,2700.0,22.3,0.565,9.6,2.7,3.2,19.7,5.8,4.4,0.2,1.1,78.0,34.6,0,2003
Jason Richardson,22.0,GSW,2698.0,14.8,0.501,3.7,-0.5,1.0,15.6,3.0,4.6,0.3,1.1,82.0,32.9,0,2003
Rasheed Wallace,28.0,POR,2684.0,18.5,0.552,8.5,2.5,3.1,18.1,2.1,7.4,1.0,0.9,74.0,36.3,0,2003
Michael Finley,29.0,DAL,2642.0,17.6,0.514,6.7,1.7,2.4,19.3,3.0,5.8,0.3,1.1,69.0,38.3,0,2003
Brian Grant,30.0,MIA,2641.0,15.6,0.552,7.7,-0.4,1.1,10.3,1.3,10.2,0.6,0.8,82.0,32.2,0,2003
Richard Hamilton,24.0,DET,2640.0,18.7,0.531,7.3,0.4,1.6,19.7,2.5,3.9,0.2,0.8,82.0,32.2,0,2003
Alvin Williams,28.0,TOR,2638.0,16.7,0.508,5.5,0.4,1.6,13.2,5.3,3.1,0.3,1.4,78.0,33.8,0,2003
Kenyon Martin,25.0,NJN,2628.0,16.9,0.511,7.1,1.0,2.0,16.7,2.4,8.3,0.9,1.3,77.0,34.1,0,2003
Chris Webber,29.0,SAC,2622.0,20.9,0.485,6.9,3.5,3.6,23.0,5.4,10.5,1.3,1.6,67.0,39.1,0,2003
P.J. Brown,33.0,NOH,2609.0,17.6,0.592,10.2,2.5,3.0,10.7,1.9,9.0,1.0,0.9,78.0,33.4,0,2003
Troy Hudson,26.0,MIN,2600.0,15.2,0.531,5.1,-0.3,1.1,14.2,5.7,2.3,0.1,0.8,79.0,32.9,0,2003
Glenn Robinson,30.0,ATL,2591.0,16.7,0.519,2.9,-0.8,0.8,20.8,3.0,6.6,0.4,1.3,69.0,37.6,0,2003
Pat Garrity,26.0,ORL,2584.0,11.2,0.551,4.9,-1.0,0.7,10.7,1.5,3.8,0.2,0.8,81.0,31.9,0,2003
Kurt Thomas,30.0,NYK,2577.0,16.7,0.511,5.4,0.1,1.3,14.0,2.0,7.9,1.2,1.0,81.0,31.8,0,2003
Amar'e Stoudemire,20.0,PHO,2570.0,16.2,0.53,6.2,-1.4,0.4,13.5,1.0,8.8,1.1,0.8,82.0,31.3,0,2003
Bruce Bowen,31.0,SAS,2566.0,9.1,0.563,5.1,0.2,1.4,7.1,1.4,2.9,0.5,0.8,82.0,31.3,0,2003
Matt Harpring,26.0,UTA,2557.0,19.3,0.588,8.8,1.9,2.6,17.6,1.7,6.6,0.2,0.9,78.0,32.8,0,2003
Derek Anderson,28.0,POR,2556.0,16.9,0.556,8.1,2.3,2.8,13.9,4.3,3.5,0.2,1.2,76.0,33.6,0,2003
Shaquille O'Neal,30.0,LAL,2535.0,29.5,0.602,13.2,6.5,5.5,27.5,3.1,11.1,2.4,0.6,67.0,37.8,0,2003
Theo Ratliff,29.0,ATL,2518.0,13.8,0.512,4.0,-0.7,0.8,8.7,0.9,7.5,3.2,0.7,81.0,31.1,0,2003
James Posey,26.0,2TM,2518.0,13.5,0.519,5.4,0.6,1.7,10.8,2.2,5.1,0.2,1.3,83.0,30.3,0,2003
Troy Murphy,22.0,GSW,2510.0,15.9,0.526,6.4,-0.7,0.8,11.7,1.3,10.2,0.4,0.8,79.0,31.8,0,2003
Brent Barry,31.0,SEA,2480.0,15.8,0.597,7.3,2.6,2.9,10.3,5.1,4.0,0.2,1.5,75.0,33.1,0,2003
Al Harrington,22.0,IND,2467.0,12.4,0.493,3.9,-2.8,-0.5,12.2,1.5,6.2,0.4,0.9,82.0,30.1,0,2003
Elton Brand,23.0,LAC,2454.0,21.7,0.543,7.6,3.0,3.1,18.5,2.5,11.3,2.5,1.1,62.0,39.6,0,2003
Peja Stojaković,25.0,SAC,2450.0,19.6,0.6,10.1,3.5,3.4,19.2,2.0,5.5,0.1,1.0,72.0,34.0,0,2003
Jamaal Magloire,24.0,NOH,2443.0,15.4,0.541,6.7,-1.2,0.5,10.3,1.1,8.8,1.4,0.6,82.0,29.8,0,2003
Zydrunas Ilgauskas,27.0,CLE,2432.0,19.4,0.516,5.0,-0.3,1.0,17.2,1.6,7.5,1.9,0.7,81.0,30.0,0,2003
Jason Williams,27.0,MEM,2407.0,17.1,0.501,4.7,1.2,1.9,12.1,8.3,2.8,0.1,1.2,76.0,31.7,0,2003
Bonzi Wells,26.0,POR,2396.0,15.7,0.505,4.0,-0.2,1.1,15.2,3.3,5.3,0.2,1.6,75.0,31.9,0,2003
Vlade Divac,34.0,SAC,2384.0,15.6,0.519,7.0,2.1,2.5,9.9,3.4,7.2,1.3,1.0,80.0,29.8,0,2003
Shane Battier,24.0,MEM,2383.0,15.0,0.597,6.2,2.3,2.5,9.7,1.3,4.4,1.1,1.3,78.0,30.6,0,2003
Yao Ming,22.0,HOU,2382.0,20.6,0.57,8.7,2.2,2.5,13.5,1.7,8.2,1.8,0.4,82.0,29.0,0,2003
Donyell Marshall,29.0,CHI,2378.0,18.4,0.513,6.0,1.3,1.9,13.4,1.8,9.0,1.1,1.2,78.0,30.5,0,2003
Aaron McKie,30.0,PHI,2374.0,13.7,0.497,5.1,1.1,1.9,9.0,3.5,4.4,0.1,1.6,80.0,29.7,0,2003
Tim Thomas,25.0,MIL,2358.0,14.3,0.527,2.9,-2.2,-0.1,13.3,1.3,4.9,0.6,0.9,80.0,29.5,0,2003
Calbert Cheaney,31.0,UTA,2351.0,9.8,0.514,2.8,-2.6,-0.4,8.6,2.0,3.5,0.2,0.8,81.0,29.0,0,2003
Darrell Armstrong,34.0,ORL,2350.0,14.6,0.53,4.9,0.9,1.7,9.4,3.9,3.6,0.2,1.6,82.0,28.7,0,2003
Eric Williams,30.0,BOS,2350.0,13.1,0.538,6.0,-0.9,0.7,9.1,1.7,4.7,0.2,1.0,82.0,28.7,0,2003
Jerome Williams,29.0,TOR,2346.0,15.6,0.525,5.4,-0.3,1.0,9.7,1.3,9.2,0.4,1.6,71.0,33.0,0,2003
Robert Horry,32.0,LAL,2343.0,12.4,0.488,4.8,0.6,1.6,6.5,2.9,6.4,0.8,1.2,80.0,29.3,0,2003
Rasho Nesterović,26.0,MIN,2337.0,14.7,0.536,5.2,-0.1,1.1,11.2,1.5,6.5,1.5,0.5,77.0,30.4,0,2003
Keith Van Horn,27.0,PHI,2337.0,17.3,0.556,6.5,0.3,1.4,15.9,1.3,7.1,0.4,0.9,74.0,31.6,0,2003
Chauncey Billups,26.0,DET,2327.0,20.4,0.582,9.9,4.6,3.8,16.2,3.9,3.7,0.2,0.9,74.0,31.4,0,2003
Malik Allen,24.0,MIA,2318.0,9.9,0.455,0.9,-4.4,-1.4,9.6,0.7,5.3,1.0,0.5,80.0,29.0,0,2003
Metta World Peace,23.0,IND,2317.0,17.6,0.529,7.2,3.2,3.1,15.5,2.9,5.2,0.7,2.3,69.0,33.6,0,2003
Michael Redd,23.0,MIL,2316.0,21.0,0.59,8.0,3.9,3.4,15.1,1.4,4.5,0.2,1.2,82.0,28.2,0,2003
Dale Davis,33.0,POR,2282.0,14.5,0.566,6.9,0.6,1.5,7.4,1.2,7.2,0.9,0.7,78.0,29.3,0,2003
John Stockton,40.0,UTA,2275.0,21.0,0.577,9.0,5.0,4.0,10.8,7.7,2.5,0.2,1.7,82.0,27.7,0,2003
Brad Miller,26.0,IND,2270.0,19.3,0.579,9.6,3.0,2.9,13.1,2.6,8.3,0.6,0.9,73.0,31.1,0,2003
Nenê,20.0,DEN,2258.0,15.4,0.545,5.0,0.8,1.6,10.5,1.9,6.1,0.8,1.6,80.0,28.2,0,2003
Joe Johnson,21.0,PHO,2255.0,11.6,0.472,2.8,-1.4,0.4,9.8,2.6,3.2,0.2,0.8,82.0,27.5,0,2003
Stephen Jackson,24.0,SAS,2254.0,14.5,0.526,4.8,0.9,1.7,11.8,2.3,3.6,0.4,1.6,80.0,28.2,0,2003
Anthony Peeler,33.0,MIN,2245.0,11.0,0.499,3.4,-0.6,0.7,7.7,3.0,2.9,0.2,0.9,82.0,27.4,0,2003
Howard Eisley,30.0,NYK,2243.0,14.1,0.552,4.5,0.4,1.3,9.1,5.4,2.3,0.1,0.9,82.0,27.4,0,2003
Jamaal Tinsley,24.0,IND,2237.0,13.4,0.468,3.7,0.0,1.1,7.8,7.5,3.6,0.2,1.7,73.0,30.6,0,2003
Christian Laettner,33.0,WAS,2215.0,16.1,0.545,6.6,2.0,2.2,8.3,3.1,6.6,0.5,1.1,76.0,29.1,0,2003
Andrei Kirilenko,21.0,UTA,2213.0,21.1,0.598,9.2,5.8,4.4,12.0,1.7,5.3,2.2,1.5,80.0,27.7,0,2003
Jumaine Jones,23.0,CLE,2204.0,12.3,0.525,2.9,-1.5,0.3,9.8,1.4,5.1,0.3,0.8,80.0,27.6,0,2003
Mike Miller,22.0,2TM,2186.0,14.7,0.537,4.0,-0.2,1.0,15.6,2.6,5.2,0.3,0.6,65.0,33.6,0,2003
Rick Fox,33.0,LAL,2181.0,11.9,0.523,3.6,-1.0,0.6,9.0,3.3,4.3,0.2,0.9,76.0,28.7,0,2003
Gordan Giriček,25.0,2TM,2148.0,12.1,0.529,1.6,-2.9,-0.5,12.3,1.8,3.1,0.1,0.7,76.0,28.3,0,2003
Larry Hughes,24.0,WAS,2137.0,15.5,0.521,3.7,0.2,1.2,12.8,3.1,4.6,0.4,1.3,67.0,31.9,0,2003
Anthony Mason,36.0,MIL,2119.0,11.3,0.524,3.1,-1.4,0.3,7.2,3.2,6.4,0.2,0.5,65.0,32.6,0,2003
Reggie Miller,37.0,IND,2117.0,15.9,0.597,7.4,2.3,2.3,12.6,2.4,2.5,0.1,0.9,70.0,30.2,0,2003
Kendall Gill,34.0,MIN,2068.0,10.6,0.477,1.9,-2.8,-0.4,8.7,1.9,3.0,0.2,1.0,82.0,25.2,0,2003
Corliss Williamson,29.0,DET,2061.0,15.7,0.515,4.9,-1.8,0.1,12.0,1.3,4.4,0.3,0.5,82.0,25.1,0,2003
Carlos Boozer,21.0,CLE,2049.0,17.9,0.577,5.9,0.0,1.0,10.0,1.3,7.5,0.6,0.7,81.0,25.3,0,2003
Nick Van Exel,31.0,DAL,2026.0,15.6,0.51,4.0,0.2,1.1,12.5,4.3,2.8,0.1,0.6,73.0,27.8,0,2003
Clarence Weatherspoon,32.0,NYK,2024.0,14.5,0.522,5.5,0.0,1.0,6.6,0.9,7.6,0.5,0.9,79.0,25.6,0,2003
Darius Miles,21.0,CLE,2008.0,9.7,0.435,-1.3,-3.7,-0.9,9.2,2.6,5.4,1.0,1.0,67.0,30.0,0,2003
Corey Maggette,23.0,LAC,2006.0,17.4,0.564,5.0,0.4,1.2,16.8,1.9,5.0,0.3,0.9,64.0,31.3,0,2003
Junior Harrington,22.0,DEN,2003.0,6.4,0.405,-0.4,-5.1,-1.6,5.1,3.4,3.0,0.2,1.0,82.0,24.4,0,2003
Trenton Hassell,23.0,CHI,1999.0,6.0,0.411,-0.1,-3.4,-0.7,4.2,1.8,3.1,0.7,0.5,82.0,24.4,0,2003
Jamal Crawford,22.0,CHI,1992.0,15.4,0.496,2.8,0.4,1.2,10.7,4.2,2.3,0.3,1.0,80.0,24.9,0,2003
Tyronn Lue,25.0,WAS,1986.0,12.9,0.523,3.7,-1.5,0.3,8.6,3.5,2.0,0.0,0.6,75.0,26.5,0,2003
Predrag Drobnjak,27.0,SEA,1984.0,12.5,0.459,2.4,-2.5,-0.2,9.4,1.0,3.9,0.5,0.6,82.0,24.2,0,2003
Lorenzen Wright,27.0,MEM,1982.0,14.4,0.489,2.5,-3.0,-0.5,11.4,1.1,7.5,0.8,0.7,70.0,28.3,0,2003
Erick Dampier,27.0,GSW,1978.0,15.8,0.543,4.1,-1.0,0.5,8.2,0.7,6.6,1.9,0.3,82.0,24.1,0,2003
Kenny Thomas,25.0,2TM,1978.0,14.9,0.517,4.6,-0.7,0.6,10.1,1.7,8.0,0.4,0.9,66.0,30.0,0,2003
Milt Palacio,24.0,CLE,1976.0,8.2,0.466,0.2,-4.4,-1.2,5.0,3.2,2.9,0.2,0.9,80.0,24.7,0,2003
Lucious Harris,32.0,NJN,1973.0,13.5,0.494,4.7,-0.1,1.0,10.3,2.0,3.0,0.1,0.7,77.0,25.6,0,2003
Jay Williams,21.0,CHI,1961.0,12.2,0.472,0.8,-2.0,0.0,9.5,4.7,2.6,0.2,1.1,75.0,26.1,0,2003
Kerry Kittles,28.0,NJN,1951.0,18.3,0.55,7.7,4.7,3.3,13.0,2.6,3.9,0.5,1.6,65.0,30.0,0,2003
Walter McCarty,28.0,BOS,1949.0,10.8,0.54,4.1,-0.5,0.8,6.1,1.3,3.5,0.3,1.0,82.0,23.8,0,2003
Wesley Person,31.0,MEM,1941.0,13.5,0.565,3.3,-0.6,0.7,11.0,1.7,2.9,0.3,0.6,66.0,29.4,0,2003
Malik Rose,28.0,SAS,1933.0,16.1,0.538,5.2,-0.6,0.7,10.4,1.6,6.4,0.5,0.7,79.0,24.5,0,2003
Ira Newble,28.0,ATL,1931.0,11.7,0.557,3.3,-1.2,0.4,7.7,1.4,3.7,0.4,0.7,73.0,26.5,0,2003
Brendan Haywood,23.0,WAS,1930.0,13.5,0.561,5.0,-1.8,0.1,6.2,0.4,5.0,1.5,0.4,81.0,23.8,0,2003
Voshon Lenard,29.0,TOR,1929.0,14.4,0.502,2.4,-1.0,0.5,14.3,2.3,3.4,0.3,0.9,63.0,30.6,0,2003
Greg Ostertag,29.0,UTA,1926.0,11.5,0.531,3.4,-1.5,0.2,5.4,0.7,6.2,1.8,0.2,81.0,23.8,0,2003
Scottie Pippen,37.0,POR,1911.0,15.3,0.52,3.8,1.6,1.7,10.8,4.5,4.3,0.4,1.6,64.0,29.9,0,2003
Vladimir Radmanović,22.0,SEA,1910.0,13.0,0.508,2.7,-0.3,0.8,10.1,1.3,4.5,0.3,0.9,72.0,26.5,0,2003
Jason Collins,24.0,NJN,1900.0,9.9,0.521,4.7,-2.0,0.0,5.7,1.1,4.5,0.5,0.6,81.0,23.5,0,2003
Kevin Ollie,30.0,2TM,1897.0,13.7,0.514,3.8,-0.6,0.7,6.5,3.5,2.2,0.1,0.8,82.0,23.1,0,2003
Antonio Davis,34.0,TOR,1894.0,14.5,0.483,2.2,-1.9,0.1,13.9,2.5,8.2,1.2,0.4,53.0,35.7,0,2003
Eddie Griffin,20.0,HOU,1890.0,15.4,0.462,3.9,0.9,1.4,8.6,1.1,6.0,1.4,0.7,77.0,24.5,0,2003
Dion Glover,24.0,ATL,1890.0,13.5,0.512,2.6,-1.5,0.2,9.7,1.9,3.7,0.2,0.9,76.0,24.9,0,2003
Baron Davis,23.0,NOH,1889.0,16.9,0.5,4.5,3.2,2.5,17.1,6.4,3.7,0.4,1.8,50.0,37.8,0,2003
Shammond Williams,27.0,2TM,1881.0,12.4,0.503,3.1,-1.3,0.3,8.0,3.4,2.2,0.1,1.0,78.0,24.1,0,2003
Tony Delk,29.0,BOS,1873.0,13.7,0.547,4.6,1.1,1.4,9.8,2.2,3.5,0.1,1.1,67.0,28.0,0,2003
Drew Gooden,21.0,2TM,1873.0,15.0,0.503,1.7,-3.0,-0.4,12.5,1.2,6.5,0.5,0.8,70.0,26.8,0,2003
Othella Harrington,29.0,NYK,1850.0,12.3,0.563,3.8,-2.8,-0.4,7.7,0.8,6.4,0.3,0.2,74.0,25.0,0,2003
Wally Szczerbiak,25.0,MIN,1836.0,17.3,0.567,5.2,0.9,1.3,17.6,2.6,4.6,0.4,0.8,52.0,35.3,0,2003
Mike Bibby,24.0,SAC,1835.0,17.6,0.559,5.6,1.8,1.8,15.9,5.2,2.7,0.1,1.3,55.0,33.4,0,2003
Tyson Chandler,20.0,CHI,1827.0,15.8,0.565,3.9,-0.9,0.5,9.2,1.0,6.9,1.4,0.5,75.0,24.4,0,2003
Travis Best,30.0,MIA,1807.0,11.2,0.473,1.8,-2.4,-0.2,8.4,3.5,2.0,0.1,0.6,72.0,25.1,0,2003
Bo Outlaw,31.0,PHO,1800.0,12.2,0.574,4.4,0.6,1.2,4.7,1.4,4.6,0.9,0.6,80.0,22.5,0,2003
Eddie Jones,31.0,MIA,1789.0,18.9,0.551,6.0,5.0,3.1,18.5,3.7,4.8,0.7,1.4,47.0,38.1,0,2003
Adonal Foyle,27.0,GSW,1787.0,15.3,0.563,4.0,0.9,1.3,5.4,0.5,6.0,2.5,0.5,82.0,21.8,0,2003
Keon Clark,27.0,SAC,1780.0,13.9,0.528,4.7,-0.2,0.8,6.7,1.0,5.6,1.9,0.5,80.0,22.3,0,2003
Anfernee Hardaway,31.0,PHO,1777.0,13.0,0.499,2.3,0.0,0.9,10.6,4.1,4.4,0.4,1.1,58.0,30.6,0,2003
Kwame Brown,20.0,WAS,1773.0,13.6,0.496,2.5,-2.2,-0.1,7.4,0.7,5.3,1.0,0.6,80.0,22.2,0,2003
Derrick Coleman,35.0,PHI,1742.0,15.4,0.525,4.5,0.3,1.0,9.4,1.4,7.0,1.1,0.8,64.0,27.2,0,2003
Shandon Anderson,29.0,NYK,1731.0,13.4,0.553,2.7,-0.3,0.7,8.4,1.1,3.1,0.2,0.9,82.0,21.1,0,2003
Shawn Bradley,30.0,DAL,1731.0,18.3,0.601,7.4,2.6,2.0,6.7,0.7,5.9,2.1,0.8,81.0,21.4,0,2003
Mike James,27.0,MIA,1722.0,11.8,0.469,1.8,-1.6,0.2,7.8,3.2,1.9,0.1,0.8,78.0,22.1,0,2003
Toni Kukoč,34.0,MIL,1704.0,18.0,0.551,4.0,2.8,2.1,11.6,3.7,4.2,0.5,1.3,63.0,27.0,0,2003
Jacque Vaughn,27.0,ORL,1686.0,10.5,0.508,2.0,-3.3,-0.6,5.9,2.9,1.5,0.0,0.8,80.0,21.1,0,2003
Tony Battie,26.0,BOS,1683.0,15.2,0.578,5.8,-0.3,0.7,7.3,0.7,6.5,1.2,0.5,67.0,25.1,0,2003
Lamar Odom,23.0,LAC,1679.0,14.6,0.519,2.2,-0.3,0.7,14.6,3.6,6.7,0.8,0.9,49.0,34.3,0,2003
David Robinson,37.0,SAS,1676.0,17.8,0.531,6.0,2.1,1.8,8.5,1.0,7.9,1.7,0.8,64.0,26.2,0,2003
Bobby Jackson,29.0,SAC,1676.0,18.4,0.561,5.5,2.9,2.1,15.2,3.1,3.7,0.1,1.2,59.0,28.4,0,2003
Ron Mercer,26.0,IND,1671.0,9.3,0.439,1.3,-3.6,-0.6,7.7,1.6,2.1,0.2,0.7,72.0,23.2,0,2003
Ruben Patterson,27.0,POR,1655.0,14.5,0.53,3.2,-0.6,0.6,8.3,1.3,3.4,0.4,0.9,78.0,21.2,0,2003
Shawn Kemp,33.0,ORL,1633.0,11.7,0.468,2.0,-4.2,-0.9,6.8,0.7,5.7,0.4,0.8,79.0,20.7,0,2003
Donnell Harvey,22.0,DEN,1613.0,12.5,0.486,2.0,-2.4,-0.1,7.9,1.3,5.3,0.4,0.6,77.0,20.9,0,2003
Devean George,25.0,LAL,1613.0,11.4,0.485,2.7,-1.5,0.2,6.9,1.3,4.0,0.5,0.8,71.0,22.7,0,2003
Raef LaFrentz,26.0,DAL,1611.0,16.5,0.578,5.8,0.6,1.1,9.3,0.8,4.8,1.3,0.5,69.0,23.3,0,2003
Aaron Williams,31.0,NJN,1597.0,11.9,0.504,3.7,-1.6,0.2,6.2,1.1,4.1,0.7,0.3,81.0,19.7,0,2003
Vladimir Stepania,26.0,MIA,1594.0,13.6,0.454,2.9,-2.3,-0.1,5.6,0.3,7.0,0.5,0.6,79.0,20.2,0,2003
Eddy Curry,20.0,CHI,1571.0,17.5,0.607,3.5,-1.9,0.0,10.5,0.5,4.4,0.8,0.2,81.0,19.4,0,2003
Rodney White,22.0,DEN,1563.0,9.8,0.469,-0.4,-3.7,-0.7,9.0,1.7,3.0,0.4,0.6,72.0,21.7,0,2003
Joe Johnson,22.0,PHO,3331.0,13.9,0.491,3.3,-1.3,0.6,16.7,4.4,4.7,0.3,1.1,82.0,40.6,0,2004
Peja Stojaković,26.0,SAC,3264.0,21.8,0.624,13.5,3.9,4.9,24.2,2.1,6.3,0.2,1.3,81.0,40.3,0,2004
Stephon Marbury,26.0,2TM,3254.0,20.4,0.519,9.1,3.2,4.3,20.2,8.9,3.2,0.1,1.6,81.0,40.2,0,2004
Kevin Garnett,27.0,MIN,3231.0,29.4,0.547,18.3,10.2,10.0,24.2,5.0,13.9,2.2,1.5,82.0,39.4,1,2004
Cuttino Mobley,28.0,HOU,3229.0,14.1,0.535,7.6,1.4,2.8,15.8,3.2,4.5,0.4,1.3,80.0,40.4,0,2004
Shawn Marion,25.0,PHO,3217.0,19.9,0.513,9.1,3.6,4.6,19.0,2.7,9.3,1.3,2.1,79.0,40.7,0,2004
Steve Francis,26.0,HOU,3194.0,15.8,0.501,7.1,1.4,2.7,16.6,6.2,5.5,0.4,1.8,79.0,40.4,0,2004
Richard Jefferson,23.0,NJN,3133.0,18.1,0.573,11.0,2.3,3.4,18.5,3.8,5.7,0.3,1.1,82.0,38.2,0,2004
LeBron James,19.0,CLE,3122.0,18.3,0.488,5.1,1.7,2.9,20.9,5.9,5.5,0.7,1.6,79.0,39.5,0,2004
Jim Jackson,33.0,HOU,3119.0,12.2,0.54,6.6,0.6,2.1,12.9,2.8,6.1,0.3,1.1,80.0,39.0,0,2004
Damon Stoudamire,30.0,POR,3118.0,14.8,0.508,5.9,0.2,1.7,13.4,6.1,3.8,0.1,1.2,82.0,38.0,0,2004
Latrell Sprewell,33.0,MIN,3100.0,14.7,0.493,5.7,-0.3,1.3,16.8,3.5,3.8,0.3,1.1,82.0,37.8,0,2004
Paul Pierce,26.0,BOS,3099.0,19.4,0.517,7.1,2.0,3.2,23.0,5.1,6.5,0.7,1.6,80.0,38.7,0,2004
Zach Randolph,22.0,POR,3067.0,19.6,0.528,7.1,-0.5,1.2,20.1,2.0,10.5,0.5,0.8,81.0,37.9,0,2004
Ben Wallace,29.0,DET,3050.0,17.3,0.441,10.2,3.5,4.3,9.5,1.7,12.4,3.0,1.8,81.0,37.7,0,2004
Michael Redd,24.0,MIL,3021.0,19.9,0.544,9.7,2.5,3.5,21.7,2.3,5.0,0.1,1.0,82.0,36.8,0,2004
Jason Terry,26.0,ATL,3018.0,16.2,0.519,5.1,0.3,1.7,16.8,5.4,4.1,0.2,1.5,81.0,37.3,0,2004
Lamar Odom,24.0,MIA,3003.0,18.5,0.516,8.4,2.9,3.8,17.1,4.1,9.7,0.9,1.1,80.0,37.5,0,2004
Eddie Jones,32.0,MIA,2998.0,16.7,0.538,9.1,2.5,3.4,17.3,3.2,3.8,0.4,1.1,81.0,37.0,0,2004
Carmelo Anthony,19.0,DEN,2995.0,17.6,0.509,6.1,0.1,1.6,21.0,2.8,6.1,0.5,1.2,82.0,36.5,0,2004
Donyell Marshall,30.0,2TM,2988.0,18.9,0.548,10.4,2.7,3.6,14.7,1.5,9.9,1.5,1.1,82.0,36.4,0,2004
Mike Bibby,25.0,SAC,2980.0,19.3,0.564,9.3,2.4,3.3,18.4,5.4,3.4,0.2,1.4,82.0,36.3,0,2004
Eric Snow,30.0,PHI,2966.0,13.5,0.494,5.5,-1.3,0.5,10.3,6.9,3.4,0.1,1.2,82.0,36.2,0,2004
Stephen Jackson,25.0,ATL,2940.0,16.1,0.521,4.4,0.1,1.5,18.1,3.1,4.6,0.3,1.8,80.0,36.8,0,2004
Jason Richardson,23.0,GSW,2936.0,16.8,0.504,5.2,0.5,1.9,18.7,2.9,6.7,0.5,1.1,78.0,37.6,0,2004
Rashard Lewis,24.0,SEA,2931.0,17.5,0.527,6.5,1.0,2.2,17.8,2.2,6.5,0.7,1.2,80.0,36.6,0,2004
Dirk Nowitzki,25.0,DAL,2915.0,22.5,0.561,11.5,3.8,4.3,21.8,2.7,8.7,1.4,1.2,77.0,37.9,0,2004
Andrei Kirilenko,22.0,UTA,2895.0,22.6,0.559,11.6,7.9,7.2,16.5,3.1,8.1,2.8,1.9,78.0,37.1,0,2004
Juwan Howard,30.0,ORL,2877.0,15.6,0.513,3.6,-2.9,-0.6,17.0,2.0,7.0,0.3,0.7,81.0,35.5,0,2004
Clifford Robinson,37.0,GSW,2846.0,10.8,0.473,2.0,-1.1,0.6,11.8,3.3,3.9,0.9,0.8,82.0,34.7,0,2004
Kerry Kittles,29.0,NJN,2842.0,14.7,0.526,7.6,1.6,2.6,13.1,2.5,4.0,0.5,1.5,82.0,34.7,0,2004
Antoine Walker,27.0,DAL,2840.0,15.8,0.475,3.9,0.5,1.8,14.0,4.5,8.3,0.8,0.8,82.0,34.6,0,2004
Andre Miller,27.0,DEN,2838.0,18.8,0.541,8.8,2.5,3.3,14.8,6.1,4.5,0.3,1.7,82.0,34.6,0,2004
Sam Cassell,34.0,MIN,2838.0,22.8,0.566,12.1,4.4,4.6,19.8,7.3,3.3,0.2,1.3,81.0,35.0,0,2004
Gary Payton,35.0,LAL,2825.0,17.3,0.528,8.1,2.0,2.9,14.6,5.5,4.2,0.2,1.2,82.0,34.5,0,2004
Jamal Crawford,23.0,CHI,2811.0,15.9,0.486,4.1,1.4,2.4,17.3,5.1,3.5,0.4,1.4,80.0,35.1,0,2004
Jermaine O'Neal,25.0,IND,2788.0,21.1,0.489,9.0,2.4,3.1,20.1,2.1,10.0,2.6,0.8,78.0,35.7,0,2004
Vince Carter,27.0,TOR,2785.0,20.0,0.501,6.0,3.6,3.9,22.5,4.8,4.8,0.9,1.2,73.0,38.2,0,2004
Doug Christie,33.0,SAC,2780.0,14.0,0.544,5.7,0.8,2.0,10.1,4.2,4.0,0.5,1.8,82.0,33.9,0,2004
Michael Finley,30.0,DAL,2778.0,17.8,0.539,7.6,1.8,2.7,18.6,2.9,4.5,0.5,1.2,72.0,38.6,0,2004
Jamaal Magloire,25.0,NOH,2777.0,16.5,0.551,7.6,-1.6,0.3,13.6,1.0,10.3,1.2,0.5,82.0,33.9,0,2004
Richard Hamilton,25.0,DET,2772.0,16.8,0.522,8.1,1.2,2.3,17.6,4.0,3.6,0.2,1.3,78.0,35.5,0,2004
Chauncey Billups,27.0,DET,2758.0,18.6,0.55,11.3,3.6,3.9,16.9,5.7,3.5,0.1,1.1,78.0,35.4,0,2004
P.J. Brown,34.0,NOH,2753.0,15.7,0.527,8.1,0.7,1.9,10.5,1.9,8.6,0.9,1.0,80.0,34.4,0,2004
Metta World Peace,24.0,IND,2714.0,18.2,0.511,8.0,3.5,3.8,18.3,3.7,5.3,0.7,2.1,73.0,37.2,0,2004
Kirk Hinrich,23.0,CHI,2706.0,13.1,0.51,4.1,-0.8,0.8,12.0,6.8,3.4,0.3,1.3,76.0,35.6,0,2004
Tayshaun Prince,23.0,DET,2701.0,13.3,0.536,7.5,1.8,2.6,10.3,2.3,4.8,0.8,0.8,82.0,32.9,0,2004
Kenny Thomas,26.0,PHI,2699.0,15.9,0.527,6.6,-0.7,0.9,13.6,1.5,10.1,0.4,1.1,74.0,36.5,0,2004
Yao Ming,23.0,HOU,2692.0,21.9,0.586,11.4,2.8,3.2,17.5,1.5,9.0,1.9,0.3,82.0,32.8,0,2004
Baron Davis,24.0,NOH,2686.0,20.7,0.492,7.5,5.2,4.8,22.9,7.5,4.3,0.4,2.4,67.0,40.1,0,2004
Shareef Abdur-Rahim,27.0,2TM,2684.0,19.9,0.557,8.1,1.6,2.4,16.3,2.0,7.5,0.4,0.8,85.0,31.6,0,2004
Tracy McGrady,24.0,ORL,2675.0,25.3,0.526,8.4,6.4,5.7,28.0,5.5,6.0,0.6,1.4,67.0,39.9,0,2004
Elton Brand,24.0,LAC,2670.0,23.2,0.567,9.7,4.0,4.0,20.0,3.3,10.3,2.2,0.9,69.0,38.7,0,2004
Theo Ratliff,30.0,2TM,2664.0,14.4,0.521,5.2,0.3,1.5,7.9,0.8,7.2,3.6,0.6,85.0,31.3,0,2004
Corey Maggette,24.0,LAC,2628.0,20.1,0.586,8.6,2.1,2.7,20.7,3.1,5.9,0.2,0.9,73.0,36.0,0,2004
Bruce Bowen,32.0,SAS,2624.0,8.2,0.512,5.4,-0.5,1.0,6.9,1.4,3.1,0.4,1.0,82.0,32.0,0,2004
Brad Miller,27.0,SAC,2621.0,19.4,0.579,10.0,3.1,3.4,14.1,4.3,10.3,1.2,0.9,72.0,36.4,0,2004
Steve Nash,29.0,DAL,2612.0,20.5,0.59,8.8,2.5,3.0,14.5,8.8,3.0,0.1,0.9,78.0,33.5,0,2004
Carlos Boozer,22.0,CLE,2592.0,20.8,0.567,9.4,2.1,2.7,15.5,2.0,11.4,0.7,1.0,75.0,34.6,0,2004
Rafer Alston,27.0,MIA,2581.0,13.7,0.509,5.9,0.9,1.9,10.2,4.5,2.8,0.2,1.4,82.0,31.5,0,2004
Tony Parker,21.0,SAS,2577.0,15.7,0.516,7.5,0.8,1.8,14.7,5.5,3.2,0.1,0.8,75.0,34.4,0,2004
Antonio Davis,35.0,2TM,2570.0,11.8,0.465,3.8,-2.4,-0.3,8.9,1.7,8.4,0.8,0.5,80.0,32.1,0,2004
Kurt Thomas,31.0,NYK,2548.0,14.1,0.503,5.0,-0.8,0.8,11.1,1.9,8.3,1.0,0.7,80.0,31.9,0,2004
Zydrunas Ilgauskas,28.0,CLE,2539.0,20.2,0.541,7.8,0.9,1.9,15.3,1.3,8.1,2.5,0.5,81.0,31.3,0,2004
Desmond Mason,26.0,MIL,2534.0,15.7,0.552,5.7,-0.4,1.0,14.4,1.9,4.4,0.3,0.7,82.0,30.9,0,2004
Tim Duncan,27.0,SAS,2527.0,27.1,0.534,13.1,8.5,6.7,22.3,3.1,12.4,2.7,0.9,69.0,36.6,0,2004
Chris Bosh,19.0,TOR,2510.0,15.1,0.513,6.2,-0.8,0.8,11.5,1.0,7.4,1.4,0.8,75.0,33.5,0,2004
Nenê,21.0,DEN,2504.0,14.8,0.578,6.1,-0.3,1.1,11.8,2.2,6.5,0.5,1.5,77.0,32.5,0,2004
Jalen Rose,31.0,2TM,2497.0,12.4,0.485,1.5,-2.6,-0.4,15.5,5.0,4.0,0.3,0.8,66.0,37.8,0,2004
Ricky Davis,24.0,2TM,2474.0,16.1,0.533,4.4,0.1,1.3,14.4,3.3,4.5,0.3,1.2,79.0,31.3,0,2004
Shaquille O'Neal,31.0,LAL,2464.0,24.4,0.578,9.9,4.8,4.1,21.5,2.9,11.5,2.5,0.5,67.0,36.8,0,2004
Pau Gasol,23.0,MEM,2458.0,21.7,0.542,8.1,2.9,3.0,17.7,2.5,7.7,1.7,0.6,78.0,31.5,0,2004
James Posey,27.0,MEM,2451.0,18.8,0.614,10.0,3.7,3.5,13.7,1.5,4.9,0.5,1.7,82.0,29.9,0,2004
Jason Kidd,30.0,NJN,2450.0,19.7,0.485,7.2,4.7,4.2,15.5,9.2,6.4,0.2,1.8,67.0,36.6,0,2004
Kobe Bryant,25.0,LAL,2447.0,23.7,0.551,10.7,5.6,4.7,24.0,5.1,5.5,0.4,1.7,65.0,37.6,0,2004
DeShawn Stevenson,22.0,2TM,2444.0,11.6,0.473,1.5,-3.0,-0.6,11.4,2.0,3.7,0.2,0.7,80.0,30.6,0,2004
Al Harrington,23.0,IND,2441.0,14.9,0.514,5.9,-0.7,0.8,13.3,1.7,6.4,0.3,1.0,79.0,30.9,0,2004
Erick Dampier,28.0,GSW,2403.0,20.1,0.573,8.9,1.0,1.8,12.3,0.8,12.0,1.9,0.4,74.0,32.5,0,2004
Mark Blount,28.0,BOS,2402.0,16.0,0.601,6.5,-0.5,0.9,10.3,0.9,7.2,1.3,1.0,82.0,29.3,0,2004
Rasheed Wallace,29.0,3TM,2390.0,17.8,0.51,6.2,2.3,2.6,16.0,2.3,6.8,1.8,0.9,68.0,35.1,0,2004
Antawn Jamison,27.0,DAL,2376.0,21.2,0.581,9.0,1.7,2.2,14.8,0.9,6.3,0.4,1.0,82.0,29.0,0,2004
Jeff McInnis,29.0,2TM,2365.0,15.1,0.511,4.9,-0.5,0.9,11.8,6.1,2.5,0.1,1.0,70.0,33.8,0,2004
Rasho Nesterović,27.0,SAS,2353.0,15.3,0.473,7.2,1.1,1.9,8.7,1.4,7.7,2.0,0.6,82.0,28.7,0,2004
Keith Van Horn,28.0,2TM,2340.0,17.8,0.564,6.3,1.2,1.9,16.1,1.7,7.0,0.5,0.9,72.0,32.5,0,2004
Quentin Richardson,23.0,LAC,2338.0,15.1,0.484,2.4,-0.8,0.7,17.2,2.1,6.4,0.3,1.0,65.0,36.0,0,2004
Mike Dunleavy,23.0,GSW,2336.0,15.1,0.547,5.2,1.3,2.0,11.7,2.9,5.9,0.2,0.9,75.0,31.1,0,2004
Tyronn Lue,26.0,ORL,2332.0,12.6,0.518,2.1,-2.5,-0.3,10.5,4.2,2.5,0.1,0.8,76.0,30.7,0,2004
Vladimir Radmanović,23.0,SEA,2321.0,15.1,0.533,4.2,0.8,1.6,12.0,1.8,5.3,0.5,1.0,77.0,30.1,0,2004
Vlade Divac,35.0,SAC,2317.0,16.3,0.511,5.3,2.0,2.4,9.9,5.3,5.7,1.0,0.7,81.0,28.6,0,2004
Brian Grant,31.0,MIA,2303.0,12.1,0.502,4.9,-2.0,0.0,8.7,0.9,6.9,0.5,0.7,76.0,30.3,0,2004
Trenton Hassell,24.0,MIN,2264.0,8.2,0.498,4.0,-1.3,0.4,5.0,1.6,3.2,0.7,0.4,81.0,28.0,0,2004
Manu Ginóbili,26.0,SAS,2260.0,18.5,0.536,9.1,4.7,3.8,12.8,3.8,4.5,0.2,1.8,77.0,29.4,0,2004
Reggie Miller,38.0,IND,2254.0,16.1,0.6,8.9,3.5,3.1,10.0,3.1,2.4,0.1,0.8,80.0,28.2,0,2004
Joe Smith,28.0,MIL,2254.0,16.6,0.51,6.3,-0.4,0.9,10.9,1.0,8.5,1.2,0.6,76.0,29.7,0,2004
Kenyon Martin,26.0,NJN,2252.0,18.7,0.528,6.7,1.9,2.2,16.7,2.5,9.5,1.3,1.5,65.0,34.6,0,2004
Darrell Armstrong,35.0,NOH,2247.0,15.6,0.525,5.3,2.4,2.5,10.6,3.9,2.9,0.2,1.7,79.0,28.4,0,2004
Kwame Brown,21.0,WAS,2239.0,15.7,0.547,4.9,-0.6,0.8,10.9,1.5,7.4,0.7,0.9,74.0,30.3,0,2004
Voshon Lenard,30.0,DEN,2233.0,13.5,0.512,4.0,-1.4,0.3,14.2,2.1,2.7,0.2,0.8,73.0,30.6,0,2004
Jason Collins,25.0,NJN,2220.0,10.0,0.497,4.9,-1.5,0.3,5.9,2.0,5.1,0.7,0.9,78.0,28.5,0,2004
Samuel Dalembert,22.0,PHI,2197.0,16.1,0.566,6.9,0.3,1.3,8.0,0.3,7.6,2.3,0.5,82.0,26.8,0,2004
Mike James,28.0,2TM,2196.0,14.4,0.528,5.2,0.2,1.2,9.3,4.2,2.9,0.0,1.2,81.0,27.1,0,2004
Jiří Welsch,24.0,BOS,2179.0,12.6,0.531,3.6,-0.9,0.6,9.2,2.3,3.7,0.1,1.2,81.0,26.9,0,2004
Marcus Camby,29.0,DEN,2162.0,17.8,0.511,6.9,2.5,2.5,8.6,1.8,10.1,2.6,1.2,72.0,30.0,0,2004
Eddy Curry,21.0,CHI,2154.0,14.8,0.538,3.0,-2.8,-0.5,14.7,0.9,6.2,1.1,0.3,73.0,29.5,0,2004
Greg Ostertag,30.0,UTA,2153.0,14.3,0.506,5.0,0.5,1.4,6.8,1.6,7.4,1.8,0.4,78.0,27.6,0,2004
Ray Allen,28.0,SEA,2152.0,21.7,0.566,6.9,4.0,3.2,23.0,4.8,5.1,0.2,1.3,56.0,38.4,0,2004
Morris Peterson,26.0,TOR,2148.0,12.1,0.539,4.9,0.1,1.1,8.3,1.4,3.2,0.2,1.1,82.0,26.2,0,2004
Drew Gooden,22.0,ORL,2134.0,15.6,0.484,1.9,-2.5,-0.2,11.6,1.1,6.5,0.9,0.8,79.0,27.0,0,2004
Dwyane Wade,22.0,MIA,2126.0,17.6,0.53,4.6,1.4,1.9,16.2,4.5,4.0,0.6,1.4,61.0,34.9,0,2004
Jason Williams,28.0,MEM,2115.0,16.9,0.517,5.4,2.4,2.3,10.9,6.8,2.0,0.1,1.3,72.0,29.4,0,2004
Aaron McKie,31.0,PHI,2112.0,13.9,0.55,4.8,1.3,1.8,9.2,2.6,3.4,0.3,1.1,75.0,28.2,0,2004
Anfernee Hardaway,32.0,2TM,2095.0,11.8,0.472,2.0,-1.7,0.1,9.2,2.3,3.8,0.3,0.9,76.0,27.6,0,2004
Tim Thomas,26.0,2TM,2089.0,15.1,0.534,4.1,0.2,1.1,14.7,1.9,4.8,0.3,1.0,66.0,31.7,0,2004
Maurice Taylor,27.0,HOU,2081.0,13.6,0.512,3.7,-1.8,0.1,11.5,1.4,5.1,0.6,0.6,75.0,27.7,0,2004
Darius Miles,22.0,2TM,2079.0,16.1,0.514,3.6,0.4,1.3,10.9,2.1,4.5,0.8,0.8,79.0,26.3,0,2004
Hedo Türkoğlu,24.0,SAS,2073.0,14.1,0.516,6.7,2.5,2.3,9.2,1.9,4.5,0.4,1.0,80.0,25.9,0,2004
Calbert Cheaney,32.0,GSW,2067.0,10.6,0.493,2.3,-2.3,-0.1,7.6,1.7,3.3,0.2,0.8,79.0,26.2,0,2004
Gilbert Arenas,22.0,WAS,2066.0,16.0,0.512,2.6,0.1,1.1,19.6,5.0,4.6,0.2,1.9,55.0,37.6,0,2004
Larry Hughes,25.0,WAS,2061.0,17.6,0.496,3.8,0.9,1.5,18.8,2.4,5.3,0.4,1.6,61.0,33.8,0,2004
Jarvis Hayes,22.0,WAS,2044.0,9.4,0.456,0.5,-4.0,-1.1,9.6,1.5,3.8,0.2,1.0,70.0,29.2,0,2004
Gordan Giriček,26.0,2TM,2041.0,13.2,0.521,2.4,-1.6,0.2,11.3,1.7,3.1,0.2,0.8,73.0,28.0,0,2004
Allen Iverson,28.0,PHI,2040.0,19.3,0.478,2.8,2.1,2.1,26.4,6.8,3.7,0.1,2.4,48.0,42.5,0,2004
Caron Butler,23.0,MIA,2030.0,10.7,0.44,2.1,-2.9,-0.4,9.2,1.9,4.8,0.2,1.1,68.0,29.9,0,2004
Amar'e Stoudemire,21.0,PHO,2025.0,19.8,0.536,4.4,0.1,1.1,20.6,1.4,9.0,1.6,1.2,55.0,36.8,0,2004
Ronald Murray,24.0,SEA,2021.0,15.4,0.497,1.7,-1.2,0.4,12.4,2.5,2.5,0.3,1.0,82.0,24.6,0,2004
Raja Bell,27.0,UTA,2020.0,12.7,0.5,3.7,-2.0,0.0,11.2,1.3,2.9,0.2,0.8,82.0,24.6,0,2004
Damon Jones,27.0,MIL,2016.0,14.2,0.516,3.9,0.0,1.0,7.0,5.8,2.1,0.0,0.4,82.0,24.6,0,2004
Carlos Arroyo,24.0,UTA,2008.0,16.8,0.517,4.7,0.9,1.5,12.6,5.0,2.6,0.1,0.9,71.0,28.3,0,2004
David Wesley,33.0,NOH,2001.0,12.6,0.483,2.8,-1.5,0.2,14.0,2.9,2.2,0.2,1.2,61.0,32.8,0,2004
Shandon Anderson,30.0,NYK,1974.0,10.1,0.5,1.7,-2.4,-0.2,7.9,1.5,2.8,0.2,0.9,80.0,24.7,0,2004
Jeff Foster,27.0,IND,1961.0,16.2,0.578,8.3,1.3,1.6,6.1,0.8,7.4,0.3,0.9,82.0,23.9,0,2004
Devean George,26.0,LAL,1951.0,11.5,0.492,3.4,-0.4,0.8,7.4,1.4,4.0,0.5,1.0,82.0,23.8,0,2004
Shane Battier,25.0,MEM,1947.0,15.3,0.544,5.9,2.6,2.3,8.5,1.3,3.8,0.7,1.3,79.0,24.6,0,2004
Boris Diaw,21.0,ATL,1919.0,8.8,0.483,0.8,-2.3,-0.2,4.5,2.4,4.5,0.5,0.8,76.0,25.3,0,2004
Jared Jeffries,22.0,WAS,1913.0,8.7,0.426,0.6,-4.6,-1.2,5.7,1.1,5.2,0.3,0.6,82.0,23.3,0,2004
Etan Thomas,25.0,WAS,1901.0,16.4,0.538,4.5,-1.1,0.4,8.9,0.9,6.7,1.6,0.5,79.0,24.1,0,2004
Walter McCarty,29.0,BOS,1900.0,10.9,0.541,2.9,-0.4,0.7,7.9,1.6,3.1,0.3,0.9,77.0,24.7,0,2004
Eric Williams,31.0,2TM,1886.0,12.5,0.493,3.1,-2.0,0.0,10.0,1.7,4.0,0.1,1.0,71.0,26.6,0,2004
Bonzi Wells,27.0,2TM,1872.0,13.0,0.476,0.9,-3.0,-0.4,12.3,1.9,3.6,0.3,1.3,72.0,26.0,0,2004
Earl Boykins,27.0,DEN,1849.0,16.2,0.501,4.1,0.5,1.2,10.2,3.6,1.7,0.0,0.6,82.0,22.5,0,2004
Chris Kaman,21.0,LAC,1843.0,9.6,0.502,0.0,-4.2,-1.0,6.1,1.0,5.6,0.9,0.3,82.0,22.5,0,2004
Casey Jacobsen,22.0,PHO,1828.0,9.6,0.57,2.6,-1.8,0.1,6.0,1.3,2.6,0.1,0.6,78.0,23.4,0,2004
Derek Anderson,29.0,POR,1810.0,15.1,0.499,3.6,0.3,1.0,13.6,4.5,3.6,0.1,1.3,51.0,35.5,0,2004
Fred Hoiberg,31.0,MIN,1804.0,13.6,0.611,6.1,2.0,1.8,6.7,1.4,3.4,0.1,0.8,79.0,22.8,0,2004
Brent Barry,32.0,SEA,1803.0,18.3,0.668,5.7,3.2,2.4,10.8,5.8,3.5,0.3,1.4,59.0,30.6,0,2004
Allan Houston,32.0,NYK,1799.0,14.8,0.539,3.1,-0.5,0.7,18.5,2.0,2.4,0.0,0.8,50.0,36.0,0,2004
Udonis Haslem,23.0,MIA,1795.0,13.7,0.521,4.8,-2.0,0.0,7.3,0.7,6.3,0.3,0.4,75.0,23.9,0,2004
Keith Bogans,23.0,ORL,1787.0,11.0,0.499,1.3,-2.4,-0.2,6.8,1.3,4.3,0.1,0.6,73.0,24.5,0,2004
Mike Miller,23.0,MEM,1770.0,14.9,0.532,3.9,0.6,1.1,11.1,3.6,3.3,0.2,0.9,65.0,27.2,0,2004
Derek Fisher,29.0,LAL,1769.0,11.5,0.451,2.4,-0.8,0.5,7.1,2.3,1.9,0.0,1.3,82.0,21.6,0,2004
Marko Jarić,25.0,LAC,1760.0,12.6,0.475,1.5,-0.7,0.6,8.5,4.8,3.0,0.3,1.6,58.0,30.3,0,2004
Kelvin Cato,29.0,HOU,1743.0,13.2,0.495,4.6,0.4,1.1,6.1,1.0,6.8,1.4,0.8,69.0,25.3,0,2004
Jarron Collins,25.0,UTA,1732.0,11.1,0.587,4.2,-2.0,0.0,6.0,1.0,3.9,0.2,0.3,81.0,21.4,0,2004
Alvin Williams,29.0,TOR,1730.0,11.4,0.463,2.1,-1.9,0.0,8.8,4.0,2.7,0.2,1.0,56.0,30.9,0,2004
George Lynch,33.0,NOH,1701.0,9.7,0.472,2.5,-1.5,0.2,4.8,1.5,4.0,0.2,0.6,78.0,21.8,0,2004
Dale Davis,34.0,POR,1682.0,12.9,0.505,3.9,-0.3,0.7,4.4,0.9,5.2,0.8,0.6,76.0,22.1,0,2004
Lorenzen Wright,28.0,MEM,1674.0,14.0,0.474,3.2,-2.1,0.0,9.4,1.1,6.8,0.9,0.7,65.0,25.8,0,2004
Earl Watson,24.0,MEM,1669.0,12.8,0.438,1.8,-1.0,0.4,5.7,5.0,2.2,0.2,1.1,81.0,20.6,0,2004
Bob Sura,30.0,2TM,1663.0,16.2,0.51,4.6,1.1,1.3,7.5,2.9,4.1,0.2,0.8,80.0,20.8,0,2004
Ruben Patterson,28.0,POR,1651.0,14.6,0.53,3.0,0.4,1.0,6.9,1.9,3.7,0.3,1.2,73.0,22.6,0,2004
Dion Glover,25.0,2TM,1643.0,12.2,0.471,1.1,-2.1,0.0,9.0,1.9,3.9,0.3,0.7,69.0,23.8,0,2004
Jerome Williams,30.0,2TM,1637.0,14.7,0.522,4.3,0.4,1.0,6.2,1.1,7.0,0.1,1.3,68.0,24.1,0,2004
Brian Cardinal,26.0,GSW,1634.0,19.4,0.626,7.2,3.2,2.2,9.6,1.4,4.2,0.3,0.9,76.0,21.5,0,2004
Raül López,23.0,UTA,1617.0,12.0,0.503,1.4,-2.8,-0.3,7.0,3.7,1.9,0.0,0.8,82.0,19.7,0,2004
Nazr Mohammed,26.0,2TM,1611.0,16.1,0.542,3.7,-1.4,0.3,7.4,0.5,5.9,0.7,0.7,80.0,20.1,0,2004
Bo Outlaw,32.0,MEM,1606.0,13.1,0.522,3.6,0.9,1.2,4.6,1.1,4.2,0.9,0.9,82.0,19.6,0,2004
Jake Voskuhl,26.0,PHO,1606.0,11.2,0.577,3.3,-2.9,-0.4,6.6,0.9,5.2,0.4,0.6,66.0,24.3,0,2004
John Salmons,24.0,PHI,1603.0,10.6,0.485,2.1,-0.8,0.5,5.8,1.7,2.5,0.2,0.8,77.0,20.8,0,2004
Anthony Johnson,29.0,IND,1598.0,11.6,0.497,3.6,-0.4,0.6,6.2,2.8,1.8,0.1,0.9,73.0,21.9,0,2004
Speedy Claxton,25.0,GSW,1595.0,17.3,0.509,4.2,1.1,1.2,10.6,4.5,2.6,0.2,1.6,60.0,26.6,0,2004
Josh Howard,23.0,DAL,1589.0,15.7,0.485,3.5,-0.1,0.8,8.6,1.4,5.5,0.8,1.0,67.0,23.7,0,2004
Mehmet Okur,24.0,DET,1580.0,18.3,0.538,5.9,1.5,1.4,9.6,1.0,5.9,0.9,0.5,71.0,22.3,0,2004
Brian Skinner,27.0,MIL,1577.0,14.4,0.513,2.7,-1.8,0.1,10.5,0.9,7.3,1.1,0.5,56.0,28.2,0,2004
Corliss Williamson,30.0,DET,1574.0,14.4,0.546,4.1,-1.5,0.2,9.5,0.7,3.2,0.3,0.4,79.0,19.9,0,2004
LeBron James,20.0,CLE,3388.0,25.7,0.554,14.3,8.6,9.1,27.2,7.2,7.4,0.7,2.2,80.0,42.4,0,2005
Stephon Marbury,27.0,NYK,3281.0,21.9,0.575,11.7,4.2,5.1,21.7,8.1,3.0,0.1,1.5,82.0,40.0,0,2005
Gilbert Arenas,23.0,WAS,3274.0,21.3,0.565,11.5,4.2,5.2,25.5,5.1,4.7,0.3,1.7,80.0,40.9,0,2005
Joe Johnson,23.0,PHO,3240.0,15.1,0.556,7.6,0.9,2.4,17.1,3.5,5.1,0.3,1.0,82.0,39.5,0,2005
Tracy McGrady,25.0,HOU,3182.0,22.9,0.526,12.0,6.7,6.9,25.7,5.7,6.2,0.7,1.7,78.0,40.8,0,2005
Allen Iverson,29.0,PHI,3174.0,23.2,0.532,9.0,4.2,5.0,30.7,7.9,4.0,0.1,2.4,75.0,42.3,0,2005
Shawn Marion,26.0,PHO,3146.0,21.7,0.556,12.5,4.4,5.1,19.4,1.9,11.3,1.5,2.0,81.0,38.8,0,2005
Kevin Garnett,28.0,MIN,3121.0,28.2,0.567,16.1,9.5,9.1,22.2,5.7,13.5,1.4,1.5,82.0,38.1,0,2005
Mike Bibby,26.0,SAC,3084.0,19.2,0.543,8.5,2.6,3.6,19.6,6.8,4.2,0.4,1.6,80.0,38.6,0,2005
Ray Allen,29.0,SEA,3064.0,20.9,0.555,10.7,4.1,4.8,23.9,3.7,4.4,0.1,1.1,78.0,39.3,0,2005
Tayshaun Prince,24.0,DET,3039.0,16.2,0.556,9.4,2.1,3.1,14.7,3.0,5.3,0.9,0.7,82.0,37.1,0,2005
Dirk Nowitzki,26.0,DAL,3020.0,26.1,0.578,15.6,7.3,7.1,26.1,3.1,9.7,1.5,1.2,78.0,38.7,0,2005
Chris Bosh,20.0,TOR,3017.0,17.5,0.547,6.8,-0.2,1.4,16.8,1.9,8.9,1.4,0.9,81.0,37.2,0,2005
Elton Brand,25.0,LAC,3001.0,22.4,0.554,10.6,3.6,4.2,20.0,2.6,9.5,2.1,0.8,81.0,37.0,0,2005
Steve Francis,27.0,ORL,2978.0,18.9,0.521,6.2,1.2,2.4,21.3,7.0,5.8,0.4,1.4,78.0,38.2,0,2005
Dwyane Wade,23.0,MIA,2974.0,23.1,0.561,11.0,4.6,4.9,24.1,6.8,5.2,1.1,1.6,77.0,38.6,0,2005
Paul Pierce,27.0,BOS,2960.0,21.8,0.583,11.2,4.6,4.9,21.6,4.2,6.6,0.5,1.6,82.0,36.1,0,2005
Antoine Walker,28.0,2TM,2955.0,15.5,0.478,0.9,-0.4,1.2,19.1,3.4,9.0,0.8,1.2,77.0,38.4,0,2005
Richard Hamilton,26.0,DET,2926.0,16.0,0.528,7.4,0.3,1.7,18.7,4.9,3.9,0.2,1.0,76.0,38.5,0,2005
Chucky Atkins,30.0,LAL,2903.0,13.4,0.558,4.5,-1.1,0.6,13.6,4.4,2.4,0.0,0.9,82.0,35.4,0,2005
Desmond Mason,27.0,MIL,2893.0,14.8,0.526,4.3,-1.6,0.3,17.2,2.7,3.9,0.3,0.7,80.0,36.2,0,2005
Amar'e Stoudemire,22.0,PHO,2889.0,26.6,0.617,14.6,4.4,4.7,26.0,1.6,8.9,1.6,1.0,80.0,36.1,0,2005
Chauncey Billups,28.0,DET,2866.0,19.0,0.609,12.1,4.2,4.5,16.5,5.8,3.4,0.1,1.0,80.0,35.8,0,2005
Kurt Thomas,32.0,NYK,2855.0,14.1,0.488,5.2,-0.8,0.9,11.5,2.0,10.4,1.0,0.9,80.0,35.7,0,2005
Andre Miller,28.0,DEN,2852.0,16.5,0.541,7.0,0.8,2.0,13.6,6.9,4.1,0.1,1.5,82.0,34.8,0,2005
Michael Redd,25.0,MIL,2848.0,18.3,0.536,6.2,1.0,2.2,23.0,2.3,4.2,0.1,0.8,75.0,38.0,0,2005
Eddie Jones,33.0,MIA,2839.0,13.6,0.556,8.0,1.2,2.3,12.7,2.7,5.1,0.5,1.1,80.0,35.5,0,2005
Quentin Richardson,24.0,PHO,2839.0,13.6,0.522,5.8,0.5,1.8,14.9,2.0,6.1,0.3,1.2,79.0,35.9,0,2005
Vince Carter,28.0,2TM,2828.0,22.9,0.541,9.4,6.0,5.7,24.5,4.2,5.2,0.6,1.4,77.0,36.7,0,2005
P.J. Brown,35.0,NOH,2817.0,15.5,0.512,6.9,0.2,1.5,10.8,2.2,9.0,0.6,0.9,82.0,34.4,0,2005
Kirk Hinrich,24.0,CHI,2800.0,15.3,0.495,7.2,2.5,3.2,15.7,6.4,3.9,0.3,1.6,77.0,36.4,0,2005
Bobby Simmons,24.0,LAC,2799.0,16.1,0.54,6.8,0.7,1.9,16.4,2.7,5.9,0.2,1.4,75.0,37.3,0,2005
David Wesley,34.0,2TM,2774.0,11.8,0.513,5.2,-0.5,1.1,11.9,3.3,2.9,0.1,1.2,80.0,34.7,0,2005
Damon Stoudamire,31.0,POR,2762.0,16.6,0.51,5.7,1.0,2.1,15.8,5.7,3.8,0.0,1.1,81.0,34.1,0,2005
Caron Butler,24.0,LAL,2746.0,15.8,0.528,5.3,-0.7,0.9,15.5,1.9,5.8,0.3,1.4,77.0,35.7,0,2005
Tony Parker,22.0,SAS,2735.0,18.0,0.528,8.1,2.0,2.8,16.6,6.1,3.7,0.1,1.2,80.0,34.2,0,2005
Jason Richardson,24.0,GSW,2724.0,19.0,0.518,5.7,2.5,3.0,21.7,3.9,5.9,0.4,1.5,72.0,37.8,0,2005
Rafer Alston,28.0,TOR,2717.0,16.5,0.522,5.5,0.9,2.0,14.2,6.4,3.5,0.1,1.5,80.0,34.0,0,2005
Jalen Rose,32.0,TOR,2710.0,16.6,0.562,4.8,-0.5,1.0,18.5,2.6,3.4,0.1,0.8,81.0,33.5,0,2005
Rashard Lewis,25.0,SEA,2697.0,19.4,0.571,8.4,3.7,3.9,20.5,1.3,5.5,0.9,1.1,71.0,38.0,0,2005
Ricky Davis,25.0,BOS,2696.0,15.0,0.547,4.2,-0.8,0.8,16.0,3.0,3.0,0.3,1.1,82.0,32.9,0,2005
Kobe Bryant,26.0,LAL,2689.0,23.3,0.563,8.1,5.0,4.7,27.6,6.0,5.9,0.8,1.3,66.0,40.7,0,2005
Jamal Crawford,24.0,NYK,2688.0,15.2,0.521,4.2,1.0,2.1,17.7,4.3,2.9,0.3,1.3,70.0,38.4,0,2005
Rasheed Wallace,30.0,DET,2687.0,16.4,0.499,7.1,1.5,2.3,14.5,1.8,8.2,1.5,0.8,79.0,34.0,0,2005
Andre Iguodala,21.0,PHI,2686.0,13.5,0.58,6.6,1.4,2.3,9.0,3.0,5.7,0.6,1.7,82.0,32.8,0,2005
Udonis Haslem,24.0,MIA,2675.0,15.5,0.588,9.2,0.4,1.6,10.9,1.4,9.1,0.5,0.8,80.0,33.4,0,2005
Ben Wallace,30.0,DET,2671.0,17.4,0.459,8.5,2.8,3.2,9.7,1.7,12.2,2.4,1.4,74.0,36.1,0,2005
Dwight Howard,19.0,ORL,2670.0,17.2,0.571,7.3,0.0,1.4,12.0,0.9,10.0,1.7,0.9,82.0,32.6,0,2005
Kyle Korver,23.0,PHI,2667.0,12.8,0.588,6.6,1.4,2.3,11.5,2.2,4.6,0.4,1.3,82.0,32.5,0,2005
Jeff McInnis,30.0,CLE,2651.0,12.4,0.495,4.1,-1.8,0.2,12.8,5.1,2.1,0.0,0.7,76.0,34.9,0,2005
Bruce Bowen,33.0,SAS,2627.0,9.5,0.521,6.1,-0.1,1.2,8.2,1.5,3.5,0.5,0.7,82.0,32.0,0,2005
Zydrunas Ilgauskas,29.0,CLE,2615.0,19.5,0.55,8.1,-0.2,1.2,16.9,1.3,8.6,2.1,0.7,78.0,33.5,0,2005
Carmelo Anthony,20.0,DEN,2608.0,16.7,0.526,4.9,-1.2,0.5,20.8,2.6,5.7,0.4,0.9,75.0,34.8,0,2005
Antawn Jamison,28.0,WAS,2605.0,16.9,0.506,5.4,-0.5,1.0,19.6,2.3,7.6,0.2,0.8,68.0,38.3,0,2005
Emeka Okafor,22.0,CHA,2600.0,16.3,0.479,4.0,-2.0,0.0,15.1,0.9,10.9,1.7,0.8,73.0,35.6,0,2005
Matt Harpring,28.0,UTA,2584.0,15.5,0.549,5.5,-0.3,1.1,14.0,1.8,6.2,0.2,0.9,78.0,33.1,0,2005
Damon Jones,28.0,MIA,2576.0,15.5,0.625,8.7,3.0,3.2,11.6,4.3,2.8,0.1,0.5,82.0,31.4,0,2005
Steve Nash,30.0,PHO,2573.0,22.0,0.606,10.9,4.7,4.4,15.5,11.5,3.3,0.1,1.0,75.0,34.3,1,2005
Luke Ridnour,23.0,SEA,2571.0,14.6,0.504,5.4,0.7,1.8,10.0,5.9,2.5,0.3,1.1,82.0,31.4,0,2005
Mike Dunleavy,24.0,GSW,2570.0,14.5,0.539,4.9,0.1,1.4,13.4,2.6,5.5,0.3,1.0,79.0,32.5,0,2005
Wally Szczerbiak,27.0,MIN,2558.0,17.1,0.595,7.3,0.7,1.8,15.5,2.4,3.7,0.2,0.5,81.0,31.6,0,2005
Al Harrington,24.0,ATL,2550.0,14.4,0.508,1.6,-2.2,-0.1,17.5,3.2,7.0,0.2,1.3,66.0,38.6,0,2005
Jason Collins,26.0,NJN,2542.0,8.6,0.471,3.9,-2.9,-0.6,6.4,1.3,6.1,0.9,0.9,80.0,31.8,0,2005
Gary Payton,36.0,BOS,2541.0,15.1,0.537,5.4,0.4,1.5,11.3,6.1,3.1,0.2,1.1,77.0,33.0,0,2005
Peja Stojaković,27.0,SAC,2534.0,17.3,0.584,7.3,1.2,2.1,20.1,2.1,4.3,0.2,1.2,66.0,38.4,0,2005
Drew Gooden,23.0,CLE,2523.0,19.7,0.548,8.5,1.6,2.3,14.4,1.6,9.2,0.9,0.9,82.0,30.8,0,2005
Shane Battier,26.0,MEM,2516.0,14.8,0.555,7.8,2.4,2.8,9.9,1.6,5.2,1.0,1.1,80.0,31.5,0,2005
Morris Peterson,27.0,TOR,2510.0,14.4,0.543,5.1,0.2,1.4,12.5,2.1,4.1,0.2,1.1,82.0,30.6,0,2005
Shaquille O'Neal,32.0,MIA,2492.0,27.0,0.583,11.0,5.3,4.6,22.9,2.7,10.4,2.3,0.5,73.0,34.1,0,2005
Latrell Sprewell,34.0,MIN,2450.0,12.1,0.489,1.9,-2.4,-0.3,12.8,2.2,3.2,0.3,0.7,80.0,30.6,0,2005
Yao Ming,24.0,HOU,2447.0,23.2,0.614,10.7,2.4,2.8,18.3,0.8,8.4,2.0,0.4,80.0,30.6,0,2005
Josh Howard,24.0,DAL,2446.0,15.8,0.535,6.4,1.2,2.0,12.6,1.4,6.4,0.6,1.5,76.0,32.2,0,2005
Corey Maggette,25.0,LAC,2436.0,19.9,0.574,8.1,2.4,2.7,22.2,3.4,6.0,0.1,1.1,66.0,36.9,0,2005
Jason Kidd,31.0,NJN,2435.0,19.5,0.506,7.2,4.6,4.1,14.4,8.3,7.4,0.1,1.9,66.0,36.9,0,2005
Jason Terry,27.0,DAL,2401.0,18.4,0.606,8.5,3.3,3.2,12.4,5.4,2.4,0.2,1.4,80.0,30.0,0,2005
Cuttino Mobley,29.0,2TM,2388.0,15.0,0.555,4.4,-0.1,1.1,17.2,2.8,3.5,0.5,1.1,66.0,36.2,0,2005
Josh Childress,21.0,ATL,2376.0,15.2,0.543,4.6,-0.6,0.8,10.1,1.9,6.0,0.4,0.9,80.0,29.7,0,2005
Troy Murphy,24.0,GSW,2375.0,16.8,0.495,5.3,-1.2,0.5,15.4,1.4,10.8,0.5,0.8,70.0,33.9,0,2005
Chris Webber,31.0,2TM,2370.0,18.6,0.472,3.4,0.7,1.6,19.5,4.7,9.1,0.8,1.4,67.0,35.4,0,2005
Michael Finley,31.0,DAL,2358.0,14.3,0.519,5.5,0.2,1.3,15.7,2.6,4.1,0.3,0.8,64.0,36.8,0,2005
Larry Hughes,26.0,WAS,2358.0,21.6,0.523,7.7,4.3,3.7,22.0,4.7,6.3,0.3,2.9,61.0,38.7,0,2005
Grant Hill,32.0,ORL,2338.0,20.0,0.565,6.6,2.5,2.7,19.7,3.3,4.7,0.4,1.4,67.0,34.9,0,2005
Lamar Odom,25.0,LAL,2320.0,17.3,0.539,4.7,1.4,2.0,15.2,3.7,10.2,1.0,0.7,64.0,36.3,0,2005
Mehmet Okur,25.0,UTA,2304.0,18.9,0.569,7.0,2.0,2.3,12.9,2.0,7.5,0.8,0.4,82.0,28.1,0,2005
Lorenzen Wright,29.0,MEM,2287.0,13.9,0.501,5.2,-1.2,0.5,9.6,1.1,7.7,0.9,0.7,80.0,28.6,0,2005
Mike Miller,24.0,MEM,2278.0,16.7,0.614,7.0,2.9,2.8,13.4,2.9,3.9,0.3,0.7,76.0,30.0,0,2005
Primož Brezec,25.0,CHA,2276.0,16.1,0.55,4.9,-1.0,0.6,13.0,1.2,7.4,0.8,0.5,72.0,31.6,0,2005
Kenyon Martin,27.0,DEN,2272.0,17.5,0.521,5.3,1.1,1.8,15.5,2.4,7.3,1.1,1.4,70.0,32.5,0,2005
Fred Jones,25.0,IND,2268.0,13.3,0.551,4.8,0.3,1.3,10.6,2.5,3.1,0.4,0.8,77.0,29.5,0,2005
Joe Smith,29.0,MIL,2265.0,15.0,0.564,5.5,-0.9,0.6,11.0,0.9,7.3,0.5,0.6,74.0,30.6,0,2005
Mo Williams,22.0,MIL,2254.0,14.1,0.504,2.2,-1.5,0.2,10.2,6.1,3.1,0.1,0.9,80.0,28.2,0,2005
Derek Fisher,30.0,GSW,2222.0,13.4,0.519,3.7,-1.1,0.5,11.9,4.1,2.9,0.1,1.0,74.0,30.0,0,2005
Tim Duncan,28.0,SAS,2203.0,27.0,0.54,11.2,7.6,5.4,20.3,2.7,11.1,2.6,0.7,66.0,33.4,0,2005
Raef LaFrentz,28.0,BOS,2196.0,17.3,0.587,7.5,1.8,2.1,11.1,1.2,6.9,1.2,0.5,80.0,27.5,0,2005
Manu Ginóbili,27.0,SAS,2193.0,22.3,0.609,11.0,6.9,4.9,16.0,3.9,4.4,0.4,1.6,74.0,29.6,0,2005
Tyson Chandler,22.0,CHI,2189.0,16.4,0.565,8.3,1.9,2.1,8.0,0.8,9.7,1.8,0.9,80.0,27.4,0,2005
Chris Duhon,22.0,CHI,2177.0,9.8,0.471,4.1,-0.7,0.7,5.9,4.9,2.6,0.0,1.0,82.0,26.5,0,2005
Kenny Thomas,27.0,2TM,2167.0,15.2,0.515,4.3,-1.5,0.3,12.4,2.1,7.3,0.2,0.9,73.0,29.7,0,2005
Earl Boykins,28.0,DEN,2162.0,17.1,0.53,6.0,1.2,1.7,12.4,4.5,1.7,0.1,1.0,82.0,26.4,0,2005
Gerald Wallace,22.0,CHA,2147.0,14.1,0.51,2.4,0.2,1.2,11.1,2.0,5.5,1.3,1.7,70.0,30.7,0,2005
Mark Blount,29.0,BOS,2130.0,12.5,0.559,2.8,-2.1,0.0,9.4,1.6,4.8,0.8,0.4,82.0,26.0,0,2005
Reggie Miller,39.0,IND,2105.0,16.6,0.582,6.6,1.8,2.0,14.8,2.2,2.4,0.1,0.8,66.0,31.9,0,2005
Dan Dickau,26.0,2TM,2090.0,14.9,0.518,3.5,0.0,1.1,12.5,4.9,2.5,0.1,1.1,71.0,29.4,0,2005
Brad Miller,28.0,SAC,2089.0,20.7,0.596,8.6,4.0,3.1,15.6,3.9,9.3,1.2,1.2,56.0,37.3,0,2005
Trenton Hassell,25.0,MIN,2068.0,9.3,0.515,2.7,-2.8,-0.4,6.6,1.6,2.7,0.4,0.4,82.0,25.2,0,2005
Josh Smith,19.0,ATL,2050.0,15.4,0.506,2.4,-0.5,0.8,9.7,1.7,6.2,1.9,0.8,74.0,27.7,0,2005
Antonio Daniels,29.0,SEA,2026.0,18.0,0.557,6.8,2.2,2.2,11.2,4.1,2.3,0.0,0.7,75.0,27.0,0,2005
Lee Nailon,29.0,NOH,2017.0,14.5,0.511,2.2,-1.3,0.4,14.2,1.6,4.4,0.2,0.5,68.0,29.7,0,2005
Marcus Camby,30.0,DEN,2015.0,18.0,0.505,5.8,3.1,2.6,10.3,2.3,10.0,3.0,0.9,66.0,30.5,0,2005
Jared Jeffries,23.0,WAS,2007.0,11.2,0.513,2.6,-1.6,0.2,6.8,2.0,4.9,0.5,0.9,77.0,26.1,0,2005
Tyronn Lue,27.0,2TM,2007.0,14.1,0.542,3.7,-2.0,0.0,11.2,4.6,2.1,0.0,0.5,70.0,28.7,0,2005
Ben Gordon,21.0,CHI,2002.0,14.9,0.526,3.5,0.7,1.4,15.1,2.0,2.6,0.1,0.6,82.0,24.4,0,2005
Jim Jackson,34.0,2TM,1987.0,10.9,0.553,3.2,-0.5,0.8,10.5,2.9,4.2,0.1,0.5,64.0,31.0,0,2005
Marc Jackson,30.0,PHI,1976.0,15.9,0.548,4.6,-1.8,0.1,12.0,1.0,5.0,0.2,0.4,81.0,24.4,0,2005
Nenad Krstić,21.0,NJN,1965.0,13.4,0.547,4.4,-3.2,-0.6,10.0,1.0,5.3,0.8,0.4,75.0,26.2,0,2005
Ruben Patterson,29.0,POR,1957.0,15.8,0.558,3.4,-0.3,0.9,11.6,2.0,3.9,0.3,1.5,70.0,28.0,0,2005
Jason Williams,29.0,MEM,1952.0,15.4,0.522,4.3,1.4,1.7,10.1,5.6,1.7,0.1,1.1,71.0,27.5,0,2005
Rick Brunson,32.0,LAC,1945.0,11.6,0.46,1.9,-0.8,0.6,5.5,5.1,2.3,0.1,1.0,80.0,24.3,0,2005
Brevin Knight,29.0,CHA,1944.0,18.0,0.495,4.5,1.8,1.8,10.1,9.0,2.6,0.1,2.0,66.0,29.5,0,2005
Tim Thomas,27.0,NYK,1940.0,12.3,0.536,2.2,-2.0,0.0,12.0,1.5,3.3,0.2,0.6,71.0,27.3,0,2005
Nazr Mohammed,27.0,2TM,1933.0,16.4,0.521,4.6,-1.8,0.1,9.5,0.4,7.6,1.1,0.8,77.0,25.1,0,2005
Bob Sura,31.0,HOU,1922.0,14.4,0.533,4.8,1.5,1.7,10.3,5.2,5.5,0.1,1.1,61.0,31.5,0,2005
Tony Battie,28.0,ORL,1894.0,8.6,0.498,2.0,-3.3,-0.6,4.9,0.5,5.6,1.0,0.4,81.0,23.4,0,2005
Andrés Nocioni,25.0,CHI,1892.0,10.1,0.484,2.5,-2.0,0.0,8.4,1.5,4.8,0.4,0.5,81.0,23.4,0,2005
Jason Hart,26.0,CHA,1887.0,16.9,0.534,4.8,1.2,1.5,9.5,5.0,2.7,0.2,1.3,74.0,25.5,0,2005
Reggie Evans,24.0,SEA,1881.0,13.0,0.512,3.8,-1.1,0.4,4.9,0.7,9.3,0.2,0.7,79.0,23.8,0,2005
Chris Mihm,25.0,LAL,1870.0,15.7,0.552,3.6,-2.4,-0.2,9.8,0.7,6.7,1.4,0.2,75.0,24.9,0,2005
Shareef Abdur-Rahim,28.0,POR,1867.0,18.7,0.581,5.4,0.9,1.4,16.8,2.1,7.3,0.5,0.9,54.0,34.6,0,2005
Speedy Claxton,26.0,2TM,1866.0,15.8,0.493,3.7,0.2,1.0,11.5,6.0,3.0,0.1,1.8,62.0,30.1,0,2005
Brendan Haywood,25.0,WAS,1865.0,16.5,0.588,5.2,-0.1,0.9,9.4,0.8,6.8,1.7,0.8,68.0,27.4,0,2005
J.R. Smith,19.0,NOH,1859.0,10.9,0.478,0.2,-2.9,-0.4,10.3,1.9,2.0,0.1,0.7,76.0,24.5,0,2005
Mike James,29.0,2TM,1859.0,16.6,0.534,4.3,1.7,1.8,11.8,3.6,2.8,0.1,0.9,74.0,25.1,0,2005
Joel Przybilla,25.0,POR,1858.0,15.5,0.596,4.7,-0.2,0.8,6.4,1.0,7.7,2.1,0.3,76.0,24.4,0,2005
Vladimir Radmanović,24.0,SEA,1856.0,13.7,0.533,3.7,1.3,1.5,11.8,1.4,4.6,0.5,0.9,63.0,29.5,0,2005
Eric Snow,31.0,CLE,1844.0,9.0,0.445,1.9,-2.7,-0.3,4.0,3.9,1.9,0.2,0.8,81.0,22.8,0,2005
Antonio Davis,36.0,CHI,1843.0,11.1,0.516,3.9,-1.0,0.5,7.0,1.1,5.9,0.6,0.4,72.0,25.6,0,2005
Ira Newble,30.0,CLE,1832.0,8.6,0.482,1.9,-2.9,-0.4,5.9,1.2,3.0,0.2,0.7,74.0,24.8,0,2005
Jumaine Jones,25.0,LAL,1830.0,13.1,0.556,3.7,-0.4,0.8,7.6,0.9,5.2,0.3,0.6,76.0,24.1,0,2005
Austin Croshere,29.0,IND,1827.0,13.5,0.531,4.1,-0.7,0.6,8.9,1.3,5.1,0.2,0.7,73.0,25.0,0,2005
Earl Watson,25.0,MEM,1808.0,13.1,0.5,2.3,-0.7,0.6,7.7,4.5,2.1,0.2,1.0,80.0,22.6,0,2005
Eddy Curry,22.0,CHI,1808.0,16.3,0.583,4.3,-0.6,0.7,16.1,0.6,5.4,0.9,0.3,63.0,28.7,0,2005
Stephen Jackson,26.0,IND,1806.0,15.9,0.518,3.1,0.3,1.1,18.7,2.3,4.9,0.3,1.3,51.0,35.4,0,2005
Casey Jacobsen,23.0,2TM,1798.0,10.3,0.555,2.7,-1.6,0.2,6.5,1.3,2.0,0.1,0.4,84.0,21.4,0,2005
Antonio McDyess,30.0,DET,1797.0,17.2,0.542,5.7,0.0,0.9,9.6,0.9,6.3,0.7,0.6,77.0,23.3,0,2005
Keith Bogans,24.0,CHA,1791.0,10.4,0.465,0.1,-3.9,-0.9,9.6,1.8,3.1,0.1,0.9,74.0,24.2,0,2005
Raja Bell,28.0,UTA,1790.0,12.2,0.527,2.2,-2.2,-0.1,12.3,1.4,3.2,0.1,0.7,63.0,28.4,0,2005
Pau Gasol,24.0,MEM,1790.0,22.5,0.582,6.8,4.0,2.7,17.8,2.4,7.3,1.7,0.7,56.0,32.0,0,2005
Samuel Dalembert,23.0,PHI,1785.0,14.4,0.543,3.9,-2.2,-0.1,8.2,0.5,7.5,1.7,0.6,72.0,24.8,0,2005
Rasho Nesterović,28.0,SAS,1785.0,12.0,0.463,4.2,-0.7,0.6,5.9,1.0,6.6,1.7,0.4,70.0,25.5,0,2005
Dan Gadzuric,26.0,MIL,1783.0,18.1,0.551,5.2,0.1,1.0,7.3,0.4,8.3,1.3,0.6,81.0,22.0,0,2005
Carlos Boozer,23.0,UTA,1772.0,19.2,0.56,4.1,1.4,1.5,17.8,2.8,9.0,0.5,0.8,51.0,34.7,0,2005
Hedo Türkoğlu,25.0,ORL,1757.0,16.0,0.532,3.4,0.7,1.2,14.0,2.3,3.5,0.3,0.6,67.0,26.2,0,2005
Anthony Johnson,30.0,IND,1747.0,14.3,0.526,4.0,0.7,1.2,8.4,4.8,2.8,0.2,0.9,63.0,27.7,0,2005
Brent Barry,33.0,SAS,1742.0,14.0,0.58,6.1,2.4,1.9,7.4,2.2,2.3,0.2,0.5,81.0,21.5,0,2005
Theo Ratliff,31.0,POR,1731.0,10.1,0.5,2.3,-1.8,0.1,4.8,0.5,5.3,2.5,0.4,63.0,27.5,0,2005
Troy Hudson,28.0,MIN,1729.0,12.1,0.491,1.3,-2.4,-0.2,8.7,3.6,1.3,0.1,0.3,79.0,21.9,0,2005
Adonal Foyle,29.0,GSW,1700.0,12.7,0.514,3.4,-1.2,0.3,4.5,0.7,5.5,2.0,0.3,78.0,21.8,0,2005
Darius Miles,23.0,POR,1699.0,15.5,0.511,1.3,-0.6,0.6,12.8,2.0,4.7,1.2,1.2,63.0,27.0,0,2005
Clifford Robinson,38.0,2TM,1689.0,10.3,0.471,1.7,-1.3,0.3,7.5,1.5,2.9,0.7,0.9,71.0,23.8,0,2005
Darius Songaila,26.0,SAC,1668.0,14.9,0.566,4.3,-0.9,0.5,7.5,1.4,4.2,0.2,0.6,81.0,20.6,0,2005
Luol Deng,19.0,CHI,1663.0,14.2,0.496,3.0,1.2,1.3,11.7,2.2,5.3,0.4,0.8,61.0,27.3,0,2005
Gordan Giriček,27.0,UTA,1660.0,12.9,0.516,1.8,-1.7,0.1,8.8,1.7,2.2,0.1,0.6,81.0,20.5,0,2005
Quinton Ross,23.0,LAC,1659.0,8.9,0.471,1.7,-2.6,-0.3,5.1,1.4,2.7,0.3,0.7,78.0,21.3,0,2005
Marko Jarić,26.0,LAC,1656.0,13.9,0.5,2.8,1.0,1.3,9.9,6.1,3.2,0.3,1.7,50.0,33.1,0,2005
Melvin Ely,26.0,CHA,1649.0,10.5,0.465,0.1,-4.4,-1.0,7.3,1.0,4.1,0.9,0.4,79.0,20.9,0,2005
Donyell Marshall,31.0,TOR,1645.0,19.9,0.591,6.0,4.9,2.9,11.5,1.2,6.6,0.7,0.9,65.0,25.3,0,2005
Chris Kaman,22.0,LAC,1632.0,13.1,0.522,2.1,-2.5,-0.2,9.1,1.2,6.7,1.1,0.4,63.0,25.9,0,2005
Juwan Howard,31.0,HOU,1624.0,13.0,0.494,3.2,-2.1,0.0,9.6,1.5,5.7,0.1,0.5,61.0,26.6,0,2005
Nick Van Exel,33.0,POR,1619.0,12.5,0.494,1.6,-1.0,0.4,11.1,4.3,3.0,0.0,0.8,53.0,30.5,0,2005
Jerry Stackhouse,30.0,DAL,1617.0,15.9,0.525,3.5,-0.2,0.8,14.9,2.3,3.3,0.2,0.9,56.0,28.9,0,2005
Jameer Nelson,22.0,ORL,1612.0,14.5,0.51,2.5,-0.7,0.5,8.7,3.0,2.4,0.0,1.0,79.0,20.4,0,2005
Erick Dampier,29.0,DAL,1609.0,15.2,0.58,4.5,-0.9,0.5,9.2,0.9,8.5,1.4,0.3,59.0,27.3,0,2005
Zach Randolph,23.0,POR,1603.0,18.6,0.511,3.1,-0.7,0.5,18.9,1.9,9.6,0.4,0.7,46.0,34.8,0,2005
Jeff Foster,28.0,IND,1594.0,15.4,0.551,5.4,-0.3,0.7,7.0,0.7,9.0,0.2,0.8,61.0,26.1,0,2005
Baron Davis,25.0,2TM,1581.0,20.8,0.515,4.4,4.1,2.4,19.2,7.9,3.8,0.3,1.8,46.0,34.4,0,2005
Gilbert Arenas,24.0,WAS,3384.0,23.8,0.581,13.6,5.4,6.3,29.3,6.1,3.5,0.3,2.0,80.0,42.3,0,2006
LeBron James,21.0,CLE,3361.0,28.1,0.568,16.3,9.1,9.4,31.4,6.6,7.0,0.8,1.6,79.0,42.5,0,2006
Joe Johnson,24.0,ATL,3340.0,17.9,0.537,6.0,1.0,2.5,20.2,6.5,4.1,0.4,1.3,82.0,40.7,0,2006
Antawn Jamison,29.0,WAS,3288.0,17.7,0.518,8.2,1.2,2.7,20.5,1.9,9.3,0.1,1.1,82.0,40.1,0,2006
Kobe Bryant,27.0,LAL,3277.0,28.0,0.559,15.3,7.6,8.0,35.4,4.5,5.3,0.4,1.8,80.0,41.0,0,2006
Shawn Marion,27.0,PHO,3263.0,23.6,0.591,14.6,4.8,5.6,21.8,1.8,11.8,1.7,2.0,81.0,40.3,0,2006
Lamar Odom,26.0,LAL,3221.0,17.0,0.558,9.2,2.7,3.9,14.8,5.5,9.2,0.8,0.9,80.0,40.3,0,2006
Ricky Davis,26.0,2TM,3207.0,15.6,0.521,5.0,-0.4,1.3,19.4,5.1,4.5,0.2,1.2,78.0,41.1,0,2006
Mike Bibby,27.0,SAC,3167.0,17.9,0.554,8.4,1.5,2.8,21.1,5.4,2.9,0.1,1.0,82.0,38.6,0,2006
Morris Peterson,28.0,TOR,3140.0,15.3,0.561,5.9,0.4,1.9,16.8,2.3,4.6,0.2,1.3,82.0,38.3,0,2006
Pau Gasol,25.0,MEM,3135.0,22.7,0.555,12.0,5.5,6.0,20.4,4.6,8.9,1.9,0.6,80.0,39.2,0,2006
Michael Redd,26.0,MIL,3130.0,21.2,0.574,10.8,3.8,4.6,25.4,2.9,4.3,0.1,1.2,80.0,39.1,0,2006
Allen Iverson,30.0,PHI,3103.0,25.9,0.543,10.6,4.8,5.3,33.0,7.4,3.2,0.1,1.9,72.0,43.1,0,2006
Elton Brand,26.0,LAC,3099.0,26.5,0.58,14.8,6.7,6.8,24.7,2.6,10.0,2.5,1.0,79.0,39.2,0,2006
Dirk Nowitzki,27.0,DAL,3089.0,28.1,0.589,17.7,8.1,7.9,26.6,2.8,9.0,1.0,0.7,81.0,38.1,0,2006
Andre Iguodala,22.0,PHI,3086.0,14.8,0.598,7.5,0.6,2.0,12.3,3.1,5.9,0.3,1.6,82.0,37.6,0,2006
Paul Pierce,28.0,BOS,3084.0,23.6,0.582,11.5,4.8,5.3,26.8,4.7,6.7,0.4,1.4,79.0,39.0,0,2006
Richard Jefferson,25.0,NJN,3059.0,18.9,0.603,11.7,3.1,3.9,19.5,3.8,6.8,0.2,0.8,78.0,39.2,0,2006
Ray Allen,30.0,SEA,3022.0,22.2,0.59,9.5,4.4,4.9,25.1,3.7,4.3,0.2,1.3,78.0,38.7,0,2006
Dwight Howard,20.0,ORL,3021.0,19.3,0.565,8.6,1.0,2.3,15.8,1.5,12.5,1.4,0.8,82.0,36.8,0,2006
Cuttino Mobley,30.0,LAC,2979.0,13.1,0.519,5.3,-0.2,1.3,14.8,3.0,4.3,0.5,1.2,79.0,37.7,0,2006
Jason Kidd,32.0,NJN,2975.0,19.2,0.526,10.1,5.4,5.5,13.3,8.4,7.3,0.4,1.9,80.0,37.2,0,2006
Raja Bell,29.0,PHO,2959.0,12.9,0.584,6.8,0.2,1.6,14.7,2.6,3.2,0.3,1.0,79.0,37.5,0,2006
Kevin Garnett,29.0,MIN,2957.0,26.8,0.589,14.9,7.8,7.4,21.8,4.1,12.7,1.4,1.4,76.0,38.9,0,2006
Kirk Hinrich,25.0,CHI,2955.0,15.5,0.528,7.6,1.8,2.8,15.9,6.3,3.6,0.3,1.2,81.0,36.5,0,2006
Mehmet Okur,26.0,UTA,2945.0,19.0,0.554,9.3,1.6,2.7,18.0,2.4,9.1,0.9,0.5,82.0,35.9,0,2006
Carmelo Anthony,21.0,DEN,2941.0,22.0,0.563,9.4,2.7,3.5,26.5,2.7,4.9,0.5,1.1,80.0,36.8,0,2006
Andre Miller,29.0,DEN,2937.0,16.4,0.532,6.2,0.2,1.7,13.7,8.2,4.3,0.2,1.3,82.0,35.8,0,2006
Chauncey Billups,29.0,DET,2925.0,23.4,0.602,15.5,6.2,6.1,18.5,8.6,3.1,0.1,0.9,81.0,36.1,0,2006
Mike James,30.0,TOR,2925.0,19.8,0.583,7.6,1.8,2.9,20.3,5.8,3.3,0.0,0.9,79.0,37.0,0,2006
Brad Miller,29.0,SAC,2923.0,17.5,0.576,9.1,2.5,3.3,15.0,4.7,7.8,0.8,0.8,79.0,37.0,0,2006
Stephen Jackson,27.0,IND,2910.0,13.6,0.512,4.4,-0.1,1.4,16.4,2.8,3.9,0.5,1.3,81.0,35.9,0,2006
Vince Carter,29.0,NJN,2906.0,21.6,0.536,9.3,5.1,5.2,24.2,4.3,5.8,0.7,1.2,79.0,36.8,0,2006
Tayshaun Prince,25.0,DET,2898.0,14.8,0.524,7.0,0.3,1.7,14.1,2.3,4.2,0.5,0.8,82.0,35.3,0,2006
Chris Webber,32.0,PHI,2893.0,18.4,0.482,4.4,-0.1,1.3,20.2,3.4,9.9,0.8,1.4,75.0,38.6,0,2006
Dwyane Wade,24.0,MIA,2892.0,27.6,0.577,14.4,7.7,7.1,27.2,6.7,5.7,0.8,1.9,75.0,38.6,0,2006
Ben Wallace,31.0,DET,2890.0,17.5,0.501,10.1,3.5,4.0,7.3,1.9,11.3,2.2,1.8,82.0,35.2,0,2006
Jason Richardson,25.0,GSW,2877.0,19.2,0.538,7.3,3.1,3.7,23.2,3.1,5.8,0.5,1.3,75.0,38.4,0,2006
Rashard Lewis,26.0,SEA,2876.0,20.0,0.585,8.3,2.7,3.4,20.1,2.3,5.0,0.6,1.3,78.0,36.9,0,2006
Boris Diaw,23.0,PHO,2874.0,17.3,0.564,8.9,2.8,3.5,13.3,6.2,6.9,1.0,0.7,81.0,35.5,0,2006
Shane Battier,27.0,MEM,2839.0,14.7,0.574,9.1,2.6,3.3,10.1,1.7,5.3,1.4,1.1,81.0,35.0,0,2006
Richard Hamilton,27.0,DET,2825.0,18.2,0.553,7.6,0.8,2.0,20.1,3.4,3.2,0.2,0.7,80.0,35.3,0,2006
Chris Paul,20.0,NOK,2808.0,22.1,0.546,10.4,5.2,5.1,16.1,7.8,5.1,0.1,2.2,78.0,36.0,0,2006
Jason Terry,28.0,DAL,2798.0,18.4,0.575,9.6,3.3,3.7,17.1,3.8,2.0,0.3,1.3,80.0,35.0,0,2006
Steve Nash,31.0,PHO,2796.0,23.3,0.632,12.4,5.0,4.9,18.8,10.5,4.2,0.2,0.8,79.0,35.4,1,2006
Tim Duncan,29.0,SAS,2784.0,23.1,0.523,10.8,5.0,4.9,18.6,3.2,11.0,2.0,0.9,80.0,34.8,0,2006
Al Harrington,25.0,ATL,2782.0,16.0,0.513,3.8,-1.3,0.5,18.6,3.1,6.9,0.2,1.1,76.0,36.6,0,2006
Rasheed Wallace,31.0,DET,2780.0,17.6,0.527,8.9,3.7,4.0,15.1,2.3,6.8,1.6,1.0,80.0,34.8,0,2006
Smush Parker,24.0,LAL,2773.0,13.4,0.548,5.8,0.1,1.5,11.5,3.7,3.3,0.2,1.7,82.0,33.8,0,2006
Bruce Bowen,34.0,SAS,2755.0,9.1,0.54,6.2,0.3,1.6,7.5,1.5,3.9,0.4,1.0,82.0,33.6,0,2006
Chris Bosh,21.0,TOR,2751.0,23.2,0.585,9.8,2.9,3.4,22.5,2.6,9.2,1.1,0.7,70.0,39.3,0,2006
Wally Szczerbiak,28.0,2TM,2729.0,17.7,0.595,8.0,1.6,2.5,19.0,3.0,4.3,0.3,0.6,72.0,37.9,0,2006
Tony Parker,23.0,SAS,2715.0,20.8,0.584,9.6,2.8,3.3,18.9,5.8,3.3,0.1,1.0,80.0,33.9,0,2006
Caron Butler,25.0,WAS,2708.0,17.0,0.535,6.3,0.6,1.7,17.6,2.5,6.2,0.2,1.7,75.0,36.1,0,2006
Sam Cassell,36.0,LAC,2653.0,18.5,0.534,7.6,1.6,2.4,17.2,6.3,3.7,0.1,0.9,78.0,34.0,0,2006
DeShawn Stevenson,24.0,ORL,2648.0,10.9,0.507,2.4,-2.5,-0.3,11.0,2.0,2.9,0.2,0.7,82.0,32.3,0,2006
Luke Ridnour,24.0,SEA,2625.0,16.0,0.506,4.4,-0.2,1.2,11.5,7.0,3.0,0.3,1.6,79.0,33.2,0,2006
Hedo Türkoğlu,26.0,ORL,2615.0,16.7,0.578,7.6,2.0,2.5,14.9,2.8,4.3,0.3,0.9,78.0,33.5,0,2006
Luol Deng,20.0,CHI,2604.0,15.8,0.517,6.5,1.6,2.4,14.3,1.9,6.6,0.6,0.9,78.0,33.4,0,2006
Andrei Kirilenko,24.0,UTA,2604.0,20.7,0.556,7.9,6.6,5.6,15.3,4.3,8.0,3.2,1.5,69.0,37.7,0,2006
Peja Stojaković,28.0,2TM,2601.0,16.7,0.57,8.0,1.6,2.3,18.2,1.9,5.8,0.1,0.6,71.0,36.6,0,2006
Derek Fisher,31.0,GSW,2589.0,14.8,0.536,5.8,0.4,1.6,13.3,4.3,2.6,0.1,1.5,82.0,31.6,0,2006
Mike Dunleavy,25.0,GSW,2578.0,12.5,0.503,4.2,-0.7,0.9,11.5,2.9,4.9,0.4,0.7,81.0,31.8,0,2006
Kyle Korver,24.0,PHI,2563.0,12.3,0.577,4.6,-0.6,0.9,11.5,2.0,3.3,0.3,0.8,82.0,31.3,0,2006
Chris Kaman,23.0,LAC,2560.0,15.0,0.57,6.1,-0.7,0.8,11.9,1.0,9.6,1.4,0.6,78.0,32.8,0,2006
Josh Smith,20.0,ATL,2559.0,15.5,0.5,3.6,0.3,1.4,11.3,2.4,6.6,2.6,0.8,80.0,32.0,0,2006
T.J. Ford,22.0,MIL,2557.0,13.1,0.489,2.5,-1.2,0.5,12.2,6.6,4.3,0.1,1.4,72.0,35.5,0,2006
Jamal Crawford,25.0,NYK,2555.0,15.5,0.544,4.5,0.5,1.6,14.3,3.8,3.1,0.2,1.1,79.0,32.3,0,2006
Zach Randolph,24.0,POR,2545.0,16.9,0.483,1.3,-2.0,0.0,18.0,1.9,8.0,0.2,0.8,74.0,34.4,0,2006
Bobby Simmons,25.0,MIL,2538.0,13.8,0.559,5.3,0.3,1.5,13.4,2.3,4.4,0.3,1.1,75.0,33.8,0,2006
Juwan Howard,32.0,HOU,2537.0,12.5,0.499,3.7,-2.6,-0.4,11.8,1.4,6.7,0.1,0.6,80.0,31.7,0,2006
David West,25.0,NOK,2526.0,19.7,0.554,7.4,1.4,2.2,17.1,1.2,7.4,0.9,0.8,74.0,34.1,0,2006
Troy Murphy,25.0,GSW,2516.0,15.9,0.529,6.5,-0.3,1.1,14.0,1.4,10.0,0.4,0.6,74.0,34.0,0,2006
Trenton Hassell,26.0,MIN,2514.0,9.5,0.512,2.3,-3.1,-0.7,9.2,2.6,2.8,0.4,0.6,77.0,32.6,0,2006
Udonis Haslem,25.0,MIA,2491.0,13.7,0.558,7.0,-0.5,0.9,9.3,1.2,7.8,0.2,0.6,81.0,30.8,0,2006
Ben Gordon,22.0,CHI,2482.0,14.5,0.531,4.4,0.5,1.6,16.9,3.0,2.7,0.1,0.9,80.0,31.0,0,2006
Nenad Krstić,22.0,NJN,2469.0,14.4,0.541,5.4,-2.2,-0.1,13.5,1.1,6.4,0.8,0.4,80.0,30.9,0,2006
Jamaal Magloire,27.0,MIL,2465.0,11.1,0.494,2.0,-4.1,-1.3,9.2,0.7,9.5,1.0,0.4,82.0,30.1,0,2006
Zaza Pachulia,21.0,ATL,2452.0,15.0,0.53,3.9,-2.1,-0.1,11.7,1.7,7.9,0.5,1.1,78.0,31.4,0,2006
Eddie Jones,34.0,MEM,2437.0,14.7,0.542,7.2,2.2,2.6,11.8,2.4,3.7,0.4,1.7,75.0,32.5,0,2006
Rafer Alston,29.0,HOU,2431.0,12.6,0.475,3.4,-0.4,1.0,12.1,6.7,4.0,0.2,1.6,63.0,38.6,0,2006
Delonte West,22.0,BOS,2418.0,15.1,0.574,5.7,1.9,2.4,11.8,4.6,4.1,0.6,1.2,71.0,34.1,0,2006
Raymond Felton,21.0,CHA,2406.0,14.2,0.483,2.6,-0.6,0.8,11.9,5.6,3.3,0.1,1.3,80.0,30.1,0,2006
Steve Francis,28.0,2TM,2393.0,15.2,0.534,3.6,0.0,1.2,14.4,4.9,4.1,0.2,1.1,70.0,34.2,0,2006
P.J. Brown,36.0,NOK,2380.0,12.7,0.515,4.4,-1.5,0.3,9.0,1.2,7.3,0.7,0.6,75.0,31.7,0,2006
David Wesley,35.0,HOU,2372.0,9.6,0.546,3.6,-2.0,0.0,9.9,2.9,2.5,0.1,0.8,71.0,33.4,0,2006
Charlie Villanueva,21.0,TOR,2361.0,16.4,0.521,3.9,-0.9,0.6,13.0,1.1,6.4,0.8,0.7,81.0,29.1,0,2006
Eric Snow,32.0,CLE,2351.0,8.1,0.444,2.1,-3.0,-0.6,4.8,4.2,2.4,0.2,0.9,82.0,28.7,0,2006
Brevin Knight,30.0,CHA,2351.0,17.3,0.478,4.9,1.4,2.0,12.6,8.8,3.2,0.1,2.3,69.0,34.1,0,2006
Andrew Bogut,21.0,MIL,2348.0,15.2,0.555,5.5,0.4,1.4,9.4,2.3,7.0,0.8,0.6,82.0,28.6,0,2006
Luther Head,23.0,HOU,2310.0,11.2,0.517,3.5,-0.2,1.1,8.8,2.7,3.3,0.1,1.1,80.0,28.9,0,2006
Deron Williams,21.0,UTA,2307.0,12.4,0.5,2.8,-1.7,0.2,10.8,4.5,2.4,0.2,0.8,80.0,28.8,0,2006
Gary Payton,37.0,MIA,2305.0,10.7,0.52,4.1,-0.9,0.6,7.7,3.2,2.9,0.1,0.9,81.0,28.5,0,2006
Kenny Thomas,28.0,SAC,2293.0,15.0,0.539,5.5,0.0,1.1,9.1,2.0,7.5,0.5,0.9,82.0,28.0,0,2006
Antonio Daniels,30.0,WAS,2283.0,13.7,0.55,5.3,-0.7,0.8,9.6,3.6,2.2,0.1,0.7,80.0,28.5,0,2006
Zydrunas Ilgauskas,30.0,CLE,2283.0,21.9,0.576,8.7,1.6,2.1,15.6,1.2,7.6,1.7,0.5,78.0,29.3,0,2006
Mike Miller,25.0,MEM,2268.0,17.2,0.595,7.4,3.0,2.9,13.7,2.7,5.4,0.4,0.7,74.0,30.6,0,2006
Josh Childress,22.0,ATL,2249.0,15.8,0.626,5.7,1.2,1.8,10.0,1.8,5.2,0.5,1.2,74.0,30.4,0,2006
Mark Blount,30.0,2TM,2240.0,12.1,0.549,1.7,-3.4,-0.8,11.3,1.2,4.5,0.9,0.5,81.0,27.7,0,2006
Andrés Nocioni,26.0,CHI,2239.0,16.1,0.567,6.7,1.7,2.1,13.0,1.4,6.1,0.6,0.5,82.0,27.3,0,2006
Tony Battie,29.0,ORL,2215.0,12.2,0.531,3.8,-1.8,0.1,7.9,0.6,5.6,0.8,0.6,82.0,27.0,0,2006
Metta World Peace,26.0,2TM,2207.0,15.2,0.491,3.7,1.1,1.7,17.6,3.6,5.1,0.7,2.2,56.0,39.4,0,2006
Antoine Walker,29.0,MIA,2199.0,14.4,0.524,3.6,0.4,1.3,12.2,2.0,5.1,0.4,0.6,82.0,26.8,0,2006
Stephon Marbury,28.0,NYK,2193.0,16.4,0.532,3.9,0.1,1.1,16.3,6.4,2.9,0.1,1.1,60.0,36.6,0,2006
Drew Gooden,24.0,CLE,2174.0,17.6,0.552,6.6,-0.2,1.0,10.7,0.7,8.4,0.6,0.7,79.0,27.5,0,2006
Primož Brezec,26.0,CHA,2165.0,15.3,0.552,4.6,-2.4,-0.2,12.4,0.6,5.6,0.4,0.2,79.0,27.4,0,2006
Chris Duhon,23.0,CHI,2155.0,12.9,0.538,5.2,0.8,1.5,8.7,5.0,3.0,0.0,0.9,74.0,29.1,0,2006
Tyson Chandler,23.0,CHI,2121.0,12.2,0.567,5.4,-0.4,0.9,5.3,1.0,9.0,1.3,0.5,79.0,26.8,0,2006
Ronald Murray,26.0,2TM,2112.0,11.5,0.487,0.7,-3.2,-0.6,11.2,2.6,2.0,0.1,0.9,76.0,27.8,0,2006
Marko Jarić,27.0,MIN,2102.0,11.7,0.468,2.3,-0.7,0.7,7.8,3.9,3.1,0.3,1.4,75.0,28.0,0,2006
Desmond Mason,28.0,NOK,2102.0,9.2,0.46,-0.2,-4.9,-1.5,10.8,0.9,4.3,0.2,0.6,70.0,30.0,0,2006
Damon Jones,29.0,CLE,2089.0,9.3,0.538,3.4,-1.1,0.5,6.7,2.1,1.6,0.0,0.5,82.0,25.5,0,2006
Jumaine Jones,26.0,CHA,2089.0,12.1,0.506,3.0,-1.7,0.2,10.5,0.8,4.9,0.3,0.9,76.0,27.5,0,2006
Donyell Marshall,32.0,CLE,2077.0,13.4,0.517,4.2,0.1,1.1,9.3,0.7,6.1,0.5,0.7,81.0,25.6,0,2006
John Salmons,26.0,PHI,2059.0,10.7,0.508,1.7,-2.7,-0.3,7.5,2.7,2.7,0.2,0.9,82.0,25.1,0,2006
Michael Finley,32.0,SAS,2038.0,12.7,0.523,5.0,0.2,1.1,10.1,1.5,3.2,0.1,0.5,77.0,26.5,0,2006
Raef LaFrentz,29.0,BOS,2033.0,12.0,0.546,4.3,-0.1,1.0,7.8,1.4,5.0,0.9,0.4,82.0,24.8,0,2006
Speedy Claxton,27.0,NOK,2019.0,16.1,0.497,3.0,0.1,1.1,12.3,4.8,2.7,0.1,1.5,71.0,28.4,0,2006
Jalen Rose,33.0,2TM,1983.0,13.9,0.538,2.5,-1.5,0.2,12.3,2.5,2.9,0.2,0.4,72.0,27.5,0,2006
Anthony Johnson,31.0,IND,1981.0,14.2,0.52,4.5,0.7,1.3,9.2,4.3,2.2,0.3,0.8,75.0,26.4,0,2006
Kwame Brown,23.0,LAL,1978.0,11.7,0.545,3.6,-2.5,-0.3,7.4,1.0,6.6,0.6,0.4,72.0,27.5,0,2006
Vladimir Radmanović,25.0,2TM,1974.0,13.6,0.545,3.8,0.5,1.2,9.8,1.8,4.6,0.4,0.8,77.0,25.6,0,2006
Baron Davis,26.0,GSW,1971.0,18.3,0.489,4.4,2.6,2.3,17.9,8.9,4.4,0.3,1.6,54.0,36.5,0,2006
Shareef Abdur-Rahim,29.0,SAC,1961.0,17.2,0.588,6.2,0.9,1.4,12.3,2.1,5.0,0.6,0.7,72.0,27.2,0,2006
Marvin Williams,19.0,ATL,1952.0,12.2,0.523,2.8,-3.5,-0.7,8.5,0.8,4.8,0.3,0.6,79.0,24.7,0,2006
Jared Jeffries,24.0,WAS,1951.0,11.6,0.5,3.1,-0.8,0.6,6.4,1.9,4.9,0.6,0.8,77.0,25.3,0,2006
Yao Ming,25.0,HOU,1949.0,25.6,0.592,8.6,4.4,3.2,22.3,1.5,10.2,1.6,0.5,57.0,34.2,0,2006
Matt Harpring,29.0,UTA,1944.0,16.3,0.542,4.7,-0.6,0.7,12.5,1.4,5.2,0.2,0.8,71.0,27.4,0,2006
Erick Dampier,30.0,DAL,1934.0,13.9,0.531,4.8,-1.7,0.2,5.7,0.6,7.8,1.3,0.3,82.0,23.6,0,2006
Juan Dixon,27.0,POR,1920.0,14.6,0.516,1.2,-1.9,0.0,12.3,2.0,2.3,0.1,0.8,76.0,25.3,0,2006
Josh Howard,25.0,DAL,1915.0,19.3,0.536,6.7,2.2,2.0,15.6,1.9,6.3,0.4,1.2,59.0,32.5,0,2006
James Posey,29.0,MIA,1914.0,9.8,0.572,4.2,0.1,1.0,7.2,1.3,4.8,0.3,0.8,67.0,28.6,0,2006
Kevin Martin,22.0,SAC,1913.0,14.8,0.604,5.5,0.4,1.2,10.8,1.3,3.6,0.1,0.8,72.0,26.6,0,2006
Keith Bogans,25.0,2TM,1912.0,10.7,0.497,2.3,-1.4,0.3,8.6,1.8,3.5,0.1,1.0,72.0,26.6,0,2006
Jason Collins,27.0,NJN,1895.0,5.5,0.425,2.0,-3.8,-0.9,3.6,1.0,4.8,0.6,0.6,71.0,26.7,0,2006
Gerald Wallace,23.0,CHA,1895.0,21.3,0.578,6.4,4.9,3.2,15.2,1.7,7.5,2.1,2.5,55.0,34.5,0,2006
Brendan Haywood,26.0,WAS,1879.0,13.8,0.542,3.9,-1.7,0.2,7.3,0.6,5.9,1.3,0.4,79.0,23.8,0,2006
Rasual Butler,26.0,NOK,1875.0,10.8,0.501,1.7,-2.0,0.0,8.7,0.5,2.9,0.6,0.4,79.0,23.7,0,2006
Jason Williams,30.0,MIA,1874.0,15.0,0.561,4.8,1.1,1.5,12.3,4.9,2.4,0.1,0.9,59.0,31.8,0,2006
Eddy Curry,23.0,NYK,1865.0,17.0,0.604,3.3,-2.1,0.0,13.6,0.3,6.0,0.8,0.4,72.0,25.9,0,2006
Clifford Robinson,39.0,NJN,1863.0,9.6,0.502,2.8,-1.9,0.1,6.9,1.1,3.3,0.5,0.6,80.0,23.3,0,2006
Marcus Camby,31.0,DEN,1857.0,19.9,0.499,5.5,3.5,2.6,12.8,2.1,11.9,3.3,1.4,56.0,33.2,0,2006
Fred Jones,26.0,IND,1837.0,11.0,0.517,2.6,-1.0,0.4,9.6,2.3,2.5,0.3,0.8,68.0,27.0,0,2006
Adonal Foyle,30.0,GSW,1824.0,10.3,0.524,2.8,-1.7,0.1,4.5,0.4,5.5,1.6,0.6,77.0,23.7,0,2006
Manu Ginóbili,28.0,SAS,1813.0,22.4,0.593,8.8,6.8,4.1,15.1,3.6,3.5,0.4,1.6,65.0,27.9,0,2006
Shaquille O'Neal,33.0,MIA,1806.0,24.4,0.586,6.2,2.7,2.1,20.0,1.9,9.2,1.8,0.4,59.0,30.6,0,2006
Jermaine O'Neal,27.0,IND,1802.0,20.4,0.53,4.9,2.3,2.0,20.1,2.6,9.3,2.3,0.5,51.0,35.3,0,2006
Ruben Patterson,30.0,2TM,1792.0,16.4,0.547,2.1,-0.5,0.7,12.1,1.8,3.4,0.3,1.1,71.0,25.2,0,2006
Jameer Nelson,23.0,ORL,1784.0,19.5,0.567,4.9,2.0,1.8,14.6,4.9,2.9,0.1,1.1,62.0,28.8,0,2006
Steve Blake,25.0,POR,1781.0,14.5,0.549,2.8,-1.0,0.4,8.2,4.5,2.1,0.1,0.6,68.0,26.2,0,2006
Bobby Jackson,32.0,MEM,1775.0,14.6,0.497,3.5,0.4,1.1,11.4,2.7,3.1,0.0,0.9,71.0,25.0,0,2006
James Jones,25.0,PHO,1772.0,13.2,0.551,4.0,-0.1,0.9,9.3,0.8,3.4,0.7,0.5,75.0,23.6,0,2006
Marquis Daniels,25.0,DAL,1766.0,14.9,0.535,4.2,0.5,1.1,10.2,2.8,3.6,0.2,1.1,62.0,28.5,0,2006
Danny Granger,22.0,IND,1765.0,14.7,0.54,5.1,1.1,1.4,7.5,1.2,4.9,0.8,0.7,78.0,22.6,0,2006
Samuel Dalembert,24.0,PHI,1761.0,14.2,0.568,3.6,-1.8,0.1,7.3,0.4,8.2,2.4,0.5,66.0,26.7,0,2006
Greg Buckner,29.0,DEN,1758.0,11.4,0.556,3.8,0.5,1.1,6.7,1.7,2.9,0.3,1.2,73.0,24.1,0,2006
Tracy McGrady,26.0,HOU,1745.0,21.9,0.494,4.1,5.4,3.3,24.4,4.8,6.5,0.9,1.3,47.0,37.1,0,2006
Antonio McDyess,31.0,DET,1733.0,15.5,0.52,4.6,-1.2,0.3,7.8,1.1,5.3,0.6,0.6,82.0,21.1,0,2006
Jarron Collins,27.0,UTA,1730.0,11.0,0.551,3.9,-2.1,-0.1,5.3,1.2,4.2,0.3,0.5,79.0,21.9,0,2006
Chucky Atkins,31.0,2TM,1713.0,12.9,0.526,3.6,-0.9,0.4,9.5,2.8,1.7,0.0,0.6,71.0,24.1,0,2006
Devin Brown,27.0,UTA,1711.0,10.3,0.493,1.4,-3.3,-0.6,7.5,1.3,2.6,0.2,0.5,81.0,21.1,0,2006
Matt Bonner,25.0,TOR,1710.0,13.7,0.582,4.1,0.7,1.2,7.5,0.7,3.6,0.4,0.6,78.0,21.9,0,2006
Lorenzen Wright,30.0,MEM,1689.0,12.2,0.496,3.7,-2.1,0.0,5.8,0.6,5.1,0.6,0.7,78.0,21.7,0,2006
Bonzi Wells,29.0,SAC,1684.0,16.6,0.507,3.4,0.4,1.0,13.6,2.8,7.7,0.5,1.8,52.0,32.4,0,2006
Sebastian Telfair,20.0,POR,1641.0,13.0,0.491,0.6,-2.8,-0.3,9.5,3.6,1.8,0.1,1.0,68.0,24.1,0,2006
Jarrett Jack,22.0,POR,1599.0,12.3,0.528,1.2,-3.1,-0.4,6.7,2.8,2.0,0.0,0.5,79.0,20.2,0,2006
Leandro Barbosa,23.0,PHO,1592.0,15.1,0.589,3.8,-0.1,0.8,13.1,2.8,2.6,0.1,0.8,57.0,27.9,0,2006
Joey Graham,23.0,TOR,1581.0,10.2,0.564,1.3,-3.8,-0.7,6.7,0.8,3.1,0.2,0.5,80.0,19.8,0,2006
Jeff Foster,29.0,IND,1581.0,15.1,0.581,5.7,0.0,0.8,5.9,0.8,9.1,0.4,0.7,63.0,25.1,0,2006
Francisco Elson,29.0,DEN,1579.0,10.1,0.556,2.9,-2.2,-0.1,4.9,0.7,4.7,0.6,0.8,72.0,21.9,0,2006
Earl Watson,26.0,2TM,1578.0,14.6,0.558,2.7,0.2,0.9,8.9,4.1,2.3,0.1,1.0,70.0,22.5,0,2006
Channing Frye,22.0,NYK,1572.0,18.1,0.541,3.5,-0.7,0.5,12.3,0.8,5.8,0.7,0.5,65.0,24.2,0,2006
LeBron James,22.0,CLE,3190.0,24.5,0.552,13.7,8.1,8.1,27.3,6.0,6.7,0.7,1.6,78.0,40.9,0,2007
Kobe Bryant,28.0,LAL,3140.0,26.1,0.58,13.0,5.9,6.1,31.6,5.4,5.7,0.5,1.4,77.0,40.8,0,2007
Vince Carter,30.0,NJN,3126.0,21.8,0.559,10.5,3.9,4.6,25.2,4.8,6.0,0.4,1.0,82.0,38.1,0,2007
Elton Brand,27.0,LAC,3077.0,23.1,0.581,11.5,4.2,4.8,20.5,2.9,9.3,2.2,1.0,80.0,38.5,0,2007
Luol Deng,21.0,CHI,3071.0,18.7,0.56,11.3,3.0,3.9,18.8,2.5,7.1,0.6,1.2,82.0,37.5,0,2007
Andre Iguodala,23.0,PHI,3062.0,18.1,0.562,7.7,2.4,3.4,18.2,5.7,5.7,0.4,2.0,76.0,40.3,0,2007
Rafer Alston,30.0,HOU,3040.0,12.9,0.496,6.6,0.6,2.0,13.3,5.4,3.4,0.1,1.6,82.0,37.1,0,2007
Dwight Howard,21.0,ORL,3023.0,21.1,0.619,9.7,2.8,3.7,17.6,1.9,12.3,1.9,0.9,82.0,36.9,0,2007
Ricky Davis,27.0,MIN,3021.0,15.9,0.566,5.7,0.5,1.8,17.0,4.8,3.9,0.3,1.0,81.0,37.3,0,2007
Shawn Marion,28.0,PHO,3010.0,20.8,0.594,12.0,4.4,4.8,17.5,1.7,9.8,1.5,2.0,80.0,37.6,0,2007
Tayshaun Prince,26.0,DET,3001.0,16.0,0.534,8.0,1.8,2.9,14.3,2.8,5.2,0.7,0.6,82.0,36.6,0,2007
Kevin Garnett,30.0,MIN,2995.0,24.1,0.546,10.7,5.4,5.5,22.4,4.1,12.8,1.7,1.2,76.0,39.4,0,2007
Shane Battier,28.0,HOU,2988.0,12.0,0.589,9.0,2.3,3.2,10.1,2.1,4.1,0.7,1.0,82.0,36.4,0,2007
Andre Miller,30.0,2TM,2966.0,16.1,0.52,5.9,0.2,1.7,13.4,7.8,4.4,0.1,1.4,80.0,37.1,0,2007
Deron Williams,22.0,UTA,2950.0,17.1,0.535,7.2,1.3,2.4,16.2,9.3,3.3,0.2,1.0,80.0,36.9,0,2007
Gilbert Arenas,25.0,WAS,2942.0,24.0,0.565,10.8,4.7,5.0,28.4,6.0,4.6,0.2,1.9,74.0,39.8,0,2007
Jason Kidd,33.0,NJN,2933.0,19.4,0.516,9.3,4.7,4.9,13.0,9.2,8.2,0.3,1.6,80.0,36.7,0,2007
Raja Bell,30.0,PHO,2917.0,12.0,0.562,5.8,-0.1,1.4,14.7,2.5,3.2,0.3,0.6,78.0,37.4,0,2007
Eddy Curry,24.0,NYK,2849.0,17.0,0.603,4.7,-1.8,0.1,19.5,0.8,7.0,0.5,0.4,81.0,35.2,0,2007
Charlie Bell,27.0,MIL,2848.0,13.1,0.53,4.0,-1.3,0.5,13.5,3.0,2.9,0.0,1.2,82.0,34.7,0,2007
Jason Terry,29.0,DAL,2846.0,18.9,0.587,10.8,4.0,4.3,16.7,5.2,2.9,0.2,1.0,81.0,35.1,0,2007
Cuttino Mobley,31.0,LAC,2841.0,12.5,0.546,4.6,-1.0,0.8,13.8,2.5,3.4,0.3,1.2,78.0,36.4,0,2007
Kirk Hinrich,26.0,CHI,2839.0,17.0,0.559,10.1,2.8,3.5,16.6,6.3,3.4,0.3,1.3,80.0,35.5,0,2007
Raymond Felton,22.0,CHA,2832.0,13.5,0.481,2.3,-0.8,0.9,14.0,7.0,3.4,0.1,1.5,78.0,36.3,0,2007
Dirk Nowitzki,28.0,DAL,2820.0,27.6,0.605,16.3,8.3,7.4,24.6,3.4,8.9,0.8,0.7,78.0,36.2,1,2007
Kevin Martin,23.0,SAC,2818.0,20.1,0.614,10.2,2.8,3.4,20.2,2.2,4.3,0.1,1.2,80.0,35.2,0,2007
Danny Granger,23.0,IND,2785.0,13.9,0.573,6.5,0.2,1.5,13.9,1.4,4.6,0.7,0.8,82.0,34.0,0,2007
Mike Bibby,28.0,SAC,2784.0,16.0,0.532,4.4,0.4,1.7,17.1,4.7,3.2,0.1,1.1,82.0,34.0,0,2007
Richard Hamilton,28.0,DET,2763.0,18.1,0.551,8.1,1.2,2.2,19.8,3.8,3.8,0.2,0.8,75.0,36.8,0,2007
Allen Iverson,31.0,2TM,2761.0,19.6,0.54,6.2,1.8,2.6,26.3,7.2,3.0,0.2,1.9,65.0,42.5,0,2007
Stephon Marbury,29.0,NYK,2748.0,15.3,0.539,5.9,0.2,1.5,16.4,5.4,2.9,0.1,1.0,74.0,37.1,0,2007
Mike Miller,26.0,MEM,2740.0,16.4,0.588,4.8,1.4,2.3,18.5,4.3,5.4,0.3,0.8,70.0,39.1,0,2007
Tim Duncan,30.0,SAS,2726.0,26.1,0.579,13.0,7.0,6.2,20.0,3.4,10.6,2.4,0.8,80.0,34.1,0,2007
Ben Gordon,23.0,CHI,2704.0,18.2,0.572,8.6,2.4,3.0,21.4,3.6,3.1,0.2,0.8,82.0,33.0,0,2007
Ben Wallace,32.0,CHI,2697.0,14.6,0.456,8.2,3.4,3.7,6.4,2.4,10.7,2.0,1.4,77.0,35.0,0,2007
Amar'e Stoudemire,24.0,PHO,2689.0,23.1,0.637,11.2,1.8,2.6,20.4,1.0,9.6,1.3,1.0,82.0,32.8,0,2007
Steve Nash,32.0,PHO,2682.0,23.8,0.654,12.6,5.9,5.3,18.6,11.6,3.5,0.1,0.8,76.0,35.3,0,2007
Mehmet Okur,27.0,UTA,2664.0,18.1,0.571,8.8,2.2,2.8,17.6,2.0,7.2,0.5,0.5,80.0,33.3,0,2007
Antawn Jamison,30.0,WAS,2662.0,18.4,0.545,6.8,1.3,2.2,19.8,1.9,8.0,0.5,1.1,70.0,38.0,0,2007
Chris Bosh,22.0,TOR,2658.0,22.6,0.577,9.6,2.7,3.1,22.6,2.5,10.7,1.3,0.6,69.0,38.5,0,2007
Jarrett Jack,23.0,POR,2651.0,14.5,0.571,4.8,-0.7,0.9,12.0,5.3,2.6,0.1,1.1,79.0,33.6,0,2007
Josh Smith,21.0,ATL,2647.0,18.3,0.506,4.4,2.0,2.7,16.4,3.3,8.6,2.9,1.4,72.0,36.8,0,2007
Metta World Peace,27.0,SAC,2641.0,18.5,0.538,6.7,2.8,3.2,18.8,3.4,6.5,0.6,2.1,70.0,37.7,0,2007
Gerald Wallace,24.0,CHA,2640.0,19.8,0.568,7.7,3.7,3.7,18.1,2.6,7.2,1.0,2.0,72.0,36.7,0,2007
Monta Ellis,21.0,GSW,2638.0,15.0,0.545,4.0,-1.1,0.6,16.5,4.1,3.2,0.3,1.7,77.0,34.3,0,2007
Leandro Barbosa,24.0,PHO,2613.0,18.4,0.595,8.2,2.7,3.1,18.1,4.0,2.7,0.2,1.2,80.0,32.7,0,2007
Larry Hughes,28.0,CLE,2596.0,12.1,0.48,3.9,-0.8,0.8,14.9,3.7,3.8,0.4,1.3,70.0,37.1,0,2007
Chris Wilcox,24.0,SEA,2586.0,16.6,0.568,6.0,-1.1,0.6,13.5,1.0,7.7,0.5,0.9,82.0,31.5,0,2007
Mike Dunleavy,26.0,2TM,2580.0,14.1,0.542,5.1,0.0,1.3,12.8,2.8,5.3,0.3,1.0,82.0,31.5,0,2007
Desmond Mason,29.0,NOK,2575.0,10.8,0.493,0.6,-3.9,-1.3,13.7,1.5,4.6,0.3,0.7,75.0,34.3,0,2007
Al Harrington,26.0,2TM,2563.0,14.8,0.54,4.3,-0.9,0.7,16.5,1.9,6.4,0.3,0.8,78.0,32.9,0,2007
Carlos Boozer,25.0,UTA,2557.0,24.1,0.588,9.9,4.6,4.3,20.9,3.0,11.7,0.3,0.9,74.0,34.6,0,2007
Mark Blount,31.0,MIN,2544.0,12.7,0.546,2.8,-3.1,-0.7,12.3,0.8,6.2,0.7,0.5,82.0,31.0,0,2007
Tracy McGrady,27.0,HOU,2539.0,23.2,0.515,8.6,6.1,5.2,24.6,6.5,5.3,0.5,1.3,71.0,35.8,0,2007
Samuel Dalembert,25.0,PHI,2535.0,16.1,0.581,6.2,-0.5,0.9,10.7,0.8,8.9,1.9,0.6,82.0,30.9,0,2007
Chauncey Billups,30.0,DET,2533.0,21.3,0.591,11.4,4.7,4.3,17.0,7.2,3.4,0.2,1.2,70.0,36.2,0,2007
Tyson Chandler,24.0,NOK,2525.0,17.0,0.62,7.9,0.6,1.6,9.5,0.9,12.4,1.8,0.5,73.0,34.6,0,2007
Ruben Patterson,31.0,MIL,2508.0,18.5,0.578,5.4,1.0,1.9,14.7,2.9,5.4,0.3,1.4,81.0,31.0,0,2007
Tony Parker,24.0,SAS,2499.0,21.4,0.572,9.6,3.1,3.2,18.6,5.5,3.2,0.1,1.1,77.0,32.5,0,2007
Carmelo Anthony,22.0,DEN,2486.0,22.1,0.552,7.3,1.9,2.5,28.9,3.8,6.0,0.4,1.2,65.0,38.2,0,2007
Udonis Haslem,26.0,MIA,2483.0,13.7,0.523,5.1,-2.3,-0.2,10.7,1.2,8.3,0.3,0.6,79.0,31.4,0,2007
Stephen Jackson,28.0,2TM,2479.0,14.4,0.54,4.1,-0.6,0.9,15.5,3.8,3.0,0.5,1.1,75.0,33.1,0,2007
Caron Butler,26.0,WAS,2474.0,18.3,0.537,5.3,0.9,1.8,19.1,3.7,7.4,0.3,2.1,63.0,39.3,0,2007
Mo Williams,24.0,MIL,2472.0,16.3,0.519,3.2,-0.5,0.9,17.3,6.1,4.8,0.1,1.3,68.0,36.4,0,2007
Bruce Bowen,35.0,SAS,2464.0,7.1,0.511,4.1,-1.1,0.6,6.2,1.4,2.7,0.3,0.8,82.0,30.0,0,2007
Jermaine O'Neal,28.0,IND,2459.0,18.8,0.5,4.7,0.8,1.7,19.4,2.4,9.6,2.6,0.7,69.0,35.6,0,2007
Smush Parker,25.0,LAL,2457.0,11.6,0.526,2.3,-2.0,0.0,11.1,2.8,2.5,0.1,1.5,82.0,30.0,0,2007
Josh Howard,26.0,DAL,2455.0,20.0,0.548,8.8,3.1,3.2,18.9,1.8,6.8,0.8,1.2,70.0,35.1,0,2007
Anthony Parker,31.0,TOR,2437.0,14.5,0.597,6.5,1.4,2.1,12.4,2.1,3.9,0.2,1.0,73.0,33.4,0,2007
Zach Randolph,25.0,POR,2425.0,22.8,0.537,5.7,1.6,2.2,23.6,2.2,10.1,0.2,0.8,68.0,35.7,0,2007
DeShawn Stevenson,25.0,WAS,2419.0,12.9,0.542,3.1,-1.3,0.4,11.2,2.7,2.6,0.2,0.8,82.0,29.5,0,2007
Rasheed Wallace,32.0,DET,2419.0,15.7,0.513,6.2,2.0,2.5,12.3,1.7,7.2,1.6,1.0,75.0,32.3,0,2007
Andris Biedriņš,20.0,GSW,2382.0,16.2,0.598,6.7,-0.3,1.0,9.5,1.1,9.3,1.7,0.8,82.0,29.0,0,2007
Nick Collison,26.0,SEA,2378.0,14.2,0.546,4.6,-2.4,-0.3,9.6,1.0,8.1,0.8,0.6,82.0,29.0,0,2007
Marcus Camby,32.0,DEN,2369.0,19.1,0.519,7.6,4.7,4.0,11.2,3.2,11.7,3.3,1.2,70.0,33.8,0,2007
Joe Johnson,25.0,ATL,2359.0,19.5,0.558,5.1,2.5,2.7,25.0,4.4,4.2,0.2,1.1,57.0,41.4,0,2007
Chris Paul,21.0,NOK,2353.0,22.0,0.537,8.8,5.0,4.2,17.3,8.9,4.4,0.0,1.8,64.0,36.8,0,2007
Rashard Lewis,27.0,SEA,2348.0,20.7,0.587,7.6,4.1,3.6,22.4,2.4,6.6,0.7,1.1,60.0,39.1,0,2007
Jameer Nelson,24.0,ORL,2331.0,13.9,0.514,4.0,-0.7,0.8,13.0,4.3,3.1,0.1,0.9,77.0,30.3,0,2007
Emeka Okafor,24.0,CHA,2329.0,20.1,0.554,7.1,2.1,2.4,14.4,1.2,11.3,2.6,0.9,67.0,34.8,0,2007
Adam Morrison,22.0,CHA,2326.0,7.9,0.45,-1.5,-5.1,-1.8,11.8,2.1,2.9,0.1,0.4,78.0,29.8,0,2007
Al Jefferson,22.0,BOS,2319.0,19.8,0.547,6.6,0.7,1.6,16.0,1.3,11.0,1.5,0.7,69.0,33.6,0,2007
Corey Maggette,27.0,LAC,2291.0,18.6,0.583,7.0,0.5,1.5,16.9,2.8,5.9,0.2,0.9,75.0,30.5,0,2007
Kyle Korver,25.0,PHI,2288.0,14.2,0.569,4.6,-0.1,1.1,14.4,1.4,3.5,0.3,0.8,74.0,30.9,0,2007
Derek Fisher,32.0,UTA,2287.0,11.4,0.51,3.9,-1.6,0.2,10.1,3.3,1.8,0.1,1.0,82.0,27.9,0,2007
Ryan Gomes,24.0,BOS,2275.0,13.7,0.534,4.2,-1.4,0.3,12.1,1.6,5.6,0.2,0.7,73.0,31.2,0,2007
Boris Diaw,24.0,PHO,2268.0,13.0,0.57,4.6,0.4,1.4,9.7,4.8,4.3,0.5,0.4,73.0,31.1,0,2007
Hedo Türkoğlu,27.0,ORL,2268.0,14.2,0.528,4.9,0.4,1.3,13.3,3.2,4.0,0.2,1.0,73.0,31.1,0,2007
Andrew Bogut,22.0,MIL,2258.0,15.5,0.566,4.0,0.0,1.2,12.3,3.0,8.8,0.5,0.7,66.0,34.2,0,2007
T.J. Ford,23.0,TOR,2243.0,18.2,0.508,4.3,0.9,1.6,14.0,7.9,3.1,0.1,1.3,75.0,29.9,0,2007
Jamaal Tinsley,28.0,IND,2243.0,15.2,0.465,2.8,0.8,1.6,12.8,6.9,3.3,0.3,1.6,72.0,31.2,0,2007
Drew Gooden,25.0,CLE,2238.0,16.5,0.508,6.5,-0.2,1.0,11.1,1.1,8.5,0.4,0.9,80.0,28.0,0,2007
Steve Blake,26.0,2TM,2225.0,9.9,0.491,2.1,-2.0,0.0,6.4,5.0,2.1,0.1,0.7,82.0,27.1,0,2007
Rasual Butler,27.0,NOK,2223.0,10.8,0.495,2.6,-0.9,0.6,10.1,0.8,3.2,0.7,0.5,81.0,27.4,0,2007
Trenton Hassell,27.0,MIN,2223.0,9.7,0.529,2.6,-1.9,0.0,6.7,2.7,3.2,0.3,0.3,76.0,29.3,0,2007
Baron Davis,27.0,GSW,2221.0,21.0,0.53,6.4,3.6,3.2,20.1,8.1,4.4,0.5,2.1,63.0,35.3,0,2007
Delonte West,23.0,BOS,2219.0,14.0,0.526,3.7,0.4,1.3,12.2,4.4,3.0,0.5,1.1,69.0,32.2,0,2007
Ray Allen,31.0,SEA,2219.0,21.6,0.564,6.3,3.7,3.2,26.4,4.1,4.5,0.2,1.5,55.0,40.3,0,2007
Luther Head,24.0,HOU,2211.0,13.7,0.584,5.7,1.6,2.0,10.9,2.4,3.2,0.1,1.0,80.0,27.6,0,2007
Lamar Odom,27.0,LAL,2202.0,16.1,0.552,4.7,1.1,1.7,15.9,4.8,9.8,0.6,0.9,56.0,39.3,0,2007
Jamal Crawford,26.0,NYK,2198.0,14.5,0.517,3.1,-0.5,0.8,17.6,4.4,3.2,0.1,1.0,59.0,37.3,0,2007
Marvin Williams,20.0,ATL,2179.0,12.2,0.51,2.3,-3.1,-0.6,13.1,1.9,5.3,0.5,0.8,64.0,34.0,0,2007
Chris Kaman,24.0,LAC,2176.0,12.9,0.502,2.9,-3.0,-0.5,10.1,1.1,7.8,1.5,0.5,75.0,29.0,0,2007
Hakim Warrick,24.0,MEM,2152.0,15.9,0.592,3.7,-2.0,0.0,12.7,0.9,5.1,0.4,0.5,82.0,26.2,0,2007
Earl Watson,27.0,SEA,2152.0,13.5,0.483,2.0,-0.7,0.7,9.4,5.7,2.4,0.3,1.3,77.0,27.9,0,2007
Ime Udoka,29.0,POR,2144.0,12.1,0.569,3.9,0.2,1.2,8.4,1.5,3.7,0.2,0.9,75.0,28.6,0,2007
John Salmons,27.0,SAC,2135.0,12.7,0.553,3.6,-0.5,0.8,8.5,3.2,3.3,0.3,0.9,79.0,27.0,0,2007
Pau Gasol,26.0,MEM,2133.0,24.1,0.593,6.9,3.6,3.0,20.8,3.4,9.8,2.1,0.5,59.0,36.2,0,2007
Zydrunas Ilgauskas,31.0,CLE,2130.0,18.0,0.527,6.6,0.4,1.3,11.9,1.6,7.7,1.3,0.6,78.0,27.3,0,2007
Juwan Howard,33.0,HOU,2123.0,12.8,0.517,4.9,-2.0,0.0,9.7,1.6,5.9,0.1,0.4,80.0,26.5,0,2007
Rudy Gay,20.0,MEM,2103.0,12.4,0.497,0.5,-2.2,-0.1,10.8,1.3,4.5,0.9,0.9,78.0,27.0,0,2007
Luke Ridnour,25.0,SEA,2091.0,13.7,0.509,2.3,-1.5,0.2,11.0,5.2,2.3,0.3,1.2,71.0,29.5,0,2007
Mikki Moore,31.0,NJN,2082.0,14.8,0.637,5.7,-1.2,0.4,9.8,0.9,5.1,0.8,0.6,79.0,26.4,0,2007
Devin Harris,23.0,DAL,2081.0,16.0,0.574,6.5,1.2,1.7,10.2,3.7,2.5,0.3,1.2,80.0,26.0,0,2007
Mike James,31.0,MIN,2069.0,13.3,0.528,2.8,-1.6,0.2,10.1,3.6,2.0,0.1,0.7,82.0,25.2,0,2007
Chucky Atkins,32.0,MEM,2064.0,17.4,0.58,4.9,0.4,1.2,13.2,4.6,1.9,0.1,0.7,75.0,27.5,0,2007
Manu Ginóbili,29.0,SAS,2060.0,24.1,0.609,10.6,7.8,5.1,16.5,3.5,4.4,0.4,1.5,75.0,27.5,0,2007
Tim Thomas,29.0,LAC,2054.0,13.6,0.532,3.9,0.7,1.4,11.0,2.3,5.0,0.4,0.7,76.0,27.0,0,2007
Andrei Kirilenko,25.0,UTA,2049.0,14.3,0.558,4.4,3.8,3.0,8.3,2.9,4.7,2.1,1.1,70.0,29.3,0,2007
Damien Wilkins,27.0,SEA,2037.0,13.1,0.535,2.8,-0.9,0.6,8.8,1.9,2.8,0.2,1.1,82.0,24.8,0,2007
Michael Redd,27.0,MIL,2036.0,22.3,0.586,6.1,3.0,2.5,26.7,2.3,3.7,0.2,1.2,53.0,38.4,0,2007
Earl Boykins,30.0,2TM,2031.0,16.2,0.548,4.5,0.4,1.3,14.6,4.4,2.1,0.0,0.8,66.0,30.8,0,2007
Zaza Pachulia,22.0,ATL,2026.0,16.8,0.562,4.8,-0.8,0.6,12.2,1.5,6.9,0.5,1.1,72.0,28.1,0,2007
Josh Childress,23.0,ATL,2024.0,16.2,0.586,5.5,1.7,1.9,13.0,2.3,6.2,0.7,1.1,55.0,36.8,0,2007
Shareef Abdur-Rahim,30.0,SAC,2015.0,13.1,0.524,2.8,-2.5,-0.2,9.9,1.4,5.0,0.5,0.7,80.0,25.2,0,2007
Brandon Roy,22.0,POR,2015.0,18.0,0.548,4.8,2.0,2.0,16.8,4.0,4.4,0.2,1.2,57.0,35.4,0,2007
Grant Hill,34.0,ORL,2009.0,16.3,0.582,5.1,1.1,1.6,14.4,2.1,3.6,0.4,0.9,65.0,30.9,0,2007
Luke Walton,26.0,LAL,1982.0,14.7,0.551,3.8,0.4,1.2,11.4,4.3,5.0,0.4,1.0,60.0,33.0,0,2007
Matt Harpring,30.0,UTA,1965.0,14.7,0.564,4.7,-1.0,0.5,11.6,1.3,4.6,0.1,0.7,77.0,25.5,0,2007
Richard Jefferson,26.0,NJN,1956.0,13.8,0.555,3.4,-1.4,0.3,16.3,2.7,4.4,0.1,0.6,55.0,35.6,0,2007
Mickaël Piétrus,24.0,GSW,1937.0,13.0,0.59,3.6,-1.3,0.4,11.1,0.9,4.5,0.8,0.7,72.0,26.9,0,2007
Anderson Varejão,24.0,CLE,1932.0,14.4,0.527,6.6,0.0,1.0,6.8,0.9,6.7,0.6,0.9,81.0,23.9,0,2007
Dwyane Wade,25.0,MIA,1931.0,28.9,0.583,8.8,8.2,4.9,27.4,7.5,4.7,1.2,2.1,51.0,37.9,0,2007
Eric Snow,33.0,CLE,1929.0,8.6,0.458,2.8,-2.6,-0.3,4.2,4.0,2.3,0.2,0.7,82.0,23.5,0,2007
Juan Dixon,28.0,2TM,1926.0,11.8,0.516,1.7,-2.0,0.0,9.6,1.5,2.0,0.1,0.9,81.0,23.8,0,2007
James Posey,30.0,MIA,1919.0,12.7,0.579,5.2,0.9,1.4,7.7,1.3,5.0,0.3,1.0,71.0,27.0,0,2007
Erick Dampier,31.0,DAL,1915.0,14.9,0.642,6.4,0.2,1.1,7.1,0.6,7.4,1.1,0.3,76.0,25.2,0,2007
Darko Miličić,21.0,ORL,1913.0,13.8,0.492,3.3,-0.5,0.7,8.0,1.1,5.5,1.8,0.6,80.0,23.9,0,2007
Jorge Garbajosa,29.0,TOR,1909.0,12.1,0.503,3.0,0.3,1.1,8.5,1.9,4.9,0.2,1.2,67.0,28.5,0,2007
Chris Duhon,24.0,CHI,1906.0,11.9,0.529,4.8,0.5,1.2,7.2,4.0,2.2,0.1,0.9,78.0,24.4,0,2007
David West,26.0,NOK,1900.0,18.9,0.532,5.2,0.9,1.4,18.3,2.2,8.2,0.7,0.8,52.0,36.5,0,2007
Channing Frye,23.0,NYK,1896.0,10.5,0.464,0.9,-4.0,-0.9,9.5,0.9,5.5,0.6,0.5,72.0,26.3,0,2007
Randy Foye,23.0,MIN,1879.0,14.0,0.536,2.3,-1.0,0.5,10.1,2.8,2.7,0.3,0.6,82.0,22.9,0,2007
Matt Carroll,26.0,CHA,1878.0,14.6,0.58,4.6,0.3,1.1,12.1,1.3,2.9,0.1,0.7,72.0,26.1,0,2007
Jason Williams,31.0,MIA,1865.0,15.0,0.54,4.3,0.4,1.1,10.9,5.3,2.3,0.0,1.0,61.0,30.6,0,2007
Troy Murphy,26.0,2TM,1852.0,14.5,0.541,4.5,0.5,1.1,10.3,1.9,6.1,0.6,0.7,68.0,27.2,0,2007
Jason Collins,28.0,NJN,1844.0,3.0,0.408,0.6,-5.8,-1.8,2.1,0.6,4.0,0.5,0.5,80.0,23.1,0,2007
Willie Green,25.0,PHI,1842.0,10.3,0.458,-0.7,-4.7,-1.2,11.3,1.5,2.1,0.1,0.8,74.0,24.9,0,2007
Rajon Rondo,20.0,BOS,1831.0,13.1,0.472,2.4,-0.2,0.8,6.4,3.8,3.7,0.1,1.6,78.0,23.5,0,2007
Michael Finley,33.0,SAS,1823.0,13.7,0.524,4.7,0.7,1.2,9.0,1.3,2.7,0.2,0.4,82.0,22.2,0,2007
Chris Webber,33.0,2TM,1821.0,16.0,0.482,3.4,1.0,1.4,11.2,3.1,7.2,0.7,1.0,61.0,29.9,0,2007
Antoine Walker,30.0,MIA,1818.0,9.6,0.462,-0.3,-3.6,-0.7,8.5,1.7,4.3,0.2,0.6,78.0,23.3,0,2007
Matt Barnes,26.0,GSW,1813.0,14.7,0.547,3.7,0.9,1.3,9.8,2.1,4.6,0.5,1.0,76.0,23.9,0,2007
Andrew Bynum,19.0,LAL,1793.0,15.4,0.593,4.2,-1.0,0.5,7.8,1.1,5.9,1.6,0.1,82.0,21.9,0,2007
Brad Miller,30.0,SAC,1783.0,13.5,0.508,2.7,0.1,0.9,9.0,3.6,6.4,0.6,0.6,63.0,28.3,0,2007
Gerald Green,21.0,BOS,1780.0,12.0,0.521,1.6,-2.5,-0.2,10.4,1.0,2.6,0.3,0.5,81.0,22.0,0,2007
Jason Kapono,25.0,MIA,1767.0,13.8,0.613,4.2,-0.5,0.7,10.9,1.2,2.7,0.0,0.6,67.0,26.4,0,2007
Antonio Daniels,31.0,WAS,1761.0,15.0,0.572,4.3,-0.3,0.8,7.1,3.6,1.9,0.1,0.5,80.0,22.0,0,2007
Martell Webster,20.0,POR,1759.0,9.9,0.522,1.3,-2.0,0.0,7.0,0.6,2.9,0.2,0.4,82.0,21.5,0,2007
Brendan Haywood,27.0,WAS,1740.0,14.2,0.571,3.4,-1.8,0.1,6.6,0.6,6.2,1.1,0.4,77.0,22.6,0,2007
Jeff Foster,30.0,IND,1740.0,13.0,0.513,4.5,-0.9,0.5,4.3,0.8,8.1,0.5,0.8,75.0,23.2,0,2007
Paul Pierce,29.0,BOS,1740.0,21.7,0.571,5.4,4.2,2.7,25.0,4.1,5.9,0.3,1.0,47.0,37.0,0,2007
Maurice Evans,28.0,LAL,1732.0,12.1,0.523,2.6,-2.3,-0.1,8.4,1.0,2.9,0.2,0.5,76.0,22.8,0,2007
David Lee,23.0,NYK,1731.0,20.2,0.652,6.9,3.0,2.2,10.7,1.8,10.4,0.4,0.8,58.0,29.8,0,2007
Antonio McDyess,32.0,DET,1729.0,18.1,0.552,6.0,0.6,1.1,8.1,0.9,6.0,0.8,0.7,82.0,21.1,0,2007
Nenê,24.0,DEN,1715.0,17.8,0.611,5.3,0.3,1.0,12.2,1.2,7.0,0.9,1.0,64.0,26.8,0,2007
Chuck Hayes,23.0,HOU,1714.0,13.9,0.587,6.4,-0.7,0.6,5.6,0.6,6.7,0.2,0.9,78.0,22.0,0,2007
Jannero Pargo,27.0,NOK,1710.0,13.4,0.504,2.0,-0.8,0.5,9.2,2.5,2.2,0.0,0.6,82.0,20.9,0,2007
Jamaal Magloire,28.0,POR,1703.0,11.5,0.527,1.1,-4.4,-1.0,6.5,0.4,6.1,0.8,0.3,81.0,21.0,0,2007
Quinton Ross,25.0,LAC,1700.0,10.5,0.508,3.2,-1.0,0.4,5.2,1.1,2.3,0.4,0.9,81.0,21.0,0,2007
Rasho Nesterović,30.0,TOR,1676.0,13.9,0.558,4.1,-0.3,0.7,6.2,0.9,4.5,1.1,0.5,80.0,21.0,0,2007
Jason Richardson,26.0,GSW,1675.0,15.5,0.512,3.0,0.8,1.2,16.0,3.4,5.1,0.6,1.1,51.0,32.8,0,2007
Dahntay Jones,26.0,MEM,1671.0,9.6,0.542,0.7,-4.6,-1.1,7.5,0.9,2.0,0.3,0.5,78.0,21.4,0,2007
Devin Brown,28.0,NOK,1662.0,14.3,0.538,3.5,0.1,0.9,11.6,2.6,4.3,0.2,0.8,58.0,28.7,0,2007
Eduardo Nájera,30.0,DEN,1658.0,13.5,0.609,4.8,0.2,0.9,6.6,0.9,4.1,0.3,1.0,75.0,22.1,0,2007
Brent Barry,35.0,SAS,1631.0,16.6,0.666,6.8,4.3,2.6,8.5,1.8,2.1,0.2,0.7,75.0,21.7,0,2007
Andrea Bargnani,21.0,TOR,1629.0,12.8,0.546,1.9,-1.8,0.1,11.6,0.8,3.9,0.8,0.5,65.0,25.1,0,2007
Jarvis Hayes,25.0,WAS,1626.0,10.7,0.502,1.5,-2.6,-0.3,7.2,1.0,2.6,0.2,0.6,81.0,20.1,0,2007
Yao Ming,26.0,HOU,1624.0,26.5,0.601,7.4,5.0,2.8,25.0,2.0,9.4,2.0,0.4,48.0,33.8,0,2007
Quentin Richardson,26.0,NYK,1621.0,14.3,0.532,3.5,0.7,1.1,13.0,2.2,7.2,0.1,0.7,49.0,33.1,0,2007
Jerry Stackhouse,32.0,DAL,1615.0,16.8,0.537,4.1,1.2,1.3,12.0,2.8,2.2,0.1,0.8,67.0,24.1,0,2007
José Calderón,25.0,TOR,1614.0,19.1,0.588,5.4,2.0,1.6,8.7,5.0,1.7,0.1,0.8,77.0,21.0,0,2007
Shaun Livingston,21.0,LAC,1611.0,13.7,0.503,2.4,0.0,0.8,9.3,5.1,3.4,0.5,1.1,54.0,29.8,0,2007
Steven Hunter,25.0,PHI,1605.0,12.3,0.573,2.8,-1.8,0.1,6.4,0.4,4.8,1.1,0.2,70.0,22.9,0,2007
Eddie Jones,35.0,2TM,1594.0,12.3,0.542,3.1,0.4,1.0,7.7,1.7,3.0,0.2,1.1,64.0,24.9,0,2007
Sebastian Telfair,21.0,BOS,1578.0,8.6,0.458,0.5,-4.2,-0.9,6.1,2.8,1.4,0.1,0.6,78.0,20.2,0,2007
Kendrick Perkins,22.0,BOS,1576.0,9.5,0.518,1.4,-2.6,-0.3,4.5,1.3,5.2,1.3,0.3,72.0,21.9,0,2007
Tony Battie,30.0,ORL,1575.0,9.8,0.513,2.7,-2.1,0.0,6.1,0.5,5.2,0.5,0.4,66.0,23.9,0,2007
Alonzo Mourning,36.0,MIA,1572.0,16.7,0.59,3.5,-1.9,0.0,8.6,0.2,4.5,2.3,0.2,77.0,20.4,0,2007
Allen Iverson,32.0,DEN,3424.0,20.9,0.567,11.6,2.7,4.0,26.4,7.1,3.0,0.1,2.0,82.0,41.8,0,2008
Joe Johnson,26.0,ATL,3343.0,17.3,0.535,7.0,1.2,2.7,21.7,5.8,4.5,0.2,1.0,82.0,40.8,0,2008
Andre Iguodala,24.0,PHI,3242.0,19.0,0.543,9.6,4.0,4.9,19.9,4.8,5.4,0.6,2.1,82.0,39.5,0,2008
Richard Jefferson,27.0,NJN,3200.0,17.4,0.571,7.6,0.3,1.8,22.6,3.1,4.2,0.3,0.9,82.0,39.0,0,2008
Baron Davis,28.0,GSW,3196.0,19.8,0.523,8.7,3.6,4.5,21.8,7.6,4.7,0.5,2.3,82.0,39.0,0,2008
Kobe Bryant,29.0,LAL,3192.0,24.2,0.576,13.8,5.8,6.3,28.3,5.4,6.3,0.5,1.8,82.0,38.9,1,2008
Jamal Crawford,27.0,NYK,3190.0,16.0,0.528,5.0,0.3,1.9,20.6,5.0,2.6,0.2,1.0,80.0,39.9,0,2008
Jason Richardson,27.0,CHA,3149.0,18.4,0.554,7.4,3.0,4.0,21.8,3.1,5.4,0.7,1.4,82.0,38.4,0,2008
Dwight Howard,22.0,ORL,3088.0,22.9,0.619,12.9,2.8,3.7,20.7,1.3,14.2,2.1,0.9,82.0,37.7,0,2008
Rashard Lewis,28.0,ORL,3076.0,16.7,0.591,9.8,3.1,4.0,18.2,2.4,5.4,0.5,1.2,81.0,38.0,0,2008
Monta Ellis,22.0,GSW,3071.0,19.0,0.58,9.0,1.6,2.8,20.2,3.9,5.0,0.3,1.5,81.0,37.9,0,2008
Antawn Jamison,31.0,WAS,3061.0,20.3,0.525,9.2,1.7,2.9,21.4,1.5,10.2,0.4,1.3,79.0,38.7,0,2008
Deron Williams,23.0,UTA,3059.0,20.8,0.595,11.3,3.8,4.5,18.8,10.5,3.0,0.3,1.1,82.0,37.3,0,2008
LeBron James,23.0,CLE,3027.0,29.1,0.568,15.2,10.9,9.8,30.0,7.2,7.9,1.1,1.8,75.0,40.4,0,2008
Hedo Türkoğlu,28.0,ORL,3026.0,17.8,0.576,9.0,2.7,3.6,19.5,5.0,5.7,0.3,0.9,82.0,36.9,0,2008
Andre Miller,31.0,PHI,3016.0,18.4,0.537,8.3,1.8,2.9,17.0,6.9,4.0,0.1,1.3,82.0,36.8,0,2008
Chris Paul,22.0,NOH,3006.0,28.3,0.576,17.8,10.4,9.3,21.1,11.6,4.0,0.1,2.7,80.0,37.6,0,2008
Rudy Gay,21.0,MEM,3000.0,17.4,0.546,5.0,0.8,2.1,20.1,2.0,6.2,1.0,1.4,81.0,37.0,0,2008
Raymond Felton,23.0,CHA,2972.0,13.8,0.5,3.4,-2.1,-0.1,14.4,7.4,3.0,0.2,1.2,79.0,37.6,0,2008
Ricky Davis,28.0,MIA,2963.0,12.0,0.534,1.9,-2.0,0.0,13.8,3.4,4.3,0.2,1.1,82.0,36.1,0,2008
Vince Carter,31.0,NJN,2959.0,18.8,0.55,7.7,2.4,3.3,21.3,5.1,6.0,0.4,1.2,76.0,38.9,0,2008
Mike Dunleavy,27.0,IND,2953.0,17.3,0.605,8.5,1.7,2.8,19.1,3.5,5.2,0.4,1.0,82.0,36.0,0,2008
Lamar Odom,28.0,LAL,2921.0,16.9,0.582,9.7,2.3,3.2,14.2,3.5,10.6,0.9,1.0,77.0,37.9,0,2008
Al Jefferson,23.0,MIN,2919.0,22.7,0.535,7.7,1.6,2.6,21.0,1.4,11.1,1.5,0.9,82.0,35.6,0,2008
Shane Battier,29.0,HOU,2907.0,11.7,0.561,8.2,2.0,2.9,9.3,1.9,5.1,1.1,1.0,80.0,36.3,0,2008
Jason Kidd,34.0,2TM,2906.0,16.7,0.499,5.9,3.0,3.6,10.8,10.1,7.5,0.3,1.7,80.0,36.3,0,2008
Danny Granger,24.0,IND,2876.0,16.7,0.571,7.3,1.4,2.5,19.6,2.1,6.1,1.1,1.2,80.0,36.0,0,2008
Paul Pierce,30.0,BOS,2874.0,19.6,0.599,12.4,4.8,5.0,19.6,4.5,5.1,0.5,1.3,80.0,35.9,0,2008
Josh Smith,22.0,ATL,2873.0,19.0,0.52,5.8,3.0,3.7,17.2,3.4,8.2,2.8,1.5,81.0,35.5,0,2008
David West,27.0,NOH,2870.0,19.9,0.535,8.4,1.5,2.6,20.6,2.3,8.9,1.3,0.8,76.0,37.8,0,2008
Stephen Jackson,29.0,GSW,2855.0,14.9,0.536,4.6,-0.2,1.3,20.1,4.1,4.4,0.4,1.3,73.0,39.1,0,2008
Carlos Boozer,26.0,UTA,2827.0,21.9,0.581,10.2,2.8,3.5,21.1,2.9,10.4,0.5,1.2,81.0,34.9,0,2008
Carmelo Anthony,23.0,DEN,2806.0,21.1,0.568,8.2,1.6,2.5,25.7,3.4,7.4,0.5,1.3,77.0,36.4,0,2008
Brandon Roy,23.0,POR,2792.0,19.4,0.531,8.0,3.3,3.6,19.1,5.8,4.7,0.2,1.1,74.0,37.7,0,2008
Tyson Chandler,25.0,NOH,2783.0,17.5,0.632,10.0,0.4,1.7,11.8,1.0,11.7,1.1,0.6,79.0,35.2,0,2008
Steve Nash,33.0,PHO,2780.0,21.1,0.641,10.5,3.9,4.2,16.9,11.1,3.5,0.1,0.7,81.0,34.3,0,2008
Dirk Nowitzki,29.0,DAL,2769.0,24.6,0.585,12.9,6.6,6.0,23.6,3.5,8.6,0.9,0.7,77.0,36.0,0,2008
Kevin Durant,19.0,SEA,2768.0,15.8,0.519,2.3,-0.1,1.3,20.3,2.4,4.4,0.9,1.0,80.0,34.6,0,2008
Marvin Williams,21.0,ATL,2765.0,14.5,0.54,5.7,-1.4,0.4,14.8,1.7,5.7,0.4,1.0,80.0,34.6,0,2008
Marcus Camby,33.0,DEN,2758.0,17.2,0.498,8.5,3.4,3.8,9.1,3.3,13.1,3.6,1.1,79.0,34.9,0,2008
Josh Howard,27.0,DAL,2757.0,18.3,0.534,8.0,1.2,2.2,19.9,2.2,7.0,0.4,0.8,76.0,36.3,0,2008
Samuel Dalembert,26.0,PHI,2724.0,15.6,0.556,6.9,-1.0,0.7,10.5,0.5,10.4,2.3,0.5,82.0,33.2,0,2008
Andrew Bogut,23.0,MIL,2720.0,17.5,0.532,4.8,0.0,1.4,14.3,2.6,9.8,1.7,0.8,78.0,34.9,0,2008
Emeka Okafor,25.0,CHA,2718.0,17.4,0.553,5.8,-1.1,0.6,13.8,0.9,10.7,1.7,0.8,82.0,33.1,0,2008
Peja Stojaković,30.0,NOH,2711.0,15.7,0.581,8.1,1.7,2.5,16.4,1.2,4.3,0.1,0.7,77.0,35.2,0,2008
Cuttino Mobley,32.0,LAC,2702.0,11.5,0.514,2.1,-2.3,-0.2,12.8,2.6,3.6,0.4,1.0,77.0,35.1,0,2008
Michael Redd,28.0,MIL,2702.0,18.8,0.559,5.8,1.5,2.4,22.7,3.4,4.3,0.2,0.9,72.0,37.5,0,2008
Tayshaun Prince,27.0,DET,2694.0,15.6,0.516,7.5,1.6,2.5,13.2,3.3,4.9,0.4,0.5,82.0,32.9,0,2008
Amar'e Stoudemire,25.0,PHO,2677.0,27.6,0.656,14.6,4.8,4.6,25.2,1.5,9.1,2.1,0.8,79.0,33.9,0,2008
Tim Duncan,31.0,SAS,2651.0,24.4,0.546,11.1,5.2,4.8,19.3,2.8,11.3,1.9,0.7,78.0,34.0,0,2008
LaMarcus Aldridge,22.0,POR,2649.0,18.5,0.523,6.2,0.2,1.5,17.8,1.6,7.6,1.2,0.7,76.0,34.9,0,2008
Raja Bell,31.0,PHO,2646.0,10.5,0.561,4.5,-0.8,0.8,11.9,2.2,3.7,0.4,0.7,75.0,35.3,0,2008
Anthony Parker,32.0,TOR,2634.0,14.4,0.58,6.2,0.9,1.9,12.5,2.2,4.1,0.2,1.0,82.0,32.1,0,2008
Ray Allen,32.0,BOS,2624.0,16.4,0.584,9.7,3.0,3.3,17.4,3.1,3.7,0.2,0.9,73.0,35.9,0,2008
Jason Terry,30.0,DAL,2579.0,17.8,0.574,8.6,3.1,3.3,15.5,3.2,2.5,0.2,1.1,82.0,31.5,0,2008
DeShawn Stevenson,26.0,WAS,2564.0,12.6,0.529,4.1,-0.2,1.2,11.2,3.1,2.9,0.2,0.8,82.0,31.3,0,2008
Al Horford,21.0,ATL,2540.0,14.7,0.539,5.5,-1.6,0.3,10.1,1.5,9.7,0.9,0.7,81.0,31.4,0,2008
Rafer Alston,31.0,HOU,2526.0,13.2,0.492,5.0,0.5,1.6,13.1,5.3,3.5,0.2,1.3,74.0,34.1,0,2008
Chauncey Billups,31.0,DET,2522.0,23.6,0.619,13.5,7.7,6.2,17.0,6.8,2.7,0.2,1.3,78.0,32.3,0,2008
John Salmons,28.0,SAC,2517.0,13.9,0.556,3.7,-0.6,0.9,12.5,2.6,4.3,0.4,1.1,81.0,31.1,0,2008
Brad Miller,31.0,SAC,2513.0,16.8,0.558,6.5,1.7,2.3,13.4,3.7,9.5,1.0,1.0,72.0,34.9,0,2008
Corey Maggette,28.0,LAC,2502.0,19.3,0.595,6.9,1.9,2.4,22.1,2.7,5.6,0.1,1.0,70.0,35.7,0,2008
José Calderón,26.0,TOR,2484.0,20.5,0.607,10.2,4.5,4.1,11.2,8.3,2.9,0.1,1.1,82.0,30.3,0,2008
Mike Miller,27.0,MEM,2474.0,16.1,0.625,5.0,1.1,2.0,16.4,3.4,6.7,0.2,0.5,70.0,35.3,0,2008
Bruce Bowen,36.0,SAS,2448.0,7.0,0.527,4.4,-1.4,0.4,6.0,1.1,2.9,0.3,0.7,81.0,30.2,0,2008
Tracy McGrady,28.0,HOU,2440.0,18.4,0.487,5.8,2.9,3.1,21.6,5.9,5.1,0.5,1.0,66.0,37.0,0,2008
Ryan Gomes,25.0,MIN,2434.0,15.7,0.539,4.8,-0.1,1.1,12.6,1.8,5.8,0.1,0.8,82.0,29.7,0,2008
Chris Bosh,23.0,TOR,2425.0,23.8,0.588,10.1,4.4,3.9,22.3,2.6,8.7,1.0,0.9,67.0,36.2,0,2008
Steve Blake,27.0,POR,2424.0,12.0,0.518,3.8,-0.5,0.9,8.5,5.1,2.4,0.0,0.7,81.0,29.9,0,2008
Richard Hamilton,29.0,DET,2424.0,18.2,0.552,7.7,2.3,2.6,17.3,4.2,3.3,0.1,1.0,72.0,33.7,0,2008
Leandro Barbosa,25.0,PHO,2421.0,15.8,0.575,5.5,0.2,1.4,15.6,2.6,2.8,0.2,0.9,82.0,29.5,0,2008
Mo Williams,25.0,MIL,2410.0,17.0,0.566,4.5,0.3,1.4,17.2,6.3,3.5,0.2,1.2,66.0,36.5,0,2008
Mehmet Okur,28.0,UTA,2390.0,15.2,0.556,6.7,0.8,1.7,14.5,2.0,7.7,0.4,0.8,72.0,33.2,0,2008
Mikki Moore,32.0,SAC,2385.0,11.5,0.613,4.6,-2.4,-0.3,8.5,1.0,6.0,0.6,0.4,82.0,29.1,0,2008
Kirk Hinrich,27.0,CHI,2380.0,13.1,0.501,3.6,-0.8,0.7,11.5,6.0,3.3,0.3,1.2,75.0,31.7,0,2008
Gerald Wallace,25.0,CHA,2376.0,17.5,0.547,4.6,2.1,2.5,19.4,3.5,6.0,0.9,2.1,62.0,38.3,0,2008
David Lee,24.0,NYK,2356.0,18.0,0.606,7.4,0.4,1.4,10.8,1.2,8.9,0.4,0.7,81.0,29.1,0,2008
Pau Gasol,27.0,2TM,2351.0,21.6,0.594,8.4,3.4,3.2,18.9,3.2,8.4,1.5,0.5,66.0,35.6,0,2008
Rasheed Wallace,33.0,DET,2346.0,17.2,0.523,7.6,4.1,3.6,12.7,1.8,6.6,1.7,1.2,77.0,30.5,0,2008
Kevin Garnett,31.0,BOS,2328.0,25.3,0.588,12.9,8.2,6.0,18.8,3.4,9.2,1.3,1.4,71.0,32.8,0,2008
Shawn Marion,29.0,2TM,2315.0,19.2,0.57,7.4,3.3,3.1,15.4,2.2,10.2,1.3,2.0,63.0,36.7,0,2008
Caron Butler,27.0,WAS,2314.0,20.7,0.558,7.2,4.1,3.5,20.3,4.9,6.7,0.3,2.2,58.0,39.9,0,2008
Tony Parker,25.0,SAS,2312.0,20.0,0.542,7.0,2.4,2.6,18.8,6.0,3.2,0.1,0.8,69.0,33.5,0,2008
Boris Diaw,25.0,PHO,2308.0,12.0,0.516,3.0,-0.8,0.7,8.8,3.9,4.6,0.5,0.7,82.0,28.1,0,2008
Rajon Rondo,21.0,BOS,2306.0,15.6,0.515,7.2,2.1,2.4,10.6,5.1,4.2,0.2,1.7,77.0,29.9,0,2008
Manu Ginóbili,30.0,SAS,2299.0,24.3,0.612,11.1,8.3,6.0,19.5,4.5,4.8,0.4,1.5,74.0,31.1,0,2008
Ben Gordon,24.0,CHI,2291.0,16.4,0.558,5.1,0.9,1.7,18.6,3.0,3.1,0.1,0.8,72.0,31.8,0,2008
Antonio McDyess,33.0,DET,2285.0,14.1,0.511,6.7,-0.5,0.9,8.8,1.1,8.5,0.7,0.8,78.0,29.3,0,2008
Josh Childress,24.0,ATL,2274.0,17.8,0.647,7.6,2.0,2.3,11.8,1.5,4.9,0.6,0.9,76.0,29.9,0,2008
Earl Watson,28.0,SEA,2269.0,14.6,0.517,2.9,-0.9,0.6,10.7,6.8,2.9,0.1,0.9,78.0,29.1,0,2008
Jeff Green,21.0,SEA,2253.0,9.8,0.491,0.2,-4.1,-1.2,10.5,1.5,4.7,0.6,0.6,80.0,28.2,0,2008
Derek Fisher,33.0,LAL,2249.0,13.8,0.556,5.7,-0.4,0.9,11.7,2.9,2.1,0.0,1.0,82.0,27.4,0,2008
Zach Randolph,26.0,NYK,2244.0,18.0,0.513,3.0,-0.6,0.8,17.6,2.0,10.3,0.2,0.9,69.0,32.5,0,2008
Jarrett Jack,24.0,POR,2229.0,13.0,0.558,3.2,-1.2,0.5,9.9,3.8,2.9,0.0,0.7,82.0,27.2,0,2008
Brendan Haywood,28.0,WAS,2228.0,18.3,0.582,6.8,-0.2,1.0,10.6,0.9,7.2,1.7,0.4,80.0,27.9,0,2008
Nick Collison,27.0,SEA,2223.0,15.0,0.537,4.5,-1.4,0.3,9.8,1.4,9.4,0.8,0.6,78.0,28.5,0,2008
Zydrunas Ilgauskas,32.0,CLE,2222.0,18.7,0.522,6.1,-0.4,0.9,14.1,1.4,9.3,1.6,0.5,73.0,30.4,0,2008
Grant Hill,35.0,PHO,2222.0,15.7,0.576,5.9,1.4,1.9,13.1,2.9,5.0,0.8,0.9,70.0,31.7,0,2008
Andrei Kirilenko,26.0,UTA,2217.0,17.2,0.603,7.1,5.2,4.0,11.0,4.0,4.7,1.5,1.2,72.0,30.8,0,2008
Kevin Martin,24.0,SAC,2216.0,21.0,0.618,8.4,2.4,2.4,23.7,2.1,4.5,0.1,1.0,61.0,36.3,0,2008
Ben Wallace,33.0,2TM,2205.0,12.0,0.408,3.6,0.2,1.2,4.8,1.5,8.4,1.6,1.2,72.0,30.6,0,2008
Michael Finley,34.0,SAS,2204.0,11.4,0.519,4.2,-0.6,0.8,10.1,1.4,3.1,0.1,0.4,82.0,26.9,0,2008
Keith Bogans,27.0,ORL,2198.0,10.9,0.559,4.9,0.6,1.4,8.7,1.3,3.2,0.1,0.7,82.0,26.8,0,2008
Al Harrington,27.0,GSW,2190.0,15.6,0.547,5.4,0.2,1.2,13.6,1.6,5.4,0.2,0.9,81.0,27.0,0,2008
Marko Jarić,29.0,MIN,2189.0,12.1,0.518,2.4,-0.9,0.6,8.3,4.1,3.0,0.4,1.3,75.0,29.2,0,2008
Travis Outlaw,23.0,POR,2186.0,15.7,0.499,3.2,-0.3,1.0,13.3,1.3,4.6,0.8,0.7,82.0,26.7,0,2008
Metta World Peace,28.0,SAC,2172.0,18.8,0.535,4.7,2.8,2.6,20.5,3.5,5.8,0.7,2.3,57.0,38.1,0,2008
Jamario Moon,27.0,TOR,2166.0,15.0,0.54,5.7,1.9,2.2,8.5,1.2,6.2,1.4,1.0,78.0,27.8,0,2008
Antonio Daniels,32.0,WAS,2161.0,13.7,0.549,4.5,-0.8,0.7,8.4,4.8,2.9,0.0,1.0,71.0,30.4,0,2008
Kenyon Martin,30.0,DEN,2159.0,14.7,0.553,5.0,-0.8,0.6,12.4,1.3,6.5,1.2,1.2,71.0,30.4,0,2008
Al Thornton,24.0,LAC,2158.0,12.7,0.504,1.1,-3.4,-0.8,12.7,1.2,4.5,0.5,0.6,79.0,27.3,0,2008
Martell Webster,21.0,POR,2132.0,12.0,0.548,3.5,-0.2,1.0,10.7,1.2,3.9,0.4,0.6,75.0,28.4,0,2008
Luol Deng,22.0,CHI,2128.0,17.0,0.528,4.4,0.1,1.1,17.0,2.5,6.3,0.5,0.9,63.0,33.8,0,2008
Drew Gooden,26.0,2TM,2122.0,13.8,0.495,3.3,-2.8,-0.4,12.0,1.2,8.6,0.8,0.7,69.0,30.8,0,2008
Juan Carlos Navarro,27.0,MEM,2117.0,11.9,0.54,1.4,-2.3,-0.2,10.9,2.2,2.6,0.0,0.6,82.0,25.8,0,2008
Troy Murphy,27.0,IND,2106.0,16.0,0.573,6.2,1.2,1.7,12.2,2.2,7.2,0.4,0.7,75.0,28.1,0,2008
Francisco García,26.0,SAC,2096.0,15.1,0.576,4.2,0.8,1.5,12.3,1.6,3.3,0.6,1.2,79.0,26.5,0,2008
Kyle Lowry,21.0,MEM,2089.0,14.3,0.531,3.4,-0.9,0.6,9.6,3.6,3.0,0.3,1.1,82.0,25.5,0,2008
Ronnie Brewer,22.0,UTA,2088.0,18.4,0.612,7.8,3.8,3.1,12.0,1.8,2.9,0.3,1.7,76.0,27.5,0,2008
Chris Kaman,25.0,LAC,2083.0,17.5,0.538,3.6,0.3,1.2,15.7,1.9,12.7,2.8,0.6,56.0,37.2,0,2008
Beno Udrih,25.0,SAC,2080.0,13.3,0.54,2.4,-1.4,0.3,12.8,4.3,3.3,0.2,0.9,65.0,32.0,0,2008
Andris Biedriņš,21.0,GSW,2078.0,19.2,0.637,8.0,1.1,1.6,10.5,1.0,9.8,1.2,0.7,76.0,27.3,0,2008
Yao Ming,27.0,HOU,2044.0,22.5,0.587,8.3,3.4,2.8,22.0,2.3,10.8,2.0,0.5,55.0,37.2,0,2008
Luis Scola,27.0,HOU,2024.0,16.1,0.548,6.5,0.0,1.0,10.3,1.3,6.4,0.2,0.7,82.0,24.7,0,2008
Devin Harris,24.0,2TM,2022.0,17.5,0.573,5.6,1.0,1.5,14.8,5.8,2.7,0.2,1.4,64.0,31.6,0,2008
Andrés Nocioni,28.0,CHI,2021.0,13.6,0.549,3.3,-0.8,0.6,13.2,1.2,4.2,0.5,0.3,82.0,24.6,0,2008
Rashad McCants,23.0,MIN,2020.0,14.6,0.55,1.7,-0.8,0.6,14.9,2.2,2.7,0.2,0.9,75.0,26.9,0,2008
Larry Hughes,29.0,2TM,2020.0,11.9,0.468,1.8,-2.3,-0.1,12.2,2.7,3.4,0.3,1.5,68.0,29.7,0,2008
Matt Carroll,27.0,CHA,2016.0,10.7,0.554,3.0,-2.0,0.0,9.0,0.9,2.8,0.2,0.6,80.0,25.2,0,2008
Willie Green,26.0,PHI,1970.0,12.8,0.492,2.1,-1.6,0.2,12.4,2.0,2.5,0.3,0.7,74.0,26.6,0,2008
Jameer Nelson,25.0,ORL,1961.0,15.5,0.564,5.6,1.2,1.6,10.9,5.6,3.5,0.1,0.9,69.0,28.4,0,2008
Anthony Carter,32.0,DEN,1960.0,12.8,0.531,3.8,-0.1,1.0,7.8,5.5,2.9,0.4,1.5,70.0,28.0,0,2008
Dwyane Wade,26.0,MIA,1954.0,21.5,0.549,3.3,2.9,2.3,24.6,6.9,4.2,0.7,1.7,51.0,38.3,0,2008
Tim Thomas,30.0,LAC,1940.0,12.2,0.505,1.7,-1.4,0.3,12.4,2.7,5.1,0.5,0.6,63.0,30.8,0,2008
Sebastian Telfair,22.0,MIN,1933.0,10.4,0.462,0.7,-3.1,-0.6,9.3,5.9,2.3,0.2,1.0,60.0,32.2,0,2008
Carlos Delfino,25.0,TOR,1928.0,13.6,0.527,4.0,0.4,1.2,9.0,1.8,4.4,0.1,0.8,82.0,23.5,0,2008
Kendrick Perkins,23.0,BOS,1912.0,13.3,0.632,6.2,0.5,1.2,6.9,1.1,6.1,1.5,0.4,78.0,24.5,0,2008
Linas Kleiza,23.0,DEN,1889.0,14.4,0.585,4.7,-0.9,0.5,11.1,1.2,4.2,0.2,0.6,79.0,23.9,0,2008
Jason Williams,32.0,MIA,1886.0,12.7,0.502,2.1,-0.9,0.6,8.8,4.6,1.9,0.1,1.2,67.0,28.1,0,2008
Jeff Foster,31.0,IND,1884.0,15.7,0.568,6.5,0.5,1.2,6.4,1.7,8.7,0.4,0.7,77.0,24.5,0,2008
Nate Robinson,23.0,NYK,1883.0,15.3,0.526,3.2,0.0,1.0,12.7,2.9,3.1,0.0,0.8,72.0,26.2,0,2008
Reggie Evans,27.0,PHI,1879.0,11.0,0.463,2.7,-3.0,-0.5,5.2,0.8,7.5,0.1,1.1,81.0,23.2,0,2008
Lou Williams,21.0,PHI,1862.0,16.7,0.523,4.4,1.4,1.6,11.5,3.2,2.1,0.2,1.0,80.0,23.3,0,2008
Andrea Bargnani,22.0,TOR,1861.0,10.6,0.495,1.4,-3.7,-0.8,10.2,1.1,3.7,0.5,0.3,78.0,23.9,0,2008
Damien Wilkins,28.0,SEA,1843.0,11.3,0.474,1.0,-2.3,-0.2,9.2,2.0,3.2,0.3,0.8,76.0,24.3,0,2008
Quentin Richardson,27.0,NYK,1841.0,8.5,0.444,0.3,-2.8,-0.4,8.1,1.8,4.8,0.2,0.7,65.0,28.3,0,2008
Charlie Villanueva,23.0,MIL,1829.0,14.9,0.502,1.7,-2.8,-0.3,11.7,1.0,6.1,0.5,0.4,76.0,24.1,0,2008
James Posey,31.0,BOS,1821.0,12.0,0.587,6.2,2.5,2.1,7.4,1.5,4.4,0.3,1.0,74.0,24.6,0,2008
Joel Przybilla,28.0,POR,1819.0,12.3,0.611,4.3,-1.7,0.1,4.8,0.4,8.4,1.2,0.2,77.0,23.6,0,2008
Udonis Haslem,27.0,MIA,1805.0,12.7,0.517,2.5,-2.7,-0.3,12.0,1.4,9.0,0.4,0.8,49.0,36.8,0,2008
Corey Brewer,21.0,MIN,1803.0,8.3,0.429,-0.2,-4.1,-1.0,5.8,1.4,3.7,0.3,1.0,79.0,22.8,0,2008
Morris Peterson,30.0,NOH,1796.0,11.2,0.549,3.8,-0.3,0.8,8.0,0.9,2.7,0.1,0.6,76.0,23.6,0,2008
Josh Boone,23.0,NJN,1773.0,14.8,0.543,3.7,-1.8,0.1,8.2,0.8,7.3,0.9,0.5,70.0,25.3,0,2008
Jason Maxiell,24.0,DET,1768.0,16.7,0.576,6.3,-0.1,0.8,7.9,0.6,5.3,1.1,0.3,82.0,21.6,0,2008
Daniel Gibson,21.0,CLE,1765.0,11.7,0.592,4.1,-0.4,0.7,10.4,2.5,2.3,0.2,0.8,58.0,30.4,0,2008
Devin Brown,29.0,CLE,1762.0,11.3,0.494,2.4,-2.1,-0.1,7.5,2.2,3.4,0.1,0.7,78.0,22.6,0,2008
Fred Jones,28.0,NYK,1757.0,10.9,0.546,2.2,-1.3,0.3,7.6,2.4,2.4,0.3,0.7,70.0,25.1,0,2008
Erick Dampier,32.0,DAL,1755.0,15.3,0.645,6.0,1.1,1.4,6.1,0.9,7.5,1.5,0.3,72.0,24.4,0,2008
Hakim Warrick,25.0,MEM,1754.0,16.2,0.555,3.3,-1.9,0.0,11.4,0.7,4.7,0.4,0.5,75.0,23.4,0,2008
Shaquille O'Neal,35.0,2TM,1748.0,17.1,0.589,2.8,-1.1,0.4,13.6,1.5,9.1,1.4,0.5,61.0,28.7,0,2008
Chris Wilcox,25.0,SEA,1739.0,16.3,0.554,3.4,-1.0,0.4,13.4,1.2,7.0,0.6,0.7,62.0,28.0,0,2008
Wally Szczerbiak,30.0,2TM,1736.0,13.9,0.539,2.9,-0.5,0.7,11.5,1.4,2.9,0.2,0.3,75.0,23.1,0,2008
Kelenna Azubuike,24.0,GSW,1732.0,13.5,0.534,3.4,-0.8,0.5,8.5,0.9,4.0,0.4,0.6,81.0,21.4,0,2008
Kyle Korver,26.0,2TM,1732.0,12.8,0.585,4.2,0.3,1.0,9.9,1.3,2.3,0.4,0.6,75.0,23.1,0,2008
Luke Walton,27.0,LAL,1729.0,12.3,0.509,3.2,-0.3,0.7,7.2,2.9,3.9,0.2,0.8,74.0,23.4,0,2008
Joe Smith,32.0,2TM,1726.0,16.1,0.524,4.1,-1.1,0.4,10.1,0.9,5.2,0.6,0.4,77.0,22.4,0,2008
Maurice Evans,29.0,2TM,1720.0,13.9,0.571,4.9,1.0,1.3,8.9,1.1,2.9,0.1,0.6,75.0,22.9,0,2008
Roger Mason,27.0,WAS,1708.0,13.8,0.573,3.4,0.0,0.9,9.1,1.7,1.6,0.2,0.5,80.0,21.4,0,2008
Paul Millsap,22.0,UTA,1702.0,16.1,0.548,5.2,-0.2,0.8,8.1,1.0,5.6,0.9,0.9,82.0,20.8,0,2008
Desmond Mason,30.0,MIL,1702.0,12.3,0.519,1.5,-2.1,0.0,9.7,2.1,4.3,0.5,0.7,59.0,28.8,0,2008
Jordan Farmar,21.0,LAL,1690.0,15.4,0.563,3.9,1.3,1.4,9.1,2.7,2.2,0.1,0.9,82.0,20.6,0,2008
Andray Blatche,21.0,WAS,1675.0,15.5,0.512,3.0,-1.7,0.1,7.5,1.1,5.2,1.4,0.6,82.0,20.4,0,2008
Brevin Knight,32.0,LAC,1674.0,11.4,0.453,2.1,-1.7,0.1,4.6,4.4,1.9,0.1,1.4,74.0,22.6,0,2008
Eduardo Nájera,31.0,DEN,1664.0,12.1,0.57,4.1,0.2,0.9,5.9,1.2,4.3,0.5,0.9,78.0,21.3,0,2008
Darko Miličić,22.0,MEM,1663.0,11.0,0.456,0.2,-3.8,-0.8,7.2,0.8,6.1,1.6,0.5,70.0,23.8,0,2008
Boštjan Nachbar,27.0,NJN,1660.0,12.4,0.531,2.2,-1.8,0.1,9.8,1.2,3.5,0.3,0.6,75.0,22.1,0,2008
Nazr Mohammed,30.0,2TM,1650.0,15.8,0.533,3.4,-2.3,-0.1,7.8,0.9,6.0,0.7,0.5,82.0,20.1,0,2008
Yi Jianlian,20.0,MIL,1647.0,11.3,0.485,0.7,-3.9,-0.8,8.6,0.8,5.2,0.8,0.5,66.0,25.0,0,2008
Fabricio Oberto,32.0,SAS,1644.0,13.8,0.615,6.1,0.4,1.0,4.8,1.2,5.2,0.2,0.5,82.0,20.0,0,2008
Charlie Bell,28.0,MIL,1628.0,10.9,0.49,1.3,-2.5,-0.2,7.6,3.1,2.5,0.0,0.8,68.0,23.9,0,2008
Kurt Thomas,35.0,2TM,1584.0,14.2,0.514,4.1,0.1,0.9,6.3,1.0,7.2,0.8,0.8,70.0,22.6,0,2008
Chuck Hayes,24.0,HOU,1575.0,11.2,0.512,4.4,0.8,1.1,3.0,1.2,5.4,0.5,1.1,79.0,19.9,0,2008
Mike Bibby,29.0,2TM,1573.0,14.5,0.515,2.1,-1.3,0.3,13.9,6.0,3.3,0.1,1.1,48.0,32.8,0,2008
Bonzi Wells,31.0,2TM,1562.0,14.4,0.495,3.0,-0.3,0.7,9.1,1.3,4.5,0.4,1.0,73.0,21.4,0,2008
Andre Iguodala,25.0,PHI,3269.0,18.4,0.56,9.2,3.2,4.3,18.8,5.3,5.7,0.4,1.6,82.0,39.9,0,2009
Joe Johnson,27.0,ATL,3124.0,18.2,0.534,7.6,1.8,3.1,21.4,5.8,4.4,0.2,1.1,79.0,39.5,0,2009
O.J. Mayo,21.0,MEM,3120.0,14.2,0.539,3.4,-1.3,0.6,18.5,3.2,3.8,0.2,1.1,82.0,38.0,0,2009
Antawn Jamison,32.0,WAS,3096.0,20.6,0.549,8.1,1.6,2.8,22.2,1.9,8.9,0.3,1.2,81.0,38.2,0,2009
Raymond Felton,24.0,CHA,3086.0,13.7,0.483,4.3,-0.1,1.4,14.2,6.7,3.8,0.4,1.5,82.0,37.6,0,2009
Tayshaun Prince,28.0,DET,3057.0,15.0,0.516,6.2,1.2,2.5,14.2,3.1,5.8,0.6,0.5,82.0,37.3,0,2009
LeBron James,24.0,CLE,3054.0,31.7,0.591,20.3,13.2,11.8,28.4,7.2,7.6,1.1,1.7,81.0,37.7,1,2009
Dirk Nowitzki,30.0,DAL,3050.0,23.1,0.564,10.9,3.4,4.2,25.9,2.4,8.4,0.8,0.8,81.0,37.7,0,2009
Dwyane Wade,27.0,MIA,3048.0,30.4,0.574,14.7,10.6,9.6,30.2,7.5,5.0,1.3,2.2,79.0,38.6,0,2009
Paul Pierce,31.0,BOS,3035.0,17.7,0.582,10.3,3.1,3.9,20.5,3.6,5.6,0.3,1.0,81.0,37.5,0,2009
LaMarcus Aldridge,23.0,POR,3004.0,19.1,0.529,9.5,1.3,2.5,18.1,1.9,7.5,1.0,1.0,81.0,37.1,0,2009
Chris Paul,23.0,NOH,3002.0,30.0,0.599,18.3,11.0,9.9,22.8,11.0,5.5,0.1,2.8,78.0,38.5,0,2009
Derrick Rose,20.0,CHI,3000.0,16.0,0.516,4.9,-0.4,1.2,16.8,6.3,3.9,0.2,0.8,81.0,37.0,0,2009
Ben Gordon,25.0,CHI,2999.0,17.0,0.573,6.9,1.1,2.3,20.7,3.4,3.5,0.3,0.9,82.0,36.6,0,2009
Pau Gasol,28.0,LAL,2999.0,22.2,0.617,13.9,4.5,5.0,18.9,3.5,9.6,1.0,0.6,81.0,37.0,0,2009
David West,28.0,NOH,2982.0,18.9,0.54,7.8,0.6,2.0,21.0,2.3,8.5,0.9,0.6,76.0,39.2,0,2009
Andre Miller,32.0,PHI,2976.0,18.6,0.548,8.8,2.4,3.3,16.3,6.5,4.5,0.2,1.3,82.0,36.3,0,2009
Kobe Bryant,30.0,LAL,2960.0,24.4,0.561,12.7,5.9,5.9,26.8,4.9,5.2,0.5,1.5,82.0,36.1,0,2009
John Salmons,29.0,2TM,2959.0,16.0,0.58,5.6,0.3,1.7,18.3,3.2,4.2,0.3,1.1,79.0,37.5,0,2009
Vince Carter,32.0,NJN,2946.0,19.3,0.545,7.5,2.4,3.3,20.8,4.7,5.1,0.5,1.0,80.0,36.8,0,2009
Rudy Gay,22.0,MEM,2945.0,15.3,0.528,3.3,-1.1,0.7,18.9,1.7,5.5,0.7,1.2,79.0,37.3,0,2009
Richard Jefferson,28.0,MIL,2939.0,15.4,0.554,6.6,0.2,1.6,19.6,2.4,4.6,0.2,0.8,82.0,35.8,0,2009
Chris Bosh,24.0,TOR,2928.0,22.1,0.569,9.7,2.7,3.5,22.7,2.5,10.0,1.0,0.9,77.0,38.0,0,2009
Chris Duhon,26.0,NYK,2906.0,12.2,0.569,4.2,-1.5,0.3,11.1,7.2,3.1,0.1,0.9,79.0,36.8,0,2009
Brandon Roy,24.0,POR,2903.0,24.0,0.573,13.5,6.2,6.0,22.6,5.1,4.7,0.3,1.1,78.0,37.2,0,2009
Jason Kidd,35.0,DAL,2886.0,16.9,0.55,8.5,3.6,4.0,9.0,8.7,6.2,0.5,2.0,81.0,35.6,0,2009
Kevin Durant,20.0,OKC,2885.0,20.8,0.577,7.9,3.3,3.8,25.3,2.8,6.5,0.7,1.3,74.0,39.0,0,2009
Ray Allen,33.0,BOS,2876.0,17.3,0.624,11.1,4.0,4.3,18.2,2.8,3.5,0.2,0.9,79.0,36.4,0,2009
Jeff Green,22.0,OKC,2873.0,13.9,0.536,4.2,-1.2,0.6,16.5,2.0,6.7,0.4,1.0,78.0,36.8,0,2009
Rashard Lewis,29.0,ORL,2859.0,16.8,0.58,9.5,3.7,4.1,17.7,2.6,5.7,0.6,1.0,79.0,36.2,0,2009
Mo Williams,26.0,CLE,2834.0,17.2,0.588,9.8,2.3,3.1,17.8,4.1,3.4,0.1,0.9,81.0,35.0,0,2009
David Lee,25.0,NYK,2824.0,19.0,0.59,9.0,0.8,2.0,16.0,2.1,11.7,0.3,1.0,81.0,34.9,0,2009
Dwight Howard,23.0,ORL,2821.0,25.4,0.6,13.8,4.5,4.7,20.6,1.4,13.8,2.9,1.0,79.0,35.7,0,2009
Hedo Türkoğlu,29.0,ORL,2815.0,14.8,0.541,7.3,1.3,2.4,16.8,4.9,5.3,0.2,0.8,77.0,36.6,0,2009
Chauncey Billups,32.0,2TM,2789.0,18.8,0.592,10.1,3.4,3.8,17.7,6.4,3.0,0.2,1.2,79.0,35.3,0,2009
Boris Diaw,26.0,2TM,2754.0,14.4,0.565,4.7,1.2,2.2,13.2,4.1,5.3,0.7,0.8,81.0,34.0,0,2009
Mike Bibby,30.0,ATL,2740.0,16.3,0.544,6.9,2.0,2.8,14.9,5.0,3.5,0.1,1.2,79.0,34.7,0,2009
Wilson Chandler,21.0,NYK,2735.0,12.9,0.515,3.1,-1.0,0.7,14.4,2.1,5.4,0.9,0.9,82.0,33.4,0,2009
Jarrett Jack,25.0,IND,2716.0,13.1,0.554,4.1,-1.4,0.4,13.1,4.1,3.4,0.2,1.1,82.0,33.1,0,2009
Emeka Okafor,26.0,CHA,2691.0,18.0,0.581,8.2,0.2,1.5,13.2,0.6,10.1,1.7,0.6,82.0,32.8,0,2009
Eric Gordon,20.0,LAC,2677.0,14.9,0.593,4.6,-0.4,1.0,16.1,2.8,2.6,0.4,1.0,78.0,34.3,0,2009
Gerald Wallace,26.0,CHA,2669.0,18.6,0.585,9.5,3.5,3.7,16.6,2.7,7.8,0.9,1.7,71.0,37.6,0,2009
Russell Westbrook,20.0,OKC,2668.0,15.2,0.489,1.9,-1.0,0.7,15.3,5.3,4.9,0.2,1.3,82.0,32.5,0,2009
Al Thornton,25.0,LAC,2654.0,12.6,0.502,1.3,-4.1,-1.4,16.8,1.5,5.2,0.9,0.8,71.0,37.4,0,2009
Rajon Rondo,22.0,BOS,2642.0,18.8,0.543,9.9,4.0,4.0,11.9,8.2,5.2,0.1,1.9,80.0,33.0,0,2009
Anthony Parker,33.0,TOR,2637.0,12.1,0.524,3.4,-0.7,0.8,10.7,3.4,4.0,0.2,1.3,80.0,33.0,0,2009
Mario Chalmers,22.0,MIA,2626.0,13.3,0.548,5.2,-0.4,1.0,10.0,4.9,2.8,0.1,2.0,82.0,32.0,0,2009
Rasual Butler,29.0,NOH,2614.0,11.8,0.541,4.6,-0.5,1.0,11.2,0.9,3.3,0.7,0.6,82.0,31.9,0,2009
Ryan Gomes,26.0,MIN,2614.0,12.5,0.518,2.5,-1.7,0.2,13.3,1.6,4.8,0.3,0.8,82.0,31.9,0,2009
Ronnie Brewer,23.0,UTA,2605.0,16.1,0.565,6.8,1.5,2.3,13.7,2.2,3.7,0.4,1.7,81.0,32.2,0,2009
Yao Ming,28.0,HOU,2589.0,22.7,0.618,10.6,3.1,3.3,19.7,1.8,9.9,1.9,0.4,77.0,33.6,0,2009
Caron Butler,28.0,WAS,2585.0,18.8,0.552,4.5,0.9,1.9,20.8,4.3,6.2,0.3,1.6,67.0,38.6,0,2009
Thaddeus Young,20.0,PHI,2580.0,15.3,0.549,5.5,-0.1,1.2,15.3,1.1,5.0,0.3,1.3,75.0,34.4,0,2009
Udonis Haslem,28.0,MIA,2560.0,13.1,0.553,5.7,-2.3,-0.2,10.6,1.1,8.2,0.3,0.6,75.0,34.1,0,2009
Al Harrington,28.0,2TM,2546.0,15.9,0.547,3.9,-0.2,1.2,20.1,1.4,6.2,0.3,1.2,73.0,34.9,0,2009
Tim Duncan,32.0,SAS,2524.0,24.4,0.549,10.1,5.4,4.7,19.3,3.5,10.7,1.7,0.5,75.0,33.7,0,2009
Marc Gasol,24.0,MEM,2521.0,16.7,0.59,6.4,-0.1,1.2,11.9,1.7,7.4,1.1,0.8,82.0,30.7,0,2009
Rodney Stuckey,22.0,DET,2517.0,14.8,0.508,3.8,-0.5,0.9,13.4,4.9,3.5,0.1,1.0,79.0,31.9,0,2009
Nenê,26.0,DEN,2510.0,18.8,0.645,9.3,2.0,2.6,14.6,1.4,7.8,1.3,1.2,77.0,32.6,0,2009
Mike Conley,21.0,MEM,2508.0,14.3,0.548,4.5,-0.3,1.1,10.9,4.3,3.4,0.1,1.1,82.0,30.6,0,2009
Deron Williams,24.0,UTA,2505.0,21.1,0.573,8.4,4.0,3.8,19.4,10.7,2.9,0.3,1.1,68.0,36.8,0,2009
Brook Lopez,20.0,NJN,2501.0,17.9,0.568,5.8,-0.6,0.9,13.0,1.0,8.1,1.8,0.5,82.0,30.5,0,2009
Roger Mason,28.0,SAS,2496.0,11.9,0.554,4.7,-0.9,0.7,11.8,2.1,3.1,0.1,0.5,82.0,30.4,0,2009
Randy Foye,25.0,MIN,2494.0,13.7,0.517,3.1,-0.8,0.8,16.3,4.3,3.1,0.4,1.0,70.0,35.6,0,2009
Devin Harris,25.0,NJN,2494.0,21.6,0.563,7.5,2.8,3.0,21.3,6.9,3.3,0.2,1.7,69.0,36.1,0,2009
Jason Terry,31.0,DAL,2491.0,19.3,0.571,7.3,2.9,3.1,19.6,3.4,2.4,0.3,1.3,74.0,33.7,0,2009
Luis Scola,28.0,HOU,2488.0,17.0,0.572,8.6,0.5,1.6,12.7,1.5,8.8,0.1,0.8,82.0,30.3,0,2009
Steve Nash,34.0,PHO,2484.0,19.5,0.615,7.3,2.4,2.8,15.7,9.7,3.0,0.1,0.7,74.0,33.6,0,2009
Troy Murphy,28.0,IND,2482.0,17.8,0.614,8.5,3.2,3.3,14.3,2.4,11.8,0.5,0.8,73.0,34.0,0,2009
Jamal Crawford,28.0,2TM,2479.0,15.1,0.545,3.3,-1.3,0.5,19.7,4.4,3.0,0.2,0.9,65.0,38.1,0,2009
Shawn Marion,30.0,2TM,2470.0,16.0,0.522,5.2,0.3,1.4,12.9,2.0,8.5,1.0,1.3,69.0,35.8,0,2009
Tony Parker,26.0,SAS,2456.0,23.4,0.556,8.6,3.6,3.5,22.0,6.9,3.1,0.1,0.9,72.0,34.1,0,2009
Andrea Bargnani,23.0,TOR,2453.0,14.6,0.559,3.9,-0.8,0.7,15.4,1.2,5.3,1.2,0.4,78.0,31.4,0,2009
Metta World Peace,29.0,HOU,2452.0,15.6,0.512,5.5,1.9,2.4,17.1,3.3,5.2,0.3,1.5,69.0,35.5,0,2009
Rafer Alston,32.0,2TM,2447.0,13.8,0.494,5.3,0.8,1.8,11.7,5.3,2.9,0.1,1.4,77.0,31.8,0,2009
Grant Hill,36.0,PHO,2445.0,15.2,0.584,5.3,0.8,1.7,12.0,2.3,4.9,0.7,1.1,82.0,29.8,0,2009
Derek Fisher,34.0,LAL,2441.0,12.1,0.546,6.3,0.2,1.3,9.9,3.2,2.3,0.1,1.2,82.0,29.8,0,2009
Danny Granger,25.0,IND,2424.0,21.8,0.584,8.0,4.8,4.2,25.8,2.7,5.1,1.4,1.0,67.0,36.2,0,2009
Josh Smith,23.0,ATL,2421.0,17.2,0.533,4.9,1.7,2.3,15.6,2.4,7.2,1.6,1.4,69.0,35.1,0,2009
Jason Richardson,28.0,2TM,2410.0,16.7,0.571,5.8,1.2,2.0,16.8,2.0,4.4,0.4,1.1,72.0,33.5,0,2009
Mehmet Okur,29.0,UTA,2409.0,17.5,0.592,7.4,1.3,2.0,17.0,1.7,7.7,0.7,0.8,72.0,33.5,0,2009
Kelenna Azubuike,25.0,GSW,2375.0,14.7,0.562,4.1,-0.5,0.9,14.4,1.6,5.0,0.7,0.8,74.0,32.1,0,2009
Mike Miller,28.0,MIN,2356.0,13.8,0.588,4.2,1.1,1.8,9.9,4.5,6.6,0.4,0.4,73.0,32.3,0,2009
Stephen Jackson,30.0,GSW,2339.0,16.1,0.53,2.2,-0.3,1.0,20.7,6.5,5.1,0.5,1.5,59.0,39.6,0,2009
Michael Finley,35.0,SAS,2336.0,11.4,0.547,4.4,-0.4,1.0,9.7,1.4,3.3,0.2,0.5,81.0,28.8,0,2009
José Calderón,27.0,TOR,2333.0,18.8,0.613,7.5,2.8,2.8,12.8,8.9,2.9,0.1,1.1,68.0,34.3,0,2009
Lamar Odom,29.0,LAL,2316.0,16.6,0.542,6.9,2.0,2.4,11.3,2.6,8.2,1.3,1.0,78.0,29.7,0,2009
Raja Bell,32.0,2TM,2315.0,10.7,0.548,3.6,-1.3,0.4,11.9,2.1,3.6,0.1,0.7,67.0,34.6,0,2009
Anderson Varejão,26.0,CLE,2306.0,14.6,0.565,8.0,0.6,1.5,8.6,1.0,7.2,0.8,0.9,81.0,28.5,0,2009
Jason Thompson,22.0,SAC,2303.0,13.9,0.54,2.7,-4.2,-1.3,11.1,1.1,7.4,0.7,0.6,82.0,28.1,0,2009
Paul Millsap,23.0,UTA,2290.0,18.6,0.576,7.7,1.1,1.8,13.5,1.8,8.6,1.0,1.0,76.0,30.1,0,2009
Richard Hamilton,30.0,DET,2279.0,16.9,0.529,4.5,0.1,1.2,18.3,4.4,3.1,0.1,0.6,67.0,34.0,0,2009
Carmelo Anthony,24.0,DEN,2277.0,19.0,0.532,5.0,0.5,1.5,22.8,3.4,6.8,0.4,1.1,66.0,34.5,0,2009
Beno Udrih,26.0,SAC,2270.0,12.3,0.525,1.2,-3.1,-0.6,11.0,4.7,3.0,0.2,1.1,73.0,31.1,0,2009
Spencer Hawes,20.0,SAC,2259.0,13.0,0.509,0.8,-3.0,-0.6,11.4,1.9,7.1,1.2,0.6,77.0,29.3,0,2009
T.J. Ford,25.0,IND,2258.0,16.6,0.533,4.3,0.3,1.3,14.9,5.3,3.5,0.2,1.2,74.0,30.5,0,2009
Kendrick Perkins,24.0,BOS,2253.0,13.2,0.591,5.6,0.1,1.2,8.5,1.3,8.1,2.0,0.3,76.0,29.6,0,2009
Shaquille O'Neal,36.0,PHO,2252.0,22.3,0.623,7.8,1.7,2.1,17.8,1.7,8.4,1.4,0.7,75.0,30.0,0,2009
Baron Davis,29.0,LAC,2248.0,14.5,0.46,0.6,-0.8,0.7,14.9,7.7,3.7,0.5,1.7,65.0,34.6,0,2009
Travis Outlaw,24.0,POR,2246.0,15.1,0.541,5.3,0.2,1.2,12.8,1.0,4.1,0.7,0.6,81.0,27.7,0,2009
J.R. Smith,23.0,DEN,2245.0,16.8,0.576,5.8,2.2,2.4,15.2,2.8,3.7,0.2,1.0,81.0,27.7,0,2009
Al Horford,22.0,ATL,2242.0,17.0,0.565,6.8,1.7,2.1,11.5,2.4,9.3,1.4,0.8,67.0,33.5,0,2009
Nate Robinson,24.0,NYK,2209.0,18.9,0.549,5.9,2.4,2.4,17.2,4.1,3.9,0.1,1.3,74.0,29.9,0,2009
Steve Blake,28.0,POR,2188.0,14.4,0.557,5.8,1.5,1.9,11.0,5.0,2.5,0.1,1.0,69.0,31.7,0,2009
Tyrus Thomas,22.0,CHI,2175.0,15.9,0.525,4.6,0.0,1.1,10.8,1.0,6.4,1.9,1.2,79.0,27.5,0,2009
Ramon Sessions,22.0,MIL,2173.0,17.6,0.525,5.6,1.6,1.9,12.4,5.7,3.4,0.1,1.1,79.0,27.5,0,2009
Delonte West,25.0,CLE,2152.0,14.1,0.559,6.4,1.7,2.0,11.7,3.5,3.2,0.2,1.5,64.0,33.6,0,2009
James Posey,32.0,NOH,2140.0,10.8,0.568,4.2,-1.0,0.6,8.9,1.1,4.8,0.3,0.8,75.0,28.5,0,2009
Rasheed Wallace,34.0,DET,2123.0,14.9,0.52,5.1,2.0,2.1,12.0,1.4,7.4,1.3,0.9,66.0,32.2,0,2009
Luc Mbah a Moute,22.0,MIL,2114.0,12.3,0.516,4.0,-0.8,0.6,7.2,1.1,5.9,0.5,1.1,82.0,25.8,0,2009
Kenyon Martin,31.0,DEN,2111.0,13.6,0.523,4.0,0.3,1.2,11.7,2.0,6.0,1.1,1.5,66.0,32.0,0,2009
Brad Miller,32.0,2TM,2100.0,16.7,0.566,5.1,1.1,1.6,11.9,3.3,7.8,0.5,0.7,70.0,30.0,0,2009
Charlie Villanueva,24.0,MIL,2095.0,18.6,0.529,4.9,1.1,1.6,16.2,1.8,6.7,0.7,0.6,78.0,26.9,0,2009
Sebastian Telfair,23.0,MIN,2095.0,10.8,0.481,0.8,-3.4,-0.7,9.8,4.6,1.7,0.2,1.0,75.0,27.9,0,2009
Marvin Williams,22.0,ATL,2093.0,16.0,0.569,6.1,0.8,1.5,13.9,1.3,6.3,0.6,0.9,61.0,34.3,0,2009
Allen Iverson,33.0,2TM,2093.0,15.8,0.504,2.9,0.2,1.1,17.5,5.0,3.0,0.1,1.5,57.0,36.7,0,2009
Peja Stojaković,31.0,NOH,2089.0,12.5,0.531,3.8,-0.7,0.7,13.3,1.2,4.3,0.0,0.9,61.0,34.2,0,2009
Matt Barnes,28.0,PHO,2082.0,12.6,0.537,3.0,-0.4,0.8,10.2,2.8,5.5,0.3,0.7,77.0,27.0,0,2009
Keyon Dooling,28.0,NJN,2074.0,13.6,0.562,3.7,-0.5,0.7,9.7,3.5,2.0,0.1,0.9,77.0,26.9,0,2009
Dominic McGuire,23.0,WAS,2072.0,10.8,0.483,1.7,-1.1,0.5,4.5,2.5,5.4,0.9,0.8,79.0,26.2,0,2009
Jamario Moon,28.0,2TM,2068.0,13.3,0.567,4.9,1.7,1.9,7.2,1.2,4.6,0.8,1.1,80.0,25.9,0,2009
Kevin Love,20.0,MIN,2048.0,18.3,0.538,5.3,-1.1,0.4,11.1,1.0,9.1,0.6,0.4,81.0,25.3,0,2009
Samuel Dalembert,27.0,PHI,2036.0,13.2,0.535,4.0,-2.1,0.0,6.4,0.2,8.5,1.8,0.4,82.0,24.8,0,2009
Luke Ridnour,27.0,MIL,2033.0,12.9,0.5,3.4,0.0,1.0,9.6,5.1,3.0,0.2,1.3,72.0,28.2,0,2009
Shane Battier,30.0,HOU,2031.0,10.7,0.568,5.2,2.0,2.0,7.3,2.3,4.8,0.9,0.8,60.0,33.9,0,2009
Hakim Warrick,26.0,MEM,2029.0,16.9,0.554,4.7,-0.7,0.7,11.6,0.8,5.0,0.5,0.6,82.0,24.7,0,2009
Jermaine O'Neal,30.0,2TM,2027.0,15.4,0.522,2.6,-1.5,0.3,13.3,1.8,6.4,2.0,0.4,68.0,29.8,0,2009
Michael Beasley,20.0,MIA,2009.0,17.2,0.528,3.4,-1.7,0.1,13.9,1.0,5.4,0.5,0.5,81.0,24.8,0,2009
Trevor Ariza,23.0,LAL,1999.0,15.5,0.544,6.1,2.4,2.3,8.9,1.8,4.3,0.3,1.7,82.0,24.4,0,2009
Aaron Brooks,24.0,HOU,1998.0,12.9,0.521,3.6,-0.9,0.6,11.2,3.0,2.0,0.1,0.6,80.0,25.0,0,2009
Rudy Fernández,23.0,POR,1993.0,15.5,0.588,6.1,3.0,2.5,10.4,2.0,2.7,0.2,0.9,78.0,25.6,0,2009
Andrés Nocioni,29.0,2TM,1991.0,12.2,0.555,2.8,-1.9,0.0,11.4,1.3,4.8,0.4,0.5,76.0,26.2,0,2009
Ronald Murray,29.0,ATL,1975.0,14.7,0.543,3.1,-0.5,0.8,12.2,2.0,2.1,0.2,1.1,80.0,24.7,0,2009
Francisco García,27.0,SAC,1975.0,14.1,0.554,2.4,-0.3,0.8,12.7,2.3,3.4,1.0,1.2,65.0,30.4,0,2009
Joel Przybilla,29.0,POR,1952.0,15.4,0.652,6.6,0.9,1.4,5.5,0.3,8.7,1.2,0.4,82.0,23.8,0,2009
Amar'e Stoudemire,26.0,PHO,1948.0,20.3,0.617,6.1,1.7,1.8,21.4,2.0,8.1,1.1,0.9,53.0,36.8,0,2009
Kevin Martin,25.0,SAC,1947.0,19.2,0.601,4.7,0.5,1.3,24.6,2.7,3.6,0.2,1.2,51.0,38.2,0,2009
Courtney Lee,23.0,ORL,1939.0,10.7,0.556,4.4,-0.1,0.9,8.4,1.2,2.3,0.2,1.0,77.0,25.2,0,2009
Joakim Noah,23.0,CHI,1938.0,16.5,0.594,6.4,1.1,1.5,6.7,1.3,7.6,1.4,0.6,80.0,24.2,0,2009
Matt Bonner,28.0,SAS,1928.0,15.0,0.611,6.8,2.1,2.0,8.2,1.0,4.8,0.3,0.6,81.0,23.8,0,2009
Marcus Camby,34.0,LAC,1925.0,18.7,0.556,5.2,2.2,2.0,10.3,2.0,11.1,2.1,0.8,62.0,31.0,0,2009
Lou Williams,22.0,PHI,1919.0,16.3,0.513,3.4,0.6,1.3,12.8,3.0,2.0,0.2,1.0,81.0,23.7,0,2009
D.J. Augustin,21.0,CHA,1908.0,14.9,0.587,5.1,0.9,1.4,11.8,3.5,1.8,0.0,0.6,72.0,26.5,0,2009
Quentin Richardson,28.0,NYK,1894.0,11.6,0.51,2.1,-1.2,0.4,10.2,1.6,4.4,0.1,0.7,72.0,26.3,0,2009
C.J. Watson,24.0,GSW,1883.0,14.2,0.564,3.3,-0.5,0.7,9.5,2.7,2.5,0.1,1.2,77.0,24.5,0,2009
Kyle Korver,27.0,UTA,1874.0,12.1,0.572,3.7,0.1,1.0,9.0,1.8,3.3,0.4,0.6,78.0,24.0,0,2009
Antonio McDyess,34.0,DET,1866.0,16.6,0.529,5.6,0.5,1.2,9.6,1.3,9.8,0.8,0.7,62.0,30.1,0,2009
Andris Biedriņš,22.0,GSW,1863.0,19.1,0.585,5.4,1.3,1.5,11.9,2.0,11.2,1.5,1.0,62.0,30.0,0,2009
Maurice Evans,30.0,ATL,1840.0,11.1,0.558,3.8,-0.8,0.6,7.2,0.7,3.0,0.1,0.6,80.0,23.0,0,2009
Nick Young,23.0,WAS,1837.0,13.1,0.53,1.2,-3.3,-0.6,10.9,1.2,1.8,0.2,0.5,82.0,22.4,0,2009
Erick Dampier,33.0,DAL,1836.0,15.7,0.664,6.1,0.6,1.2,5.7,1.0,7.1,1.2,0.3,80.0,23.0,0,2009
Al Jefferson,24.0,MIN,1836.0,23.1,0.532,4.9,2.6,2.1,23.1,1.6,11.0,1.7,0.8,50.0,36.7,0,2009
Daequan Cook,21.0,MIA,1833.0,10.3,0.512,2.2,-2.1,0.0,9.1,0.9,2.5,0.1,0.5,75.0,24.4,0,2009
Jarvis Hayes,27.0,NJN,1832.0,10.8,0.537,2.1,-2.2,-0.1,8.7,0.7,3.6,0.1,0.7,74.0,24.8,0,2009
Jason Kapono,27.0,TOR,1831.0,8.9,0.525,0.8,-3.2,-0.6,8.2,1.3,2.0,0.0,0.3,80.0,22.9,0,2009
Nick Collison,28.0,OKC,1831.0,14.8,0.599,5.0,-1.2,0.4,8.2,0.9,6.9,0.7,0.7,71.0,25.8,0,2009
Andrei Kirilenko,27.0,UTA,1831.0,16.8,0.549,4.6,2.6,2.2,11.6,2.6,4.8,1.1,1.2,67.0,27.3,0,2009
Willie Green,27.0,PHI,1828.0,11.1,0.493,2.3,-2.1,0.0,8.5,2.0,1.6,0.2,0.7,81.0,22.6,0,2009
Jeff Foster,32.0,IND,1828.0,13.0,0.542,4.2,-0.6,0.7,6.1,1.8,6.9,0.7,0.7,74.0,24.7,0,2009
Linas Kleiza,24.0,DEN,1824.0,13.2,0.552,3.6,-1.5,0.2,9.9,0.8,4.0,0.2,0.4,82.0,22.2,0,2009
Brandon Rush,23.0,IND,1803.0,9.0,0.505,0.9,-2.8,-0.3,8.1,0.9,3.1,0.5,0.5,75.0,24.0,0,2009
Daniel Gibson,22.0,CLE,1795.0,10.1,0.519,3.8,-1.0,0.4,7.8,1.8,2.1,0.2,0.6,75.0,23.9,0,2009
Anthony Carter,33.0,DEN,1787.0,10.8,0.49,1.8,-1.3,0.3,5.3,4.7,2.6,0.2,1.2,78.0,22.9,0,2009
Charlie Bell,29.0,MIL,1783.0,9.8,0.525,2.2,-1.7,0.2,8.4,2.2,1.9,0.1,0.7,70.0,25.5,0,2009
Earl Watson,29.0,OKC,1776.0,9.5,0.448,-0.2,-4.6,-1.2,6.6,5.8,2.7,0.2,0.7,68.0,26.1,0,2009
Kevin Garnett,32.0,BOS,1772.0,21.2,0.563,7.1,5.7,3.5,15.8,2.5,8.5,1.2,1.1,57.0,31.1,0,2009
Zydrunas Ilgauskas,33.0,CLE,1765.0,18.0,0.523,5.6,-0.3,0.8,12.9,1.0,7.5,1.3,0.4,65.0,27.2,0,2009
Zach Randolph,27.0,2TM,1757.0,19.7,0.531,3.0,0.1,0.9,20.8,2.1,10.1,0.3,0.9,50.0,35.1,0,2009
Bobby Simmons,28.0,NJN,1729.0,12.0,0.596,3.4,0.0,0.8,7.8,1.3,3.9,0.1,0.7,71.0,24.4,0,2009
Leandro Barbosa,26.0,PHO,1705.0,19.4,0.588,5.0,1.9,1.7,14.2,2.3,2.6,0.1,1.2,70.0,24.4,0,2009
Andray Blatche,22.0,WAS,1703.0,15.0,0.508,1.4,-2.0,0.0,10.0,1.7,5.3,1.0,0.7,71.0,24.0,0,2009
Marquis Daniels,28.0,IND,1700.0,12.8,0.491,1.3,-1.9,0.0,13.6,2.1,4.6,0.5,1.1,54.0,31.5,0,2009
Ronny Turiaf,26.0,GSW,1696.0,14.5,0.559,3.6,1.2,1.4,5.9,2.1,4.6,2.1,0.4,79.0,21.5,0,2009
Kyle Lowry,22.0,2TM,1679.0,14.4,0.547,3.6,0.2,0.9,7.6,3.6,2.5,0.2,0.9,77.0,21.8,0,2009
Luol Deng,23.0,CHI,1665.0,14.7,0.511,3.0,-0.4,0.7,14.1,1.9,6.0,0.5,1.2,49.0,34.0,0,2009
Josh Howard,28.0,DAL,1663.0,17.0,0.532,3.2,0.0,0.8,18.0,1.6,5.1,0.6,1.1,52.0,32.0,0,2009
Mike James,33.0,2TM,1649.0,9.7,0.483,-0.1,-3.9,-0.8,8.7,3.3,2.2,0.1,0.7,61.0,27.0,0,2009
Glen Davis,23.0,BOS,1637.0,10.7,0.502,3.7,-2.2,0.0,7.0,0.9,4.0,0.3,0.7,76.0,21.5,0,2009
C.J. Miles,21.0,UTA,1623.0,11.8,0.546,2.9,-1.6,0.2,9.1,1.5,2.3,0.2,0.6,72.0,22.5,0,2009
J.J. Barea,24.0,DAL,1600.0,13.4,0.516,2.2,-1.5,0.2,7.8,3.4,2.2,0.1,0.5,79.0,20.3,0,2009
Corey Maggette,29.0,GSW,1588.0,16.9,0.582,3.3,-2.0,0.0,18.6,1.8,5.5,0.2,0.9,51.0,31.1,0,2009
Brandon Bass,23.0,DAL,1574.0,16.4,0.571,4.1,-1.5,0.2,8.5,0.5,4.5,0.7,0.3,81.0,19.4,0,2009
Kevin Durant,21.0,OKC,3239.0,26.2,0.607,16.1,7.1,7.5,30.1,2.8,7.6,1.0,1.4,82.0,39.5,0,2010
Andre Iguodala,26.0,PHI,3193.0,17.8,0.535,6.7,2.4,3.5,17.1,5.8,6.5,0.7,1.7,82.0,38.9,0,2010
Rudy Gay,23.0,MEM,3175.0,16.2,0.535,6.4,0.5,2.0,19.6,1.9,5.9,0.8,1.5,80.0,39.7,0,2010
Stephen Jackson,31.0,2TM,3129.0,15.6,0.518,5.0,0.4,1.9,20.6,3.7,5.0,0.5,1.6,81.0,38.6,0,2010
Gerald Wallace,27.0,CHA,3119.0,18.3,0.586,11.5,2.7,3.7,18.2,2.1,10.0,1.1,1.5,76.0,41.0,0,2010
O.J. Mayo,22.0,MEM,3113.0,14.6,0.551,5.6,0.0,1.6,17.5,3.0,3.8,0.2,1.2,82.0,38.0,0,2010
Zach Randolph,28.0,MEM,3051.0,21.2,0.546,9.7,1.3,2.5,20.8,1.8,11.7,0.4,1.0,81.0,37.7,0,2010
Jeff Green,23.0,OKC,3043.0,13.8,0.53,6.6,0.2,1.7,15.1,1.6,6.0,0.9,1.3,82.0,37.1,0,2010
Dirk Nowitzki,31.0,DAL,3039.0,22.9,0.578,12.3,4.2,4.7,25.0,2.7,7.7,1.0,0.9,81.0,37.5,0,2010
Brook Lopez,21.0,NJN,3027.0,20.1,0.57,7.9,1.2,2.5,18.8,2.3,8.6,1.7,0.7,82.0,36.9,0,2010
David Lee,26.0,NYK,3019.0,22.2,0.584,10.3,2.5,3.5,20.2,3.6,11.7,0.5,1.0,81.0,37.3,0,2010
LeBron James,25.0,CLE,2966.0,31.1,0.604,18.5,11.8,10.3,29.7,8.6,7.3,1.0,1.6,76.0,39.0,1,2010
Rajon Rondo,23.0,BOS,2963.0,19.1,0.54,9.6,3.6,4.2,13.7,9.8,4.4,0.1,2.3,81.0,36.6,0,2010
David West,29.0,NOH,2949.0,18.9,0.56,7.5,0.8,2.1,19.0,3.0,7.5,0.7,0.9,81.0,36.4,0,2010
LaMarcus Aldridge,24.0,POR,2922.0,18.2,0.535,8.8,1.2,2.3,17.9,2.1,8.0,0.6,0.9,78.0,37.5,0,2010
Aaron Brooks,25.0,HOU,2919.0,16.0,0.549,5.5,0.7,1.9,19.6,5.3,2.6,0.2,0.8,82.0,35.6,0,2010
Boris Diaw,27.0,CHA,2906.0,12.8,0.552,6.2,0.8,2.0,11.3,4.0,5.2,0.7,0.7,82.0,35.4,0,2010
Stephen Curry,21.0,GSW,2896.0,16.3,0.568,4.7,0.7,2.0,17.5,5.9,4.5,0.2,1.9,80.0,36.2,0,2010
Joe Johnson,28.0,ATL,2886.0,19.3,0.538,8.4,2.7,3.4,21.3,4.9,4.6,0.1,1.1,76.0,38.0,0,2010
Jason Kidd,36.0,DAL,2881.0,17.2,0.577,8.9,4.2,4.5,10.3,9.1,5.6,0.4,1.8,80.0,36.0,0,2010
Josh Smith,24.0,ATL,2871.0,21.0,0.536,9.3,5.1,5.1,15.7,4.2,8.7,2.1,1.6,81.0,35.4,0,2010
Derrick Rose,21.0,CHI,2871.0,18.6,0.532,6.0,1.7,2.7,20.8,6.0,3.8,0.3,0.7,78.0,36.8,0,2010
Al Horford,23.0,ATL,2845.0,19.4,0.594,10.9,2.3,3.1,14.2,2.3,9.9,1.1,0.7,81.0,35.1,0,2010
Dwight Howard,24.0,ORL,2843.0,24.0,0.63,13.2,4.4,4.6,18.3,1.8,13.2,2.8,0.9,82.0,34.7,0,2010
Amar'e Stoudemire,27.0,PHO,2838.0,22.6,0.615,10.7,1.0,2.2,23.1,1.0,8.9,1.0,0.6,82.0,34.6,0,2010
Kobe Bryant,31.0,LAL,2835.0,21.9,0.545,9.4,4.1,4.4,27.0,5.0,5.4,0.3,1.5,73.0,38.8,0,2010
John Salmons,30.0,2TM,2824.0,14.7,0.553,7.1,1.6,2.5,15.4,2.8,3.3,0.3,1.2,81.0,34.9,0,2010
Ray Allen,34.0,BOS,2819.0,15.2,0.601,7.9,1.2,2.3,16.3,2.6,3.2,0.3,0.8,80.0,35.2,0,2010
Russell Westbrook,21.0,OKC,2813.0,17.8,0.491,6.1,1.2,2.3,16.1,8.0,4.9,0.4,1.3,82.0,34.3,0,2010
Deron Williams,25.0,UTA,2802.0,20.6,0.574,10.3,3.8,4.1,18.7,10.5,4.0,0.2,1.3,76.0,36.9,0,2010
Andrea Bargnani,24.0,TOR,2799.0,15.5,0.552,4.2,-0.8,0.9,17.2,1.2,6.2,1.4,0.3,80.0,35.0,0,2010
Dwyane Wade,28.0,MIA,2792.0,28.0,0.562,13.0,9.2,7.9,26.6,6.5,4.8,1.1,1.8,77.0,36.3,0,2010
Caron Butler,29.0,2TM,2783.0,13.7,0.507,3.5,-1.3,0.5,16.3,2.1,6.2,0.3,1.6,74.0,37.6,0,2010
Nenê,27.0,DEN,2755.0,18.9,0.631,10.8,3.2,3.6,13.8,2.5,7.6,1.0,1.4,82.0,33.6,0,2010
Danilo Gallinari,21.0,NYK,2747.0,14.8,0.575,5.6,0.5,1.7,15.1,1.7,4.9,0.7,0.9,81.0,33.9,0,2010
Rasual Butler,30.0,LAC,2702.0,10.7,0.524,2.7,-1.9,0.1,11.9,1.4,2.9,0.8,0.4,82.0,33.0,0,2010
Tyreke Evans,20.0,SAC,2677.0,18.2,0.529,5.4,1.3,2.2,20.1,5.8,5.3,0.4,1.5,72.0,37.2,0,2010
Carlos Boozer,28.0,UTA,2673.0,21.3,0.599,9.9,3.4,3.7,19.5,3.2,11.2,0.5,1.1,78.0,34.3,0,2010
Brandon Jennings,20.0,MIL,2671.0,14.5,0.475,4.2,0.7,1.8,15.5,5.7,3.4,0.2,1.3,82.0,32.6,0,2010
Luis Scola,29.0,HOU,2671.0,17.2,0.55,6.3,-0.3,1.1,16.2,2.1,8.6,0.3,0.8,82.0,32.6,0,2010
Steve Nash,35.0,PHO,2660.0,21.6,0.615,9.9,4.3,4.2,16.5,11.0,3.3,0.1,0.5,81.0,32.8,0,2010
Luol Deng,24.0,CHI,2651.0,16.1,0.531,5.9,1.0,2.0,17.6,2.0,7.3,0.9,0.9,70.0,37.9,0,2010
Monta Ellis,24.0,GSW,2647.0,16.7,0.517,1.3,-1.4,0.4,25.5,5.3,4.0,0.4,2.2,64.0,41.4,0,2010
Raymond Felton,25.0,CHA,2643.0,15.2,0.525,6.5,1.6,2.3,12.1,5.6,3.6,0.3,1.5,80.0,33.0,0,2010
Carmelo Anthony,25.0,DEN,2634.0,22.2,0.548,7.9,2.3,2.9,28.2,3.2,6.6,0.4,1.3,69.0,38.2,0,2010
Trevor Ariza,24.0,HOU,2629.0,13.3,0.488,3.2,0.5,1.7,14.9,3.8,5.6,0.6,1.8,72.0,36.5,0,2010
Chris Kaman,27.0,LAC,2608.0,16.5,0.527,2.4,-2.5,-0.3,18.5,1.6,9.3,1.2,0.5,76.0,34.3,0,2010
Metta World Peace,30.0,LAL,2605.0,12.1,0.514,5.3,0.5,1.6,11.0,3.0,4.3,0.3,1.4,77.0,33.8,0,2010
Lamar Odom,30.0,LAL,2585.0,15.9,0.533,7.7,2.5,2.9,10.8,3.3,9.8,0.7,0.9,82.0,31.5,0,2010
Mike Conley,22.0,MEM,2569.0,13.9,0.526,4.0,-0.6,0.9,12.0,5.3,2.4,0.2,1.4,80.0,32.1,0,2010
Jason Terry,32.0,DAL,2540.0,16.5,0.552,6.5,1.5,2.2,16.6,3.8,1.8,0.2,1.2,77.0,33.0,0,2010
Chris Bosh,25.0,TOR,2526.0,25.0,0.592,9.6,3.6,3.6,24.0,2.4,10.8,1.0,0.6,70.0,36.1,0,2010
Baron Davis,30.0,LAC,2523.0,17.4,0.501,4.5,1.5,2.2,15.3,8.0,3.5,0.6,1.7,75.0,33.6,0,2010
Richard Jefferson,29.0,SAS,2520.0,13.1,0.551,6.0,-0.2,1.2,12.3,2.0,4.4,0.5,0.6,81.0,31.1,0,2010
Andre Miller,33.0,POR,2500.0,18.1,0.53,7.0,1.8,2.4,14.0,5.4,3.2,0.1,1.1,82.0,30.5,0,2010
Rodney Stuckey,23.0,DET,2499.0,15.6,0.479,2.7,-0.4,1.0,16.6,4.8,3.8,0.2,1.4,73.0,34.2,0,2010
Brandon Rush,24.0,IND,2491.0,9.6,0.522,2.5,-1.3,0.4,9.4,1.4,4.2,0.8,0.7,82.0,30.4,0,2010
Chauncey Billups,33.0,DEN,2490.0,20.2,0.601,9.5,3.7,3.6,19.5,5.6,3.1,0.1,1.1,73.0,34.1,0,2010
Jason Richardson,29.0,PHO,2485.0,16.6,0.574,6.6,1.7,2.3,15.7,1.8,5.1,0.4,0.8,79.0,31.5,0,2010
Corey Brewer,23.0,MIN,2482.0,12.1,0.502,1.0,-2.2,-0.1,13.0,2.4,3.4,0.4,1.4,82.0,30.3,0,2010
Kirk Hinrich,29.0,CHI,2481.0,11.6,0.501,4.0,-0.5,0.9,10.9,4.5,3.5,0.3,1.1,74.0,33.5,0,2010
Beno Udrih,27.0,SAC,2477.0,15.7,0.566,5.5,0.4,1.5,12.9,4.7,2.8,0.1,1.1,79.0,31.4,0,2010
Marc Gasol,25.0,MEM,2469.0,19.3,0.617,8.4,2.8,3.0,14.6,2.4,9.3,1.6,1.0,69.0,35.8,0,2010
Carl Landry,26.0,2TM,2469.0,19.0,0.6,7.7,0.8,1.7,16.8,0.8,5.9,0.8,0.7,80.0,30.9,0,2010
Marvin Williams,23.0,ATL,2468.0,13.0,0.54,5.7,-0.4,1.0,10.1,1.1,5.1,0.6,0.8,81.0,30.5,0,2010
Al Jefferson,25.0,MIN,2463.0,19.0,0.524,4.6,0.4,1.5,17.1,1.8,9.3,1.3,0.8,76.0,32.4,0,2010
Jamal Crawford,29.0,ATL,2460.0,18.4,0.573,7.3,2.4,2.7,18.0,3.0,2.5,0.2,0.8,79.0,31.1,0,2010
Tim Duncan,33.0,SAS,2438.0,24.7,0.56,10.9,6.1,5.0,17.9,3.2,10.1,1.5,0.6,78.0,31.3,0,2010
Grant Hill,37.0,PHO,2430.0,14.0,0.561,5.5,0.6,1.6,11.3,2.4,5.5,0.4,0.7,81.0,30.0,0,2010
Brandon Roy,25.0,POR,2419.0,21.3,0.568,9.1,4.7,4.1,21.5,4.7,4.4,0.2,0.9,65.0,37.2,0,2010
Paul Pierce,32.0,BOS,2411.0,18.2,0.613,8.3,3.0,3.0,18.3,3.1,4.4,0.4,1.2,71.0,34.0,0,2010
Antawn Jamison,33.0,2TM,2406.0,17.3,0.529,5.8,0.2,1.3,18.7,1.3,8.4,0.3,1.1,66.0,36.5,0,2010
Pau Gasol,29.0,LAL,2403.0,22.9,0.593,11.0,4.9,4.2,18.3,3.4,11.3,1.7,0.6,65.0,37.0,0,2010
Shawn Marion,31.0,DAL,2385.0,14.7,0.535,5.0,-0.5,0.9,12.0,1.4,6.4,0.8,0.9,75.0,31.8,0,2010
Courtney Lee,24.0,NJN,2375.0,12.8,0.525,3.1,-1.4,0.4,12.5,1.7,3.5,0.3,1.3,71.0,33.5,0,2010
Emeka Okafor,27.0,NOH,2370.0,16.5,0.547,5.5,-1.2,0.4,10.4,0.7,9.0,1.5,0.7,82.0,28.9,0,2010
Rashard Lewis,30.0,ORL,2369.0,14.0,0.573,6.5,1.8,2.3,14.1,1.5,4.4,0.4,1.1,72.0,32.9,0,2010
Mo Williams,27.0,CLE,2359.0,16.1,0.58,6.7,1.8,2.3,15.8,5.3,3.0,0.3,1.0,69.0,34.2,0,2010
Jason Thompson,23.0,SAC,2357.0,14.5,0.518,4.0,-2.4,-0.2,12.5,1.7,8.5,1.0,0.5,75.0,31.4,0,2010
Brendan Haywood,30.0,2TM,2355.0,16.1,0.588,6.7,-0.1,1.1,9.1,0.6,9.3,2.1,0.3,77.0,30.6,0,2010
Thabo Sefolosha,25.0,OKC,2348.0,9.8,0.509,4.0,0.1,1.3,6.0,1.8,4.7,0.6,1.2,82.0,28.6,0,2010
Troy Murphy,29.0,IND,2344.0,18.0,0.585,7.8,2.9,2.9,14.6,2.1,10.2,0.5,1.0,72.0,32.6,0,2010
Jonny Flynn,20.0,MIN,2339.0,13.0,0.511,0.1,-2.9,-0.5,13.5,4.4,2.4,0.0,1.0,81.0,28.9,0,2010
Michael Beasley,21.0,MIA,2328.0,16.1,0.505,4.6,-0.8,0.7,14.8,1.3,6.4,0.6,1.0,78.0,29.8,0,2010
Earl Watson,30.0,IND,2322.0,10.9,0.517,2.6,-2.3,-0.2,7.8,5.1,3.0,0.2,1.3,79.0,29.4,0,2010
Wilson Chandler,22.0,NYK,2320.0,13.7,0.534,2.7,-2.1,0.0,15.3,2.1,5.4,0.8,0.7,65.0,35.7,0,2010
Marcus Camby,35.0,2TM,2314.0,17.9,0.501,6.8,3.3,3.1,7.5,2.5,11.8,2.0,1.3,74.0,31.3,0,2010
Vince Carter,33.0,ORL,2310.0,17.1,0.541,7.4,2.0,2.3,16.6,3.1,3.9,0.2,0.7,75.0,30.8,0,2010
Elton Brand,30.0,PHI,2297.0,15.7,0.518,3.5,-1.8,0.1,13.1,1.4,6.1,1.1,1.1,76.0,30.2,0,2010
Anthony Parker,34.0,CLE,2289.0,9.9,0.576,4.9,-0.3,1.0,7.3,1.9,2.9,0.2,0.8,81.0,28.3,0,2010
Carlos Delfino,27.0,MIL,2279.0,12.9,0.526,4.8,1.5,2.0,11.0,2.7,5.3,0.3,1.1,75.0,30.4,0,2010
Danny Granger,26.0,IND,2278.0,19.8,0.564,6.2,3.1,2.9,24.1,2.8,5.5,0.8,1.5,62.0,36.7,0,2010
Paul Millsap,24.0,UTA,2277.0,16.7,0.573,7.2,0.4,1.4,11.6,1.6,6.8,1.2,0.8,82.0,27.8,0,2010
George Hill,23.0,SAS,2276.0,14.7,0.572,6.7,0.9,1.7,12.4,2.9,2.6,0.3,0.9,78.0,29.2,0,2010
Hedo Türkoğlu,30.0,TOR,2272.0,13.3,0.54,3.4,0.4,1.4,11.3,4.1,4.6,0.4,0.7,74.0,30.7,0,2010
Andray Blatche,23.0,WAS,2256.0,17.6,0.519,3.4,0.6,1.5,14.1,2.1,6.3,0.9,1.0,81.0,27.9,0,2010
Jarrett Jack,26.0,TOR,2243.0,16.3,0.599,4.8,0.4,1.4,11.4,5.0,2.7,0.1,0.7,82.0,27.4,0,2010
Jonas Jerebko,22.0,DET,2232.0,13.9,0.545,4.4,-1.3,0.4,9.3,0.7,6.0,0.4,1.0,80.0,27.9,0,2010
Andrew Bogut,25.0,MIL,2229.0,20.7,0.54,7.5,3.1,2.8,15.9,1.8,10.2,2.5,0.6,69.0,32.3,0,2010
Eric Gordon,21.0,LAC,2229.0,14.1,0.571,3.2,-0.9,0.6,16.9,3.0,2.6,0.2,1.1,62.0,36.0,0,2010
Derek Fisher,35.0,LAL,2227.0,9.3,0.499,3.9,-1.7,0.2,7.5,2.5,2.1,0.1,1.1,82.0,27.2,0,2010
Arron Afflalo,24.0,DEN,2221.0,10.9,0.576,4.3,-0.4,0.9,8.8,1.7,3.1,0.4,0.6,82.0,27.1,0,2010
Devin Harris,26.0,NJN,2221.0,16.2,0.512,2.7,-0.8,0.7,16.9,6.6,3.2,0.3,1.2,64.0,34.7,0,2010
Ryan Gomes,27.0,MIN,2210.0,12.1,0.528,2.4,-1.8,0.1,10.9,1.6,4.6,0.2,0.8,76.0,29.1,0,2010
Taj Gibson,24.0,CHI,2204.0,13.8,0.521,4.7,-2.0,0.0,9.0,0.9,7.5,1.3,0.6,82.0,26.9,0,2010
Mike Bibby,31.0,ATL,2195.0,12.7,0.538,4.8,-0.2,1.0,9.1,3.9,2.3,0.0,0.8,80.0,27.4,0,2010
Al Harrington,29.0,NYK,2195.0,16.8,0.546,3.5,-0.8,0.6,17.7,1.5,5.6,0.4,0.9,72.0,30.5,0,2010
Channing Frye,26.0,PHO,2190.0,15.0,0.598,6.4,2.7,2.6,11.2,1.4,5.3,0.9,0.8,81.0,27.0,0,2010
Udonis Haslem,29.0,MIA,2177.0,14.6,0.538,6.0,-1.7,0.2,9.9,0.7,8.1,0.3,0.4,78.0,27.9,0,2010
Shane Battier,31.0,HOU,2168.0,11.1,0.541,4.3,1.5,1.9,8.0,2.4,4.7,1.1,0.8,67.0,32.4,0,2010
Anderson Varejão,27.0,CLE,2166.0,15.8,0.598,8.1,1.3,1.8,8.6,1.1,7.6,0.9,0.9,76.0,28.5,0,2010
Steve Blake,29.0,2TM,2159.0,11.6,0.539,3.3,-0.5,0.8,7.3,4.8,2.3,0.1,0.7,80.0,27.0,0,2010
Kendrick Perkins,25.0,BOS,2154.0,15.0,0.613,5.2,-0.7,0.7,10.1,1.0,7.6,1.7,0.3,78.0,27.6,0,2010
Manu Ginóbili,32.0,SAS,2150.0,22.5,0.584,9.7,6.7,4.7,16.5,4.9,3.8,0.3,1.4,75.0,28.7,0,2010
Mehmet Okur,30.0,UTA,2149.0,15.6,0.561,5.6,0.5,1.4,13.5,1.6,7.1,1.1,0.5,73.0,29.4,0,2010
Thaddeus Young,21.0,PHI,2145.0,14.0,0.523,2.1,-1.9,0.1,13.8,1.4,5.2,0.2,1.2,67.0,32.0,0,2010
Samuel Dalembert,28.0,PHI,2124.0,16.8,0.573,5.2,-0.9,0.6,8.1,0.8,9.6,1.8,0.5,82.0,25.9,0,2010
Darren Collison,22.0,NOH,2109.0,16.5,0.546,2.9,-0.8,0.6,12.4,5.7,2.5,0.1,1.0,76.0,27.8,0,2010
Matt Barnes,29.0,ORL,2097.0,13.6,0.576,5.9,1.3,1.7,8.8,1.7,5.5,0.4,0.7,81.0,25.9,0,2010
Quentin Richardson,29.0,MIA,2082.0,12.9,0.572,5.8,1.3,1.7,8.9,1.2,4.9,0.2,0.9,76.0,27.4,0,2010
J.R. Smith,24.0,DEN,2082.0,15.0,0.515,2.7,0.1,1.1,15.4,2.4,3.1,0.3,1.3,75.0,27.8,0,2010
Corey Maggette,30.0,GSW,2081.0,20.3,0.615,6.3,0.3,1.2,19.8,2.5,5.3,0.1,0.7,70.0,29.7,0,2010
Al Thornton,26.0,2TM,2079.0,11.8,0.523,2.2,-3.1,-0.6,10.7,1.2,3.9,0.5,0.6,75.0,27.7,0,2010
Chris Duhon,27.0,NYK,2072.0,10.7,0.501,1.9,-2.5,-0.3,7.4,5.6,2.7,0.0,0.9,67.0,30.9,0,2010
Kevin Garnett,33.0,BOS,2060.0,19.4,0.569,7.3,3.5,2.9,14.3,2.7,7.3,0.8,1.0,69.0,29.9,0,2010
Roy Hibbert,23.0,IND,2035.0,16.2,0.537,4.1,-0.9,0.6,11.7,2.0,5.7,1.6,0.4,81.0,25.1,0,2010
Wesley Matthews,23.0,UTA,2025.0,12.3,0.592,4.6,-0.5,0.8,9.4,1.5,2.3,0.2,0.8,82.0,24.7,0,2010
Anthony Morrow,24.0,GSW,2018.0,14.0,0.597,3.5,-0.4,0.8,13.0,1.5,3.8,0.2,0.9,69.0,29.2,0,2010
Martell Webster,23.0,POR,2005.0,12.5,0.543,4.4,0.0,1.0,9.4,0.8,3.3,0.5,0.5,82.0,24.5,0,2010
Jared Dudley,24.0,PHO,1991.0,13.6,0.612,5.3,2.1,2.1,8.2,1.4,3.4,0.2,1.0,82.0,24.3,0,2010
Jermaine O'Neal,31.0,MIA,1991.0,17.9,0.563,5.6,-0.1,1.0,13.6,1.3,6.9,1.4,0.4,70.0,28.4,0,2010
Kenyon Martin,32.0,DEN,1986.0,13.4,0.481,3.3,-0.8,0.6,11.5,1.9,9.4,1.1,1.2,58.0,34.2,0,2010
Andrew Bynum,22.0,LAL,1977.0,20.2,0.608,7.8,1.5,1.8,15.0,1.0,8.3,1.4,0.5,65.0,30.4,0,2010
Ben Wallace,35.0,DET,1975.0,15.8,0.526,4.7,1.9,1.9,5.5,1.5,8.7,1.2,1.2,69.0,28.6,0,2010
Brad Miller,33.0,CHI,1950.0,12.9,0.53,4.0,-0.8,0.6,8.8,1.9,4.9,0.4,0.5,82.0,23.8,0,2010
Peja Stojaković,32.0,NOH,1947.0,12.4,0.533,2.7,-0.9,0.5,12.6,1.5,3.7,0.1,0.8,62.0,31.4,0,2010
Omri Casspi,21.0,SAC,1931.0,13.0,0.529,2.5,-1.1,0.4,10.3,1.2,4.5,0.2,0.7,77.0,25.1,0,2010
Joakim Noah,24.0,CHI,1925.0,17.9,0.557,6.2,1.6,1.7,10.7,2.1,11.0,1.6,0.5,64.0,30.1,0,2010
Lou Williams,23.0,PHI,1912.0,18.2,0.576,5.2,1.6,1.7,14.0,4.2,2.9,0.2,1.3,64.0,29.9,0,2010
Spencer Hawes,21.0,SAC,1904.0,13.8,0.507,2.1,-1.2,0.4,10.0,2.2,6.1,1.2,0.4,72.0,26.4,0,2010
Ersan İlyasova,22.0,MIL,1898.0,15.7,0.526,5.8,0.4,1.1,10.4,1.0,6.4,0.3,0.7,81.0,23.4,0,2010
Dahntay Jones,29.0,IND,1892.0,10.8,0.527,1.8,-3.6,-0.8,10.2,2.0,3.0,0.5,0.5,76.0,24.9,0,2010
Marcus Thornton,22.0,NOH,1872.0,17.4,0.55,4.0,0.9,1.4,14.5,1.6,2.9,0.2,0.8,73.0,25.6,0,2010
Luc Mbah a Moute,23.0,MIL,1866.0,11.8,0.53,4.7,-0.3,0.8,6.2,1.1,5.5,0.5,0.8,73.0,25.6,0,2010
Jameer Nelson,27.0,ORL,1860.0,15.5,0.54,5.0,0.7,1.3,12.6,5.4,3.0,0.0,0.7,65.0,28.6,0,2010
Charlie Villanueva,25.0,DET,1848.0,16.0,0.526,3.5,0.0,0.9,11.9,0.7,4.7,0.7,0.6,78.0,23.7,0,2010
José Calderón,28.0,TOR,1817.0,16.5,0.569,4.2,0.6,1.2,10.3,5.9,2.1,0.1,0.7,68.0,26.7,0,2010
JJ Redick,25.0,ORL,1808.0,15.0,0.606,6.5,1.8,1.8,9.6,1.9,1.9,0.0,0.3,82.0,22.0,0,2010
Mario Chalmers,23.0,MIA,1807.0,10.7,0.519,2.7,-1.3,0.3,7.1,3.4,1.8,0.2,1.2,73.0,24.8,0,2010
Mike Miller,29.0,WAS,1805.0,13.9,0.623,3.9,1.3,1.5,10.9,3.9,6.2,0.2,0.7,54.0,33.4,0,2010
Jared Jeffries,28.0,2TM,1794.0,9.8,0.507,2.2,-1.9,0.0,5.3,1.4,4.1,1.0,0.9,70.0,25.6,0,2010
C.J. Watson,25.0,GSW,1788.0,13.8,0.555,3.1,-0.4,0.7,10.3,2.8,2.6,0.1,1.6,65.0,27.5,0,2010
Rasheed Wallace,35.0,BOS,1780.0,13.1,0.504,3.6,0.0,0.9,9.0,1.0,4.1,0.9,1.0,79.0,22.5,0,2010
Chuck Hayes,26.0,HOU,1773.0,11.7,0.5,3.6,-0.2,0.8,4.4,1.7,5.7,0.5,0.9,82.0,21.6,0,2010
Jrue Holiday,19.0,PHI,1767.0,12.3,0.526,1.2,-1.7,0.1,8.0,3.8,2.6,0.2,1.1,73.0,24.2,0,2010
Terrence Williams,22.0,NJN,1764.0,11.5,0.459,-0.3,-2.8,-0.4,8.4,2.9,4.5,0.1,0.6,78.0,22.6,0,2010
Luke Ridnour,28.0,MIL,1759.0,17.7,0.57,6.2,2.2,1.8,10.4,4.0,1.7,0.1,0.7,82.0,21.5,0,2010
Drew Gooden,28.0,2TM,1755.0,16.9,0.547,4.4,-2.1,-0.1,10.9,0.7,7.7,0.8,0.6,70.0,25.1,0,2010
Ronnie Brewer,24.0,2TM,1742.0,12.5,0.524,3.7,1.1,1.4,8.8,2.7,3.2,0.3,1.6,58.0,30.0,0,2010
Nenad Krstić,26.0,OKC,1741.0,13.7,0.527,4.2,-1.8,0.1,8.4,0.7,5.0,0.6,0.4,76.0,22.9,0,2010
James Harden,20.0,OKC,1738.0,14.0,0.551,4.5,0.5,1.1,9.9,1.8,3.2,0.3,1.1,76.0,22.9,0,2010
Ramon Sessions,23.0,MIN,1732.0,12.9,0.513,1.1,-3.0,-0.4,8.2,3.1,2.6,0.1,0.7,82.0,21.1,0,2010
James Posey,33.0,NOH,1731.0,8.7,0.525,2.4,-1.8,0.1,5.2,1.5,4.3,0.2,0.5,77.0,22.5,0,2010
Chris Douglas-Roberts,23.0,NJN,1730.0,11.5,0.512,0.7,-3.2,-0.5,9.8,1.4,3.0,0.3,0.8,67.0,25.8,0,2010
Ben Gordon,26.0,DET,1730.0,14.0,0.534,2.1,-1.4,0.2,13.8,2.7,1.9,0.1,0.8,62.0,27.9,0,2010
Tony Parker,27.0,SAS,1728.0,16.4,0.542,3.6,-0.7,0.6,16.0,5.7,2.4,0.1,0.5,56.0,30.9,0,2010
Kevin Love,21.0,MIN,1714.0,20.7,0.549,4.9,1.5,1.5,14.0,2.3,11.0,0.4,0.7,60.0,28.6,0,2010
Chris Paul,24.0,NOH,1712.0,23.7,0.584,7.3,6.2,3.5,18.7,10.7,4.2,0.2,2.1,45.0,38.0,0,2010
Jason Williams,34.0,ORL,1703.0,12.9,0.555,4.5,1.0,1.3,6.0,3.6,1.5,0.0,0.6,82.0,20.8,0,2010
Shannon Brown,24.0,LAL,1700.0,12.4,0.517,3.4,-0.4,0.7,8.1,1.3,2.2,0.4,0.7,82.0,20.7,0,2010
Chris Andersen,31.0,DEN,1695.0,15.8,0.631,5.9,1.8,1.6,5.9,0.4,6.4,1.9,0.6,76.0,22.3,0,2010
J.J. Hickson,21.0,CLE,1691.0,15.2,0.58,4.3,-1.4,0.3,8.5,0.5,4.9,0.5,0.4,81.0,20.9,0,2010
Mickaël Piétrus,27.0,ORL,1687.0,11.9,0.555,3.6,0.9,1.2,8.7,0.7,2.9,0.4,0.7,75.0,22.5,0,2010
Andrei Kirilenko,28.0,UTA,1681.0,18.2,0.588,6.0,5.1,3.0,11.9,2.7,4.6,1.2,1.4,58.0,29.0,0,2010
Ronald Murray,30.0,2TM,1673.0,11.7,0.485,1.8,-2.3,-0.1,9.9,1.8,2.4,0.2,0.6,75.0,22.3,0,2010
Randy Foye,26.0,WAS,1667.0,13.2,0.516,2.2,-1.2,0.3,10.1,3.3,1.9,0.1,0.5,70.0,23.8,0,2010
Will Bynum,27.0,DET,1667.0,13.8,0.513,1.9,-2.2,-0.1,10.0,4.5,2.3,0.1,0.9,63.0,26.5,0,2010
DeMar DeRozan,20.0,TOR,1664.0,12.5,0.554,2.3,-2.8,-0.3,8.6,0.7,2.9,0.2,0.6,77.0,21.6,0,2010
Tayshaun Prince,29.0,DET,1664.0,16.0,0.53,3.2,0.8,1.2,13.5,3.3,5.1,0.4,0.7,49.0,34.0,0,2010
Yi Jianlian,22.0,NJN,1655.0,12.3,0.481,1.3,-4.1,-0.9,12.0,0.9,7.2,1.0,0.7,52.0,31.8,0,2010
Kyle Lowry,23.0,HOU,1651.0,15.5,0.536,4.3,0.8,1.2,9.1,4.5,3.6,0.1,0.9,68.0,24.3,0,2010
Kevin Martin,26.0,2TM,1633.0,17.0,0.561,4.2,-0.4,0.6,20.6,2.4,3.6,0.1,1.0,46.0,35.5,0,2010
Juwan Howard,36.0,POR,1632.0,10.0,0.538,2.6,-3.5,-0.6,6.0,0.8,4.6,0.1,0.4,73.0,22.4,0,2010
Donté Greene,21.0,SAC,1630.0,11.6,0.526,1.5,-1.6,0.1,8.5,0.9,3.1,0.7,0.5,76.0,21.4,0,2010
Antonio McDyess,35.0,SAS,1617.0,12.2,0.492,3.2,-1.0,0.4,5.8,1.1,5.9,0.4,0.6,77.0,21.0,0,2010
Charlie Bell,30.0,MIL,1611.0,7.9,0.486,2.0,-2.4,-0.2,6.5,1.5,1.9,0.2,0.5,71.0,22.7,0,2010
Damien Wilkins,30.0,MIN,1585.0,11.5,0.515,1.9,-1.3,0.3,5.6,1.7,3.1,0.3,0.8,80.0,19.8,0,2010
Carlos Arroyo,30.0,MIA,1585.0,12.3,0.529,3.7,-1.5,0.2,6.1,3.1,1.8,0.1,0.5,72.0,22.0,0,2010
Monta Ellis,25.0,GSW,3227.0,18.6,0.536,6.0,0.8,2.3,24.1,5.6,3.5,0.3,2.1,80.0,40.3,0,2011
LaMarcus Aldridge,25.0,POR,3211.0,21.5,0.549,11.1,2.1,3.4,21.8,2.1,8.8,1.2,1.0,81.0,39.6,0,2011
Luol Deng,25.0,CHI,3208.0,15.5,0.549,9.9,1.7,3.0,17.4,2.8,5.8,0.6,1.0,82.0,39.1,0,2011
Dorell Wright,25.0,GSW,3147.0,15.0,0.539,5.8,0.8,2.2,16.4,3.0,5.3,0.8,1.5,82.0,38.4,0,2011
Blake Griffin,21.0,LAC,3112.0,21.9,0.549,9.8,2.6,3.6,22.5,3.8,12.1,0.5,0.8,82.0,38.0,0,2011
LeBron James,26.0,MIA,3063.0,27.3,0.594,15.6,8.1,7.8,26.7,7.0,7.5,0.6,1.6,79.0,38.8,0,2011
Kevin Durant,22.0,OKC,3038.0,23.6,0.589,12.0,4.9,5.3,27.7,2.7,6.8,1.0,1.1,78.0,38.9,0,2011
Pau Gasol,30.0,LAL,3037.0,23.3,0.589,14.7,4.8,5.2,18.8,3.3,10.2,1.6,0.6,82.0,37.0,0,2011
Derrick Rose,22.0,CHI,3026.0,23.5,0.55,13.1,6.8,6.7,25.0,7.7,4.1,0.6,1.0,81.0,37.4,1,2011
Al Jefferson,26.0,UTA,2940.0,20.1,0.528,7.8,0.6,1.9,18.6,1.8,9.7,1.9,0.6,82.0,35.9,0,2011
Dwight Howard,25.0,ORL,2935.0,26.1,0.616,14.4,5.3,5.4,22.9,1.4,14.1,2.4,1.4,78.0,37.6,0,2011
Jrue Holiday,20.0,PHI,2901.0,15.4,0.525,5.7,0.8,2.0,14.0,6.5,4.0,0.4,1.5,82.0,35.4,0,2011
Ray Allen,35.0,BOS,2890.0,16.4,0.615,10.0,2.9,3.6,16.5,2.7,3.4,0.2,1.0,80.0,36.1,0,2011
Brook Lopez,22.0,NJN,2889.0,19.3,0.549,6.3,0.6,1.9,20.4,1.6,6.0,1.5,0.6,82.0,35.2,0,2011
Chris Paul,25.0,NOH,2880.0,23.7,0.578,13.9,7.1,6.7,15.9,9.8,4.1,0.1,2.4,80.0,36.0,0,2011
Mike Conley,23.0,MEM,2872.0,15.9,0.521,6.6,1.2,2.3,13.7,6.5,3.0,0.2,1.8,81.0,35.5,0,2011
Amar'e Stoudemire,28.0,NYK,2870.0,22.7,0.565,8.0,1.4,2.4,25.3,2.6,8.2,1.9,0.9,78.0,36.8,0,2011
DeMar DeRozan,21.0,TOR,2851.0,14.5,0.53,3.2,-2.5,-0.3,17.2,1.8,3.8,0.4,1.0,82.0,34.8,0,2011
Russell Westbrook,22.0,OKC,2847.0,23.6,0.538,9.4,4.2,4.4,21.9,8.2,4.6,0.4,1.9,82.0,34.7,0,2011
Dwyane Wade,29.0,MIA,2823.0,25.6,0.581,12.8,6.6,6.1,25.5,4.6,6.4,1.1,1.5,76.0,37.1,0,2011
Elton Brand,31.0,PHI,2809.0,18.5,0.553,9.4,1.3,2.4,15.0,1.5,8.3,1.3,1.1,81.0,34.7,0,2011
Chris Bosh,26.0,MIA,2795.0,19.4,0.569,10.3,1.3,2.3,18.7,1.9,8.3,0.6,0.8,77.0,36.3,0,2011
Kobe Bryant,32.0,LAL,2779.0,23.9,0.548,10.3,5.2,5.0,25.3,4.7,5.1,0.1,1.2,82.0,33.9,0,2011
Boris Diaw,28.0,CHA,2778.0,13.9,0.558,4.8,0.6,1.8,11.3,4.1,5.0,0.6,0.9,82.0,33.9,0,2011
Paul Pierce,33.0,BOS,2774.0,19.7,0.62,11.6,4.6,4.6,18.9,3.3,5.4,0.6,1.0,80.0,34.7,0,2011
Danny Granger,27.0,IND,2763.0,17.8,0.554,6.9,2.1,2.9,20.5,2.6,5.4,0.8,1.1,79.0,35.0,0,2011
Wesley Matthews,24.0,POR,2758.0,15.5,0.582,7.2,0.9,2.0,15.9,2.0,3.1,0.1,1.2,82.0,33.6,0,2011
D.J. Augustin,23.0,CHA,2757.0,15.9,0.541,6.2,0.1,1.5,14.4,6.1,2.7,0.0,0.7,82.0,33.6,0,2011
Carmelo Anthony,26.0,2TM,2751.0,21.7,0.557,7.9,1.9,2.7,25.6,2.9,7.3,0.6,0.9,77.0,35.7,0,2011
Raymond Felton,26.0,2TM,2737.0,16.6,0.524,5.4,0.6,1.8,15.5,8.3,3.6,0.1,1.7,75.0,36.5,0,2011
Beno Udrih,28.0,SAC,2734.0,15.7,0.587,7.2,0.5,1.7,13.7,4.9,3.4,0.1,1.2,79.0,34.6,0,2011
Zach Randolph,29.0,MEM,2724.0,22.6,0.552,10.5,2.6,3.2,20.1,2.2,12.2,0.3,0.8,75.0,36.3,0,2011
Jason Richardson,30.0,2TM,2715.0,15.0,0.555,6.9,1.7,2.5,15.6,1.8,4.1,0.2,1.2,80.0,33.9,0,2011
Al Horford,24.0,ATL,2704.0,20.7,0.587,10.1,3.6,3.9,15.3,3.5,9.3,1.0,0.8,77.0,35.1,0,2011
Gerald Wallace,28.0,2TM,2693.0,16.2,0.548,6.2,1.5,2.4,15.7,2.4,8.0,0.9,1.5,71.0,37.9,0,2011
Jason Kidd,37.0,DAL,2653.0,14.4,0.5,6.4,2.8,3.3,7.9,8.2,4.4,0.4,1.7,80.0,33.2,0,2011
Andre Miller,34.0,POR,2650.0,17.8,0.529,7.0,1.6,2.4,12.7,7.0,3.7,0.1,1.4,81.0,32.7,0,2011
Josh Smith,25.0,ATL,2645.0,19.2,0.54,6.4,2.8,3.2,16.5,3.3,8.5,1.6,1.3,77.0,34.4,0,2011
Lamar Odom,31.0,LAL,2639.0,19.4,0.589,10.1,3.5,3.7,14.4,3.0,8.7,0.7,0.6,82.0,32.2,0,2011
David Lee,27.0,GSW,2634.0,17.8,0.549,6.0,-0.4,1.1,16.5,3.2,9.8,0.4,1.0,73.0,36.1,0,2011
Kevin Love,22.0,MIN,2611.0,24.3,0.593,11.4,4.4,4.2,20.2,2.5,15.2,0.4,0.6,73.0,35.8,0,2011
John Wall,20.0,WAS,2606.0,15.8,0.494,2.2,-0.8,0.8,16.4,8.3,4.6,0.5,1.8,69.0,37.8,0,2011
Paul Millsap,25.0,UTA,2605.0,19.8,0.578,7.7,1.9,2.5,17.3,2.5,7.6,0.9,1.4,76.0,34.3,0,2011
Kevin Martin,27.0,HOU,2603.0,21.4,0.601,9.5,3.4,3.5,23.5,2.5,3.2,0.2,1.0,80.0,32.5,0,2011
Trevor Ariza,25.0,NOH,2600.0,11.3,0.487,3.4,-0.4,1.0,11.0,2.2,5.4,0.4,1.6,75.0,34.7,0,2011
Marc Gasol,26.0,MEM,2586.0,16.8,0.58,7.9,2.3,2.8,11.7,2.5,7.0,1.7,0.9,81.0,31.9,0,2011
Jason Terry,33.0,DAL,2564.0,15.9,0.545,5.3,0.9,1.9,15.8,4.1,1.9,0.2,1.1,82.0,31.3,0,2011
Kyle Lowry,24.0,HOU,2563.0,16.5,0.55,7.0,2.0,2.6,13.5,6.7,4.1,0.3,1.4,75.0,34.2,0,2011
Tayshaun Prince,30.0,DET,2562.0,15.1,0.511,3.3,-0.8,0.7,14.1,2.8,4.2,0.5,0.4,78.0,32.8,0,2011
John Salmons,31.0,MIL,2554.0,12.8,0.51,4.3,-0.3,1.1,14.0,3.5,3.6,0.4,1.0,73.0,35.0,0,2011
Joe Johnson,29.0,ATL,2554.0,16.4,0.517,4.2,-0.3,1.1,18.2,4.7,4.0,0.1,0.7,72.0,35.5,0,2011
Landry Fields,22.0,NYK,2541.0,13.5,0.598,5.3,0.2,1.4,9.7,1.9,6.4,0.2,1.0,82.0,31.0,0,2011
Channing Frye,27.0,PHO,2541.0,12.8,0.557,4.7,-0.3,1.1,12.7,1.2,6.7,1.0,0.6,77.0,33.0,0,2011
Hedo Türkoğlu,31.0,2TM,2540.0,13.4,0.555,6.8,1.7,2.3,10.8,4.2,4.4,0.4,0.9,81.0,31.4,0,2011
Tony Parker,28.0,SAS,2528.0,20.4,0.569,8.2,1.8,2.4,17.5,6.6,3.1,0.0,1.2,78.0,32.4,0,2011
Rajon Rondo,24.0,BOS,2527.0,17.1,0.495,6.6,3.1,3.2,10.6,11.2,4.4,0.2,2.3,68.0,37.2,0,2011
Nicolas Batum,22.0,POR,2522.0,14.8,0.563,6.6,1.1,2.0,12.4,1.5,4.5,0.6,0.9,80.0,31.5,0,2011
Dirk Nowitzki,32.0,DAL,2504.0,23.4,0.612,11.1,5.1,4.5,23.0,2.6,7.0,0.6,0.5,73.0,34.3,0,2011
Steve Nash,36.0,PHO,2497.0,20.8,0.601,7.9,3.2,3.3,14.7,11.4,3.5,0.1,0.6,75.0,33.3,0,2011
Stephen Curry,22.0,GSW,2489.0,19.4,0.595,6.6,2.3,2.7,18.6,5.8,3.9,0.3,1.5,74.0,33.6,0,2011
Andre Iguodala,27.0,PHI,2469.0,17.2,0.53,6.7,3.2,3.2,14.1,6.3,5.8,0.6,1.5,67.0,36.9,0,2011
Deron Williams,26.0,2TM,2465.0,21.1,0.566,7.3,3.0,3.1,20.1,10.3,4.0,0.2,1.2,65.0,37.9,0,2011
Richard Jefferson,30.0,SAS,2459.0,12.4,0.612,5.9,0.3,1.4,11.0,1.3,3.8,0.4,0.5,81.0,30.4,0,2011
David West,30.0,NOH,2451.0,20.4,0.558,7.8,2.8,3.0,18.9,2.3,7.6,0.9,1.0,70.0,35.0,0,2011
Jeff Green,24.0,2TM,2427.0,12.9,0.538,4.8,-1.1,0.5,13.3,1.4,4.8,0.5,0.7,75.0,32.4,0,2011
Manu Ginóbili,33.0,SAS,2426.0,21.7,0.581,9.9,5.4,4.5,17.4,4.9,3.7,0.4,1.5,80.0,30.3,0,2011
Luis Scola,30.0,HOU,2412.0,18.4,0.538,5.5,-0.4,1.0,18.3,2.5,8.2,0.6,0.6,74.0,32.6,0,2011
Metta World Peace,31.0,LAL,2410.0,11.2,0.485,4.4,0.2,1.3,8.5,2.1,3.3,0.4,1.5,82.0,29.4,0,2011
Grant Hill,38.0,PHO,2409.0,14.7,0.563,4.4,-0.5,0.9,13.2,2.5,4.2,0.4,0.8,80.0,30.1,0,2011
Stephen Jackson,32.0,CHA,2405.0,14.6,0.52,1.9,-0.5,0.9,18.5,3.6,4.5,0.4,1.2,67.0,35.9,0,2011
Wilson Chandler,23.0,2TM,2401.0,14.6,0.537,3.9,-0.2,1.1,15.3,1.7,5.7,1.3,0.7,72.0,33.3,0,2011
Shane Battier,32.0,2TM,2375.0,12.3,0.567,5.1,1.4,2.0,7.6,2.3,4.5,1.0,0.8,82.0,29.0,0,2011
Michael Beasley,22.0,MIN,2361.0,15.5,0.51,1.7,-1.8,0.1,19.2,2.2,5.6,0.7,0.7,73.0,32.3,0,2011
Darren Collison,23.0,IND,2360.0,15.6,0.534,4.3,-0.3,1.0,13.2,5.1,2.8,0.2,1.1,79.0,29.9,0,2011
Travis Outlaw,26.0,NJN,2358.0,8.8,0.469,0.8,-3.5,-0.9,9.2,1.0,4.0,0.4,0.4,82.0,28.8,0,2011
Andrea Bargnani,25.0,TOR,2353.0,16.4,0.533,2.5,-1.4,0.4,21.4,1.8,5.2,0.7,0.5,66.0,35.7,0,2011
Arron Afflalo,25.0,DEN,2324.0,13.6,0.62,6.2,1.4,2.0,12.6,2.4,3.6,0.4,0.5,69.0,33.7,0,2011
Jameer Nelson,28.0,ORL,2319.0,15.4,0.548,6.6,1.1,1.8,13.1,6.0,3.0,0.0,1.0,76.0,30.5,0,2011
Chauncey Billups,34.0,2TM,2310.0,18.7,0.617,8.0,2.6,2.7,16.8,5.4,2.6,0.2,1.0,72.0,32.1,0,2011
DeMarcus Cousins,20.0,SAC,2309.0,14.6,0.484,1.1,-2.6,-0.4,14.1,2.5,8.6,0.8,1.0,81.0,28.5,0,2011
Glen Davis,25.0,BOS,2298.0,12.8,0.499,4.9,-1.9,0.0,11.7,1.2,5.4,0.4,1.0,78.0,29.5,0,2011
Derek Fisher,36.0,LAL,2297.0,8.9,0.486,3.7,-2.0,0.0,6.8,2.7,1.9,0.1,1.2,82.0,28.0,0,2011
Jamal Crawford,30.0,ATL,2297.0,14.2,0.545,3.4,-1.0,0.6,14.2,3.2,1.7,0.2,0.8,76.0,30.2,0,2011
Andrew Bogut,26.0,MIL,2297.0,16.7,0.496,5.4,1.3,1.9,12.8,2.0,11.1,2.6,0.7,65.0,35.3,0,2011
Nenê,28.0,DEN,2291.0,20.4,0.657,9.6,3.6,3.2,14.5,2.0,7.6,1.0,1.1,75.0,30.5,0,2011
Emeka Okafor,28.0,NOH,2287.0,16.0,0.584,6.5,-0.4,0.9,10.3,0.6,9.5,1.8,0.6,72.0,31.8,0,2011
Mike Bibby,32.0,3TM,2285.0,10.9,0.57,4.0,-0.9,0.6,8.6,3.3,2.4,0.1,0.6,80.0,28.6,0,2011
J.J. Hickson,22.0,CLE,2256.0,15.6,0.503,1.5,-3.8,-1.1,13.8,1.1,8.7,0.7,0.6,80.0,28.2,0,2011
Devin Harris,27.0,2TM,2254.0,17.2,0.545,4.2,0.6,1.5,15.2,7.1,2.4,0.1,1.0,71.0,31.7,0,2011
Shawn Marion,32.0,DAL,2253.0,17.0,0.551,5.6,0.3,1.3,12.5,1.4,6.9,0.6,0.9,80.0,28.2,0,2011
Roy Hibbert,24.0,IND,2244.0,15.9,0.507,3.6,-1.1,0.5,12.7,2.0,7.5,1.8,0.4,81.0,27.7,0,2011
Greg Monroe,20.0,DET,2222.0,18.0,0.575,6.6,0.4,1.4,9.4,1.3,7.5,0.6,1.2,80.0,27.8,0,2011
Kevin Garnett,34.0,BOS,2220.0,20.6,0.575,9.0,4.7,3.8,14.9,2.4,8.9,0.8,1.3,71.0,31.3,0,2011
Serge Ibaka,21.0,OKC,2216.0,17.7,0.579,7.6,0.5,1.4,9.9,0.3,7.6,2.4,0.4,82.0,27.0,0,2011
JaVale McGee,23.0,WAS,2193.0,17.4,0.566,5.3,-0.4,0.9,10.1,0.5,8.0,2.4,0.5,79.0,27.8,0,2011
James Harden,21.0,OKC,2189.0,16.4,0.598,7.1,1.9,2.2,12.2,2.1,3.1,0.3,1.1,82.0,26.7,0,2011
Rodney Stuckey,24.0,DET,2183.0,18.4,0.544,5.0,0.2,1.2,15.5,5.2,3.1,0.1,1.1,70.0,31.2,0,2011
Andray Blatche,24.0,WAS,2172.0,16.9,0.497,2.4,-0.9,0.6,16.8,2.3,8.2,0.8,1.5,64.0,33.9,0,2011
Brandon Jennings,21.0,MIL,2169.0,15.6,0.493,3.9,1.6,2.0,16.2,4.8,3.7,0.3,1.5,63.0,34.4,0,2011
Luke Ridnour,29.0,MIN,2159.0,15.0,0.567,4.0,0.0,1.1,11.8,5.4,2.8,0.1,1.3,71.0,30.4,0,2011
Kirk Hinrich,30.0,2TM,2157.0,12.3,0.543,3.0,-1.3,0.4,10.2,4.0,2.5,0.2,1.0,72.0,30.0,0,2011
Tim Duncan,34.0,SAS,2156.0,21.9,0.537,7.7,4.4,3.5,13.4,2.7,8.9,1.9,0.7,76.0,28.4,0,2011
Rudy Gay,24.0,MEM,2152.0,17.8,0.548,5.5,2.8,2.6,19.8,2.8,6.2,1.1,1.7,54.0,39.9,0,2011
George Hill,24.0,SAS,2148.0,14.6,0.588,6.1,0.8,1.5,11.6,2.5,2.6,0.3,0.9,76.0,28.3,0,2011
Jared Dudley,25.0,PHO,2140.0,15.6,0.598,5.6,1.8,2.0,10.6,1.3,3.9,0.2,1.1,82.0,26.1,0,2011
Thaddeus Young,22.0,PHI,2135.0,18.4,0.566,6.2,1.0,1.6,12.7,1.0,5.3,0.3,1.1,82.0,26.0,0,2011
Ramon Sessions,24.0,CLE,2133.0,19.0,0.559,4.4,0.3,1.3,13.3,5.2,3.1,0.1,0.7,81.0,26.3,0,2011
Ben Gordon,27.0,DET,2131.0,12.4,0.548,1.7,-2.5,-0.3,11.2,2.1,2.4,0.2,0.6,82.0,26.0,0,2011
Eric Gordon,22.0,LAC,2112.0,18.5,0.566,5.3,2.0,2.2,22.3,4.4,2.9,0.3,1.3,56.0,37.7,0,2011
Tyreke Evans,21.0,SAC,2107.0,14.4,0.482,1.6,0.0,1.1,17.8,5.6,4.8,0.5,1.5,57.0,37.0,0,2011
Danilo Gallinari,22.0,2TM,2104.0,15.7,0.597,6.1,0.7,1.4,15.6,1.7,4.9,0.4,0.8,62.0,33.9,0,2011
Ty Lawson,23.0,DEN,2103.0,17.9,0.593,6.7,2.1,2.2,11.7,4.7,2.6,0.1,1.0,80.0,26.3,0,2011
José Calderón,29.0,TOR,2102.0,16.3,0.522,3.7,0.8,1.5,9.8,8.9,3.0,0.1,1.2,68.0,30.9,0,2011
Raja Bell,34.0,UTA,2097.0,8.2,0.528,1.7,-3.1,-0.6,8.0,1.7,2.6,0.2,0.8,68.0,30.8,0,2011
Ryan Gomes,28.0,LAC,2095.0,9.0,0.504,2.5,-2.1,-0.1,7.2,1.6,3.3,0.2,0.8,76.0,27.6,0,2011
Luc Mbah a Moute,24.0,MIL,2093.0,11.5,0.518,4.8,-1.3,0.4,6.7,0.9,5.3,0.4,0.9,79.0,26.5,0,2011
Anthony Parker,35.0,CLE,2091.0,10.5,0.505,1.5,-2.0,0.0,8.3,3.0,3.0,0.1,0.9,72.0,29.0,0,2011
Chuck Hayes,27.0,HOU,2079.0,16.2,0.554,6.3,1.9,2.1,7.9,2.7,8.1,0.7,1.1,74.0,28.1,0,2011
Wesley Johnson,23.0,MIN,2069.0,10.2,0.491,1.3,-1.7,0.2,9.0,1.9,3.0,0.7,0.7,79.0,26.2,0,2011
Jodie Meeks,23.0,PHI,2062.0,12.5,0.6,5.1,0.2,1.1,10.5,1.1,2.3,0.1,0.9,74.0,27.9,0,2011
Kris Humphries,25.0,NJN,2061.0,17.8,0.555,5.4,0.4,1.3,10.0,1.1,10.4,1.1,0.4,74.0,27.9,0,2011
Tyson Chandler,28.0,DAL,2059.0,18.4,0.697,9.4,1.5,1.8,10.1,0.4,9.4,1.1,0.5,74.0,27.8,0,2011
Vince Carter,34.0,2TM,2051.0,14.8,0.528,3.8,0.3,1.2,14.0,2.0,3.8,0.3,0.9,73.0,28.1,0,2011
Thabo Sefolosha,26.0,OKC,2049.0,10.4,0.545,4.1,0.6,1.3,5.1,1.4,4.4,0.5,1.2,79.0,25.9,0,2011
DeAndre Jordan,22.0,LAC,2047.0,14.8,0.648,5.2,-0.7,0.7,7.1,0.5,7.2,1.8,0.5,80.0,25.6,0,2011
Nick Young,25.0,WAS,2034.0,14.5,0.538,2.8,-1.3,0.4,17.4,1.2,2.7,0.3,0.7,64.0,31.8,0,2011
Marcin Gortat,26.0,2TM,2032.0,17.8,0.594,6.4,0.9,1.5,10.2,0.9,7.9,1.1,0.5,80.0,25.4,0,2011
Carl Landry,27.0,2TM,2008.0,14.8,0.555,4.1,-1.9,0.1,11.9,0.8,4.6,0.4,0.5,76.0,26.4,0,2011
Andrei Kirilenko,29.0,UTA,1999.0,16.6,0.567,4.5,2.2,2.1,11.7,3.0,5.1,1.2,1.3,64.0,31.2,0,2011
Brandon Bass,25.0,ORL,1980.0,15.9,0.571,6.3,0.2,1.1,11.2,0.8,5.6,0.7,0.4,76.0,26.1,0,2011
Toney Douglas,24.0,NYK,1971.0,15.2,0.534,4.2,0.4,1.2,10.6,3.0,3.0,0.0,1.1,81.0,24.3,0,2011
C.J. Miles,23.0,UTA,1969.0,14.4,0.507,2.5,-1.0,0.5,12.8,1.7,3.3,0.5,0.9,78.0,25.2,0,2011
J.R. Smith,25.0,DEN,1968.0,16.4,0.55,5.0,1.7,1.9,12.3,2.2,4.1,0.2,1.2,79.0,24.9,0,2011
Marco Belinelli,24.0,NOH,1957.0,12.1,0.56,3.4,-0.6,0.7,10.5,1.2,1.9,0.1,0.5,80.0,24.5,0,2011
Samuel Dalembert,29.0,SAC,1938.0,14.1,0.509,2.9,-2.2,-0.1,8.1,0.8,8.2,1.5,0.5,80.0,24.2,0,2011
Carlos Boozer,29.0,CHI,1882.0,18.8,0.542,5.8,1.0,1.4,17.5,2.5,9.6,0.3,0.8,59.0,31.9,0,2011
O.J. Mayo,23.0,MEM,1869.0,12.6,0.499,2.4,-0.6,0.7,11.3,2.0,2.4,0.4,1.0,71.0,26.3,0,2011
Daniel Gibson,24.0,CLE,1865.0,13.2,0.533,2.4,-0.4,0.8,11.6,3.0,2.6,0.3,0.7,67.0,27.8,0,2011
Marvin Williams,24.0,ATL,1865.0,13.5,0.551,4.0,-0.8,0.6,10.4,1.4,4.8,0.4,0.5,65.0,28.7,0,2011
Anthony Morrow,25.0,NJN,1856.0,12.1,0.573,3.0,-1.0,0.5,13.2,1.2,3.0,0.1,0.3,58.0,32.0,0,2011
Amir Johnson,23.0,TOR,1853.0,17.6,0.608,5.6,0.3,1.1,9.6,1.1,6.4,1.2,0.7,72.0,25.7,0,2011
Antawn Jamison,34.0,CLE,1842.0,16.8,0.516,2.6,-0.1,0.9,18.0,1.7,6.7,0.5,0.9,56.0,32.9,0,2011
Eric Bledsoe,21.0,LAC,1841.0,10.8,0.499,0.3,-2.2,-0.1,6.7,3.6,2.8,0.3,1.1,81.0,22.7,0,2011
Rashard Lewis,31.0,2TM,1824.0,12.0,0.535,3.0,-0.4,0.7,11.7,1.6,5.1,0.5,0.9,57.0,32.0,0,2011
Rudy Fernández,25.0,POR,1821.0,13.4,0.522,3.8,0.9,1.3,8.6,2.5,2.2,0.2,1.1,78.0,23.3,0,2011
Evan Turner,22.0,PHI,1797.0,10.8,0.484,2.3,-2.2,-0.1,7.2,2.0,3.9,0.2,0.6,78.0,23.0,0,2011
Jordan Farmar,24.0,NJN,1796.0,14.1,0.504,1.9,-0.4,0.7,9.6,5.0,2.4,0.1,0.8,73.0,24.6,0,2011
Gilbert Arenas,29.0,2TM,1796.0,10.8,0.471,0.5,-2.4,-0.2,10.8,3.9,2.7,0.3,1.1,70.0,25.7,0,2011
Mo Williams,28.0,2TM,1788.0,13.9,0.503,1.0,-2.4,-0.2,14.0,6.6,2.6,0.2,0.9,58.0,30.8,0,2011
Ronnie Brewer,25.0,CHI,1781.0,13.8,0.518,5.4,2.4,2.0,6.2,1.7,3.2,0.3,1.3,81.0,22.0,0,2011
Marcus Thornton,23.0,2TM,1775.0,16.5,0.525,3.5,1.0,1.3,12.8,1.8,3.5,0.1,0.9,73.0,24.3,0,2011
Keyon Dooling,30.0,MIL,1757.0,11.3,0.509,2.9,-1.2,0.4,7.1,3.0,1.5,0.1,0.7,80.0,22.0,0,2011
Brandon Rush,25.0,IND,1754.0,10.6,0.54,2.6,-0.8,0.5,9.1,0.9,3.2,0.5,0.6,67.0,26.2,0,2011
Jason Thompson,24.0,SAC,1748.0,13.6,0.533,2.9,-2.2,-0.1,8.8,1.2,6.1,0.6,0.4,75.0,23.3,0,2011
Lou Williams,24.0,PHI,1747.0,18.9,0.54,5.1,2.3,1.9,13.7,3.4,2.0,0.2,0.6,75.0,23.3,0,2011
Taj Gibson,25.0,CHI,1742.0,14.3,0.502,5.2,-0.9,0.5,7.1,0.7,5.7,1.3,0.5,80.0,21.8,0,2011
Chase Budinger,22.0,HOU,1738.0,14.2,0.534,3.4,-0.2,0.8,9.8,1.6,3.6,0.2,0.5,78.0,22.3,0,2011
DeJuan Blair,21.0,SAS,1734.0,17.1,0.524,4.8,-0.5,0.7,8.3,1.0,7.0,0.5,1.2,81.0,21.4,0,2011
Courtney Lee,25.0,HOU,1723.0,12.6,0.534,2.7,-1.1,0.4,8.3,1.2,2.6,0.2,0.7,81.0,21.3,0,2011
Jarrett Jack,27.0,2TM,1722.0,14.2,0.503,2.4,-0.7,0.5,8.9,2.9,2.1,0.1,0.7,83.0,20.7,0,2011
Spencer Hawes,22.0,PHI,1718.0,12.8,0.481,2.4,-1.9,0.0,7.2,1.5,5.7,0.9,0.4,81.0,21.2,0,2011
Kwame Brown,28.0,CHA,1714.0,12.8,0.55,3.5,-2.8,-0.3,7.9,0.7,6.8,0.6,0.4,66.0,26.0,0,2011
Omri Casspi,22.0,SAC,1702.0,11.7,0.517,2.5,-0.6,0.6,8.6,1.0,4.3,0.2,0.8,71.0,24.0,0,2011
Tracy McGrady,31.0,DET,1686.0,14.9,0.503,2.1,0.6,1.1,8.0,3.5,3.5,0.5,0.9,72.0,23.4,0,2011
Darko Miličić,25.0,MIN,1686.0,12.2,0.482,0.2,-2.7,-0.3,8.8,1.5,5.2,2.0,0.8,69.0,24.4,0,2011
Gary Neal,26.0,SAS,1685.0,13.1,0.578,3.5,-0.3,0.7,9.8,1.2,2.5,0.1,0.3,80.0,21.1,0,2011
Mike Dunleavy,30.0,IND,1683.0,14.6,0.593,4.5,1.6,1.5,11.2,1.7,4.5,0.5,0.7,61.0,27.6,0,2011
Willie Green,29.0,NOH,1674.0,10.8,0.515,1.8,-2.8,-0.3,8.7,1.0,2.1,0.2,0.5,77.0,21.7,0,2011
J.J. Barea,26.0,DAL,1669.0,14.8,0.535,3.2,-0.5,0.6,9.5,3.9,2.0,0.0,0.4,81.0,20.6,0,2011
Charlie Villanueva,26.0,DET,1666.0,15.9,0.553,3.1,-0.4,0.7,11.1,0.6,3.9,0.6,0.6,76.0,21.9,0,2011
Al Harrington,30.0,DEN,1665.0,12.3,0.527,2.1,-1.7,0.1,10.5,1.4,4.5,0.1,0.5,73.0,22.8,0,2011
Gerald Henderson,23.0,CHA,1661.0,13.2,0.509,2.4,-1.8,0.1,9.6,1.5,3.0,0.5,0.7,68.0,24.4,0,2011
Kyle Korver,29.0,CHI,1649.0,13.0,0.572,5.1,1.1,1.3,8.3,1.5,1.8,0.2,0.4,82.0,20.1,0,2011
Baron Davis,31.0,2TM,1649.0,17.0,0.506,2.8,1.9,1.6,13.1,6.7,2.7,0.5,1.3,58.0,28.4,0,2011
Sasha Vujačić,26.0,2TM,1648.0,12.3,0.515,2.1,-1.5,0.2,9.8,2.0,2.8,0.1,0.8,67.0,24.6,0,2011
Dante Cunningham,23.0,2TM,1637.0,10.7,0.483,2.0,-3.3,-0.5,6.2,0.6,3.6,0.6,0.7,78.0,21.0,0,2011
Reggie Williams,24.0,GSW,1626.0,14.9,0.585,3.7,-0.2,0.7,9.2,1.5,2.7,0.0,0.4,80.0,20.3,0,2011
Darrell Arthur,22.0,MEM,1609.0,15.7,0.534,3.8,-1.6,0.2,9.1,0.7,4.3,0.8,0.7,80.0,20.1,0,2011
Ed Davis,21.0,TOR,1602.0,15.8,0.583,4.0,-0.9,0.4,7.7,0.6,7.1,1.0,0.6,65.0,24.6,0,2011
Josh McRoberts,23.0,IND,1597.0,16.0,0.608,4.9,2.3,1.7,7.4,2.1,5.3,0.8,0.7,72.0,22.2,0,2011
Carlos Delfino,28.0,MIL,1590.0,13.1,0.517,3.5,1.5,1.4,11.5,2.3,4.1,0.2,1.6,49.0,32.4,0,2011
Steve Blake,30.0,LAL,1581.0,7.5,0.5,1.8,-2.3,-0.1,4.0,2.2,2.0,0.0,0.5,79.0,20.0,0,2011
Mario Chalmers,24.0,MIA,1579.0,10.3,0.538,2.9,-0.8,0.5,6.4,2.5,2.1,0.1,1.1,70.0,22.6,0,2011
Sam Young,25.0,MEM,1577.0,12.5,0.525,2.9,-0.9,0.5,7.3,0.9,2.4,0.3,0.9,78.0,20.2,0,2011
Joakim Noah,25.0,CHI,1576.0,18.8,0.579,6.7,2.9,1.9,11.7,2.2,10.4,1.5,1.0,48.0,32.8,0,2011
Nenad Krstić,27.0,2TM,1571.0,13.1,0.557,4.0,-2.5,-0.2,8.1,0.4,4.7,0.4,0.4,71.0,22.1,0,2011
Shannon Brown,25.0,LAL,1568.0,13.6,0.518,3.1,-0.8,0.5,8.7,1.2,1.9,0.2,0.8,82.0,19.1,0,2011
Earl Watson,31.0,UTA,1567.0,10.2,0.5,1.0,-2.1,-0.1,4.3,3.5,2.3,0.2,0.8,80.0,19.6,0,2011
Kevin Durant,23.0,OKC,2546.0,26.2,0.61,12.2,7.0,5.8,28.0,3.5,8.0,1.2,1.3,66.0,38.6,0,2012
Pau Gasol,31.0,LAL,2430.0,20.4,0.547,8.3,3.4,3.3,17.4,3.6,10.4,1.4,0.6,65.0,37.4,0,2012
Rudy Gay,25.0,MEM,2422.0,17.8,0.521,6.0,1.9,2.4,19.0,2.3,6.4,0.8,1.5,65.0,37.3,0,2012
Blake Griffin,22.0,LAC,2392.0,23.4,0.557,9.2,3.7,3.4,20.7,3.2,10.9,0.7,0.8,66.0,36.2,0,2012
John Wall,21.0,WAS,2386.0,17.7,0.502,3.5,0.7,1.6,16.3,8.0,4.5,0.9,1.4,66.0,36.2,0,2012
Marc Gasol,27.0,MEM,2370.0,18.4,0.541,8.2,3.1,3.1,14.6,3.1,8.9,1.9,1.0,65.0,36.5,0,2012
Brandon Jennings,22.0,MIL,2331.0,18.4,0.514,5.5,2.7,2.8,19.1,5.5,3.4,0.3,1.6,66.0,35.3,0,2012
Russell Westbrook,23.0,OKC,2331.0,22.9,0.538,7.9,3.0,3.0,23.6,5.5,4.6,0.3,1.7,66.0,35.3,0,2012
Josh Smith,26.0,ATL,2329.0,21.1,0.499,6.8,3.8,3.3,18.8,3.9,9.6,1.7,1.4,66.0,35.3,0,2012
LeBron James,27.0,MIA,2326.0,30.7,0.605,14.5,10.9,7.6,27.1,6.2,7.9,0.8,1.9,62.0,37.5,1,2012
Kobe Bryant,33.0,LAL,2232.0,21.9,0.527,6.2,3.3,2.9,27.9,4.6,5.4,0.3,1.2,58.0,38.5,0,2012
Wesley Matthews,25.0,POR,2228.0,14.1,0.539,4.8,0.3,1.3,13.7,1.7,3.4,0.2,1.5,66.0,33.8,0,2012
Andre Iguodala,28.0,PHI,2209.0,17.6,0.537,7.3,4.0,3.3,12.4,5.5,6.1,0.5,1.7,62.0,35.6,0,2012
DeMar DeRozan,22.0,TOR,2206.0,12.8,0.503,2.5,-2.7,-0.4,16.7,2.0,3.3,0.3,0.8,63.0,35.0,0,2012
Jrue Holiday,21.0,PHI,2196.0,14.7,0.496,4.2,0.4,1.3,13.5,4.5,3.3,0.3,1.6,65.0,33.8,0,2012
Jeff Teague,23.0,ATL,2183.0,15.8,0.551,6.0,1.3,1.8,12.6,4.9,2.4,0.6,1.6,66.0,33.1,0,2012
Chris Paul,26.0,LAC,2181.0,27.0,0.581,12.7,9.2,6.1,19.8,9.1,3.6,0.1,2.5,60.0,36.4,0,2012
Mike Conley,24.0,MEM,2174.0,16.8,0.523,6.4,2.4,2.4,12.7,6.5,2.5,0.2,2.2,62.0,35.1,0,2012
Tyreke Evans,22.0,SAC,2162.0,16.4,0.512,2.7,-0.6,0.8,16.5,4.5,4.6,0.5,1.3,63.0,34.3,0,2012
Kris Humphries,26.0,NJN,2162.0,17.9,0.539,5.3,-0.9,0.6,13.8,1.5,11.0,1.2,0.8,62.0,34.9,0,2012
Antawn Jamison,35.0,CLE,2151.0,16.1,0.481,3.1,-0.3,0.9,17.2,2.0,6.3,0.7,0.8,65.0,33.1,0,2012
Kevin Love,23.0,MIN,2145.0,25.4,0.568,10.0,5.2,3.9,26.0,2.0,13.3,0.5,0.9,55.0,39.0,0,2012
Brandon Knight,20.0,DET,2129.0,11.7,0.511,1.3,-2.6,-0.3,12.8,3.8,3.2,0.2,0.7,66.0,32.3,0,2012
Luol Deng,26.0,CHI,2129.0,14.1,0.5,5.8,1.7,2.0,15.3,2.9,6.5,0.7,1.0,54.0,39.4,0,2012
Joe Johnson,30.0,ATL,2127.0,18.4,0.557,6.4,2.1,2.2,18.8,3.9,3.7,0.2,0.8,60.0,35.5,0,2012
Ty Lawson,24.0,DEN,2124.0,19.4,0.579,6.9,3.2,2.8,16.4,6.6,3.7,0.1,1.3,61.0,34.8,0,2012
David Lee,28.0,GSW,2121.0,19.7,0.549,5.0,-0.3,0.9,20.1,2.8,9.6,0.4,0.9,57.0,37.2,0,2012
Monta Ellis,26.0,2TM,2120.0,17.5,0.509,2.6,-0.3,0.9,20.4,6.0,3.4,0.3,1.5,58.0,36.6,0,2012
Marcin Gortat,27.0,PHO,2114.0,21.2,0.578,7.6,2.2,2.3,15.4,0.9,10.0,1.5,0.7,66.0,32.0,0,2012
Andrew Bynum,24.0,LAL,2112.0,22.9,0.594,8.0,2.9,2.6,18.7,1.4,11.8,1.9,0.5,60.0,35.2,0,2012
Paul Millsap,26.0,UTA,2100.0,21.8,0.545,7.8,3.9,3.1,16.6,2.3,8.8,0.8,1.8,64.0,32.8,0,2012
Tayshaun Prince,31.0,DET,2087.0,12.8,0.47,2.1,-1.5,0.3,12.7,2.4,4.5,0.5,0.4,63.0,33.1,0,2012
Arron Afflalo,26.0,DEN,2086.0,14.7,0.584,5.3,0.1,1.1,15.2,2.4,3.2,0.2,0.6,62.0,33.6,0,2012
Greg Monroe,21.0,DET,2082.0,22.0,0.563,7.0,2.9,2.6,15.4,2.3,9.7,0.7,1.3,66.0,31.5,0,2012
Dirk Nowitzki,33.0,DAL,2079.0,21.7,0.564,7.6,3.7,3.0,21.6,2.2,6.7,0.5,0.7,62.0,33.5,0,2012
Gerald Wallace,29.0,2TM,2076.0,15.9,0.547,4.8,1.0,1.6,13.8,2.8,6.7,0.6,1.5,58.0,35.8,0,2012
Al Jefferson,27.0,UTA,2075.0,22.8,0.52,7.5,3.7,3.0,19.2,2.2,9.6,1.7,0.8,61.0,34.0,0,2012
Paul Pierce,34.0,BOS,2075.0,19.6,0.567,7.0,4.2,3.2,19.4,4.5,5.2,0.4,1.1,61.0,34.0,0,2012
Dwight Howard,26.0,ORL,2070.0,24.2,0.569,7.7,4.3,3.3,20.6,1.9,14.5,2.1,1.5,54.0,38.3,0,2012
Luis Scola,31.0,HOU,2067.0,15.4,0.526,3.4,-1.9,0.0,15.5,2.1,6.5,0.4,0.5,66.0,31.3,0,2012
Danny Granger,28.0,IND,2062.0,18.6,0.542,6.7,2.9,2.5,18.7,1.8,5.0,0.6,1.0,62.0,33.3,0,2012
Tyson Chandler,29.0,NYK,2061.0,18.7,0.708,9.5,2.3,2.2,11.3,0.9,9.9,1.4,0.9,62.0,33.2,0,2012
Jared Dudley,26.0,PHO,2020.0,15.4,0.575,5.1,1.2,1.7,12.7,1.7,4.6,0.3,0.8,65.0,31.1,0,2012
Gordon Hayward,21.0,UTA,2015.0,15.5,0.568,4.9,1.5,1.8,11.8,3.1,3.5,0.6,0.8,66.0,30.5,0,2012
Chris Bosh,27.0,MIA,2007.0,18.9,0.551,6.9,0.8,1.4,18.0,1.8,7.9,0.8,0.9,57.0,35.2,0,2012
Jason Terry,34.0,DAL,2000.0,15.7,0.54,3.8,1.4,1.7,15.1,3.6,2.4,0.2,1.2,63.0,31.7,0,2012
Deron Williams,27.0,NJN,1999.0,20.3,0.527,4.1,2.3,2.2,21.0,8.7,3.3,0.4,1.2,55.0,36.3,0,2012
LaMarcus Aldridge,26.0,POR,1994.0,22.7,0.56,7.0,3.0,2.5,21.7,2.4,8.0,0.8,0.9,55.0,36.3,0,2012
Marco Belinelli,25.0,NOH,1966.0,11.9,0.525,2.9,-1.2,0.4,11.8,1.5,2.6,0.1,0.7,66.0,29.8,0,2012
Ryan Anderson,23.0,ORL,1964.0,21.2,0.589,8.9,4.0,3.0,16.1,0.9,7.7,0.4,0.8,61.0,32.2,0,2012
Steve Nash,37.0,PHO,1961.0,20.3,0.625,5.9,3.4,2.7,12.5,10.7,3.0,0.1,0.6,62.0,31.6,0,2012
Paul George,21.0,IND,1958.0,16.5,0.555,6.0,3.4,2.7,12.1,2.4,5.6,0.6,1.6,66.0,29.7,0,2012
Rajon Rondo,25.0,BOS,1957.0,17.5,0.483,4.9,2.2,2.1,11.9,11.7,4.8,0.1,1.8,53.0,36.9,0,2012
DeMarcus Cousins,21.0,SAC,1950.0,21.7,0.499,4.2,-0.8,0.6,18.1,1.6,11.0,1.2,1.5,64.0,30.5,0,2012
Carlos Boozer,30.0,CHI,1948.0,19.7,0.549,7.6,2.7,2.3,15.0,1.9,8.5,0.4,1.0,66.0,29.5,0,2012
James Harden,22.0,OKC,1946.0,21.1,0.66,9.3,4.3,3.1,16.8,3.7,4.1,0.2,1.0,62.0,31.4,0,2012
Joakim Noah,26.0,CHI,1945.0,19.6,0.561,9.0,3.8,2.8,10.2,2.5,9.8,1.4,0.6,64.0,30.4,0,2012
Roy Hibbert,25.0,IND,1937.0,19.3,0.539,6.2,1.4,1.7,12.8,1.7,8.8,2.0,0.5,65.0,29.8,0,2012
David West,31.0,IND,1925.0,17.8,0.531,5.9,1.8,1.8,12.8,2.1,6.6,0.7,0.8,66.0,29.2,0,2012
Tony Parker,29.0,SAS,1923.0,22.0,0.539,7.1,2.7,2.3,18.3,7.7,2.9,0.1,1.0,60.0,32.1,0,2012
Shawn Marion,33.0,DAL,1919.0,15.0,0.488,3.7,0.5,1.2,10.6,2.1,7.4,0.6,1.1,63.0,30.5,0,2012
Raymond Felton,27.0,POR,1906.0,13.4,0.491,1.7,-1.5,0.2,11.4,6.5,2.5,0.2,1.3,60.0,31.8,0,2012
Landry Fields,23.0,NYK,1894.0,12.0,0.506,3.4,0.0,1.0,8.8,2.6,4.2,0.3,1.2,66.0,28.7,0,2012
Darren Collison,24.0,IND,1878.0,13.6,0.526,3.8,-0.2,0.9,10.4,4.8,3.1,0.2,0.8,60.0,31.3,0,2012
Carmelo Anthony,27.0,NYK,1876.0,21.1,0.525,6.2,3.6,2.7,22.6,3.6,6.3,0.4,1.1,55.0,34.1,0,2012
Caron Butler,31.0,LAC,1871.0,11.7,0.501,2.3,-2.0,0.0,12.0,1.2,3.7,0.1,0.8,63.0,29.7,0,2012
Brandon Bass,26.0,BOS,1868.0,14.1,0.524,4.7,-1.0,0.5,12.5,0.9,6.2,0.9,0.6,59.0,31.7,0,2012
Kevin Garnett,35.0,BOS,1864.0,20.4,0.55,6.9,4.3,2.9,15.8,2.9,8.2,1.0,0.9,60.0,31.1,0,2012
Gerald Henderson,24.0,CHA,1831.0,14.0,0.511,1.0,-2.7,-0.3,15.1,2.3,4.1,0.4,0.9,55.0,33.3,0,2012
Alonzo Gee,24.0,CLE,1827.0,13.2,0.516,2.4,-1.4,0.3,10.6,1.8,5.1,0.3,1.3,63.0,29.0,0,2012
Mario Chalmers,25.0,MIA,1825.0,12.9,0.578,4.3,0.4,1.1,9.8,3.5,2.7,0.2,1.5,64.0,28.5,0,2012
Andre Miller,35.0,DEN,1809.0,14.8,0.51,2.9,-0.3,0.7,9.7,6.7,3.3,0.1,1.0,66.0,27.4,0,2012
Chandler Parsons,23.0,HOU,1804.0,13.3,0.513,3.4,0.8,1.3,9.5,2.1,4.8,0.5,1.2,63.0,28.6,0,2012
José Calderón,30.0,TOR,1799.0,16.7,0.547,5.1,1.7,1.7,10.5,8.8,3.0,0.1,0.9,53.0,33.9,0,2012
DeAndre Jordan,23.0,LAC,1798.0,16.4,0.626,5.6,0.1,0.9,7.4,0.3,8.3,2.0,0.5,66.0,27.2,0,2012
Serge Ibaka,22.0,OKC,1792.0,19.0,0.556,6.2,2.3,1.9,9.1,0.4,7.5,3.7,0.5,66.0,27.2,0,2012
Kemba Walker,21.0,CHA,1792.0,14.9,0.464,0.3,-0.8,0.6,12.1,4.4,3.5,0.3,0.9,66.0,27.2,0,2012
Nicolas Batum,23.0,POR,1791.0,17.3,0.575,4.8,2.5,2.0,13.9,1.4,4.6,1.0,1.0,59.0,30.4,0,2012
Marcus Thornton,24.0,SAC,1780.0,17.4,0.544,3.8,1.1,1.4,18.7,1.9,3.7,0.2,1.4,51.0,34.9,0,2012
O.J. Mayo,24.0,MEM,1771.0,14.7,0.513,3.5,0.8,1.3,12.6,2.6,3.2,0.3,1.1,66.0,26.8,0,2012
JJ Redick,27.0,ORL,1765.0,15.1,0.575,5.2,1.0,1.3,11.6,2.5,2.3,0.1,0.4,65.0,27.2,0,2012
Al Harrington,31.0,DEN,1761.0,15.3,0.535,3.2,-0.4,0.7,14.2,1.4,6.1,0.2,0.9,64.0,27.5,0,2012
Courtney Lee,26.0,HOU,1757.0,12.6,0.534,3.2,0.0,0.9,11.4,1.5,2.7,0.4,1.2,58.0,30.3,0,2012
Thaddeus Young,23.0,PHI,1755.0,18.9,0.538,6.3,2.0,1.8,12.8,1.2,5.2,0.7,1.0,63.0,27.9,0,2012
Jordan Crawford,23.0,WAS,1753.0,14.5,0.488,1.1,-1.7,0.1,14.7,3.0,2.6,0.1,0.9,64.0,27.4,0,2012
Goran Dragić,25.0,HOU,1752.0,18.0,0.567,5.1,1.9,1.7,11.7,5.3,2.5,0.2,1.3,66.0,26.5,0,2012
Luke Ridnour,30.0,MIN,1750.0,13.6,0.53,3.3,-0.5,0.7,12.1,4.8,2.7,0.3,1.1,53.0,33.0,0,2012
Richard Jefferson,31.0,2TM,1748.0,11.1,0.55,3.1,-0.5,0.6,9.2,1.4,3.5,0.3,0.6,63.0,27.7,0,2012
Kendrick Perkins,27.0,OKC,1744.0,8.7,0.528,2.0,-2.1,0.0,5.1,1.2,6.6,1.1,0.4,65.0,26.8,0,2012
Devin Harris,28.0,UTA,1741.0,16.0,0.564,4.2,0.8,1.2,11.3,5.0,1.8,0.2,1.0,63.0,27.6,0,2012
Elton Brand,32.0,PHI,1732.0,18.0,0.521,6.1,1.6,1.6,11.0,1.6,7.2,1.6,1.0,60.0,28.9,0,2012
Nick Young,26.0,2TM,1729.0,12.9,0.512,1.9,-2.4,-0.2,14.2,0.9,2.1,0.3,0.7,62.0,27.9,0,2012
Metta World Peace,32.0,LAL,1720.0,11.0,0.478,2.6,-0.7,0.6,7.7,2.2,3.4,0.4,1.1,64.0,26.9,0,2012
Brandon Rush,26.0,GSW,1717.0,15.2,0.628,3.5,1.7,1.6,9.8,1.4,3.9,0.9,0.5,65.0,26.4,0,2012
Evan Turner,23.0,PHI,1713.0,12.6,0.478,2.4,-1.3,0.3,9.4,2.8,5.8,0.3,0.6,65.0,26.4,0,2012
Ramon Sessions,25.0,2TM,1707.0,16.7,0.535,3.7,-0.4,0.7,11.3,5.5,3.3,0.0,0.7,64.0,26.7,0,2012
Greivis Vásquez,25.0,NOH,1706.0,14.2,0.513,2.3,-1.1,0.4,8.9,5.4,2.6,0.1,0.9,66.0,25.8,0,2012
Jameer Nelson,29.0,ORL,1706.0,14.6,0.524,3.5,-0.1,0.8,11.9,5.7,3.2,0.1,0.7,57.0,29.9,0,2012
Iman Shumpert,21.0,NYK,1705.0,10.8,0.484,2.4,-1.4,0.2,9.5,2.8,3.2,0.1,1.7,59.0,28.9,0,2012
Randy Foye,28.0,LAC,1682.0,13.5,0.522,3.2,0.2,0.9,11.0,2.2,2.1,0.4,0.7,65.0,25.9,0,2012
Lou Williams,25.0,PHI,1682.0,20.2,0.525,6.1,4.0,2.5,14.9,3.5,2.4,0.3,0.8,64.0,26.3,0,2012
Channing Frye,28.0,PHO,1669.0,14.9,0.519,3.7,0.9,1.2,10.5,1.4,5.9,1.1,0.7,64.0,26.1,0,2012
Jason Thompson,25.0,SAC,1657.0,16.4,0.558,3.9,-0.9,0.5,9.1,1.2,6.9,0.7,0.7,64.0,25.9,0,2012
Isaiah Thomas,22.0,SAC,1656.0,17.6,0.574,4.3,0.8,1.2,11.5,4.1,2.6,0.1,0.8,65.0,25.5,0,2012
Ersan İlyasova,24.0,MIL,1655.0,20.5,0.577,6.4,1.9,1.6,13.0,1.2,8.8,0.7,0.7,60.0,27.6,0,2012
Hedo Türkoğlu,32.0,ORL,1653.0,11.7,0.528,2.1,-0.9,0.5,10.9,4.4,3.8,0.3,0.8,53.0,31.2,0,2012
Dorell Wright,26.0,GSW,1650.0,15.0,0.553,3.4,0.9,1.2,10.3,1.5,4.6,0.4,1.0,61.0,27.0,0,2012
MarShon Brooks,23.0,NJN,1648.0,12.9,0.502,0.8,-2.4,-0.2,12.6,2.3,3.6,0.3,0.9,56.0,29.4,0,2012
Jodie Meeks,24.0,PHI,1644.0,11.5,0.551,4.1,-0.7,0.5,8.4,0.8,2.4,0.0,0.6,66.0,24.9,0,2012
Rodney Stuckey,25.0,DET,1644.0,17.6,0.55,4.5,0.6,1.1,14.8,3.8,2.6,0.2,0.8,55.0,29.9,0,2012
Zaza Pachulia,27.0,ATL,1640.0,14.0,0.557,5.0,-0.7,0.5,7.8,1.4,7.9,0.5,0.9,58.0,28.3,0,2012
Anthony Morrow,26.0,NJN,1636.0,13.1,0.531,1.7,-1.9,0.0,12.0,1.0,2.0,0.1,0.7,62.0,26.4,0,2012
Ronnie Brewer,26.0,CHI,1635.0,12.3,0.465,3.9,0.7,1.1,6.9,2.1,3.5,0.3,1.1,66.0,24.8,0,2012
Tim Duncan,35.0,SAS,1634.0,22.5,0.531,5.9,3.3,2.2,15.4,2.3,9.0,1.5,0.7,58.0,28.2,0,2012
Dwyane Wade,30.0,MIA,1625.0,26.3,0.559,7.7,7.9,4.0,22.1,4.6,4.8,1.3,1.7,49.0,33.2,0,2012
Jamal Crawford,31.0,POR,1613.0,15.7,0.506,2.3,-0.2,0.7,14.0,3.2,2.0,0.2,0.9,60.0,26.9,0,2012
Klay Thompson,21.0,GSW,1608.0,14.9,0.545,1.7,-1.4,0.2,12.5,2.0,2.4,0.3,0.7,66.0,24.4,0,2012
Jason Richardson,31.0,ORL,1591.0,13.3,0.502,2.8,0.7,1.1,11.6,2.0,3.6,0.4,1.0,54.0,29.5,0,2012
Udonis Haslem,31.0,MIA,1589.0,10.9,0.479,3.5,-2.4,-0.2,6.0,0.7,7.3,0.4,0.5,64.0,24.8,0,2012
Ray Allen,36.0,BOS,1565.0,14.8,0.607,4.7,2.2,1.6,14.2,2.4,3.1,0.2,1.1,46.0,34.0,0,2012
James Johnson,24.0,TOR,1561.0,14.5,0.498,2.6,1.5,1.3,9.1,2.0,4.7,1.4,1.1,62.0,25.2,0,2012
Damian Lillard,22.0,POR,3167.0,16.4,0.546,5.8,0.3,1.8,19.0,6.5,3.1,0.2,0.9,82.0,38.6,0,2013
Kevin Durant,24.0,OKC,3119.0,28.3,0.647,18.9,9.3,8.9,28.1,4.6,7.9,1.3,1.4,81.0,38.5,0,2013
Monta Ellis,27.0,MIL,3076.0,16.2,0.493,4.6,0.6,2.1,19.2,6.0,3.9,0.4,2.1,82.0,37.5,0,2013
DeMar DeRozan,23.0,TOR,3013.0,14.7,0.523,4.7,-1.4,0.4,18.1,2.5,3.9,0.3,0.9,82.0,36.7,0,2013
Kobe Bryant,34.0,LAL,3013.0,23.0,0.57,10.9,4.6,5.0,27.3,6.0,5.6,0.3,1.4,78.0,38.6,0,2013
James Harden,23.0,HOU,2985.0,22.9,0.6,12.8,5.6,5.8,25.9,5.8,4.9,0.5,1.8,78.0,38.3,0,2013
Stephen Curry,24.0,GSW,2983.0,21.3,0.589,11.2,5.4,5.6,22.9,6.9,4.0,0.2,1.6,78.0,38.2,0,2013
Paul George,22.0,IND,2972.0,16.8,0.531,9.0,3.8,4.4,17.4,4.1,7.6,0.6,1.8,79.0,37.6,0,2013
Klay Thompson,22.0,GSW,2936.0,12.7,0.533,4.3,-0.3,1.3,16.6,2.2,3.7,0.5,1.0,82.0,35.8,0,2013
Jrue Holiday,22.0,PHI,2926.0,16.7,0.496,3.3,0.5,1.9,17.7,8.0,4.2,0.4,1.6,78.0,37.5,0,2013
O.J. Mayo,25.0,DAL,2913.0,13.9,0.556,4.2,-0.5,1.1,15.3,4.4,3.5,0.3,1.1,82.0,35.5,0,2013
David Lee,29.0,GSW,2907.0,19.2,0.561,9.1,1.8,2.8,18.5,3.5,11.2,0.3,0.8,79.0,36.8,0,2013
Luol Deng,27.0,CHI,2903.0,15.1,0.508,6.3,0.8,2.0,16.5,3.0,6.3,0.4,1.1,75.0,38.7,0,2013
Brandon Jennings,23.0,MIL,2897.0,16.1,0.51,5.8,1.1,2.2,17.5,6.5,3.1,0.1,1.6,80.0,36.2,0,2013
Evan Turner,24.0,PHI,2892.0,12.1,0.478,2.1,-2.3,-0.3,13.3,4.3,6.3,0.2,0.9,82.0,35.3,0,2013
LeBron James,28.0,MIA,2877.0,31.6,0.64,19.3,11.7,9.9,26.8,7.3,8.0,0.9,1.7,76.0,37.9,1,2013
Russell Westbrook,24.0,OKC,2861.0,23.9,0.532,11.6,4.4,4.6,23.2,7.4,5.2,0.3,1.8,82.0,34.9,0,2013
Kemba Walker,22.0,CHA,2859.0,18.8,0.517,4.8,1.4,2.4,17.7,5.7,3.5,0.4,2.0,82.0,34.9,0,2013
Deron Williams,28.0,BRK,2842.0,20.3,0.574,10.9,3.8,4.2,18.9,7.7,3.0,0.4,1.0,78.0,36.4,0,2013
Nicolas Batum,24.0,POR,2807.0,15.7,0.566,5.8,2.8,3.4,14.3,4.9,5.6,1.1,1.2,73.0,38.5,0,2013
Marc Gasol,28.0,MEM,2796.0,19.5,0.559,11.5,5.2,5.1,14.1,4.0,7.8,1.7,1.0,80.0,35.0,0,2013
LaMarcus Aldridge,27.0,POR,2790.0,20.4,0.53,7.2,1.3,2.3,21.1,2.6,9.1,1.2,0.8,74.0,37.7,0,2013
Andre Iguodala,29.0,DEN,2779.0,15.2,0.52,5.6,2.6,3.3,13.0,5.4,5.3,0.7,1.7,80.0,34.7,0,2013
Chandler Parsons,24.0,HOU,2758.0,15.3,0.584,7.0,2.0,2.8,15.5,3.5,5.3,0.4,1.0,76.0,36.3,0,2013
Mike Conley,25.0,MEM,2757.0,18.3,0.549,9.9,4.6,4.6,14.6,6.1,2.8,0.3,2.2,80.0,34.5,0,2013
Al Horford,26.0,ATL,2756.0,19.8,0.56,8.8,1.9,2.7,17.4,3.2,10.2,1.1,1.1,74.0,37.2,0,2013
Dwight Howard,27.0,LAL,2722.0,19.4,0.573,7.6,0.6,1.8,17.1,1.4,12.4,2.4,1.1,76.0,35.8,0,2013
Greg Monroe,22.0,DET,2687.0,19.5,0.527,5.9,1.8,2.6,16.0,3.5,9.6,0.7,1.3,81.0,33.2,0,2013
Rudy Gay,26.0,2TM,2687.0,15.6,0.494,4.0,1.1,2.1,18.2,2.7,6.1,0.7,1.5,75.0,35.8,0,2013
Greivis Vásquez,26.0,NOH,2685.0,16.3,0.502,3.8,-0.4,1.1,13.9,9.0,4.3,0.1,0.8,78.0,34.4,0,2013
Josh Smith,27.0,ATL,2683.0,17.7,0.501,4.2,1.8,2.5,17.5,4.2,8.4,1.8,1.2,76.0,35.3,0,2013
J.R. Smith,27.0,NYK,2678.0,17.6,0.522,6.7,1.3,2.2,18.1,2.7,5.3,0.3,1.3,80.0,33.5,0,2013
Joe Johnson,31.0,BRK,2642.0,14.1,0.521,5.1,0.0,1.3,16.3,3.5,3.0,0.2,0.7,72.0,36.7,0,2013
Jeremy Lin,24.0,HOU,2640.0,14.9,0.538,5.4,0.3,1.5,13.4,6.1,3.0,0.4,1.6,82.0,32.2,0,2013
Tayshaun Prince,32.0,2TM,2631.0,11.5,0.486,3.6,-1.2,0.5,10.4,2.4,4.4,0.3,0.6,82.0,32.1,0,2013
Thaddeus Young,24.0,PHI,2629.0,18.2,0.541,7.4,1.2,2.1,14.8,1.6,7.5,0.7,1.8,76.0,34.6,0,2013
Jeff Teague,24.0,ATL,2628.0,16.8,0.543,6.1,0.3,1.5,14.6,7.2,2.3,0.4,1.5,80.0,32.9,0,2013
George Hill,26.0,IND,2620.0,16.6,0.558,9.7,3.3,3.5,14.2,4.7,3.7,0.3,1.1,76.0,34.5,0,2013
Zach Randolph,31.0,MEM,2607.0,17.9,0.506,7.9,0.2,1.5,15.4,1.4,11.2,0.4,0.8,76.0,34.3,0,2013
Blake Griffin,23.0,LAC,2598.0,22.4,0.572,10.6,4.1,4.0,18.0,3.7,8.3,0.6,1.2,80.0,32.5,0,2013
Goran Dragić,26.0,PHO,2581.0,17.5,0.54,5.7,1.4,2.2,14.7,7.4,3.1,0.3,1.6,77.0,33.5,0,2013
Al Jefferson,28.0,UTA,2578.0,20.9,0.522,7.7,2.4,2.8,17.8,2.1,9.2,1.1,1.0,78.0,33.1,0,2013
Paul Pierce,35.0,BOS,2575.0,19.1,0.559,7.2,3.6,3.6,18.6,4.8,6.3,0.4,1.1,77.0,33.4,0,2013
Tristan Thompson,21.0,CLE,2564.0,16.1,0.516,5.2,-1.8,0.1,11.7,1.3,9.4,0.9,0.7,82.0,31.3,0,2013
Nikola Vučević,22.0,ORL,2559.0,17.8,0.534,5.7,-0.5,0.9,13.1,1.9,11.9,1.0,0.8,77.0,33.2,0,2013
Carlos Boozer,31.0,CHI,2546.0,17.1,0.51,5.7,-0.1,1.2,16.2,2.3,9.8,0.4,0.8,79.0,32.2,0,2013
Alonzo Gee,25.0,CLE,2541.0,10.5,0.505,1.9,-2.6,-0.4,10.3,1.6,3.9,0.4,1.3,82.0,31.0,0,2013
Metta World Peace,33.0,LAL,2530.0,12.5,0.517,4.6,0.4,1.5,12.4,1.5,5.0,0.6,1.6,75.0,33.7,0,2013
Ty Lawson,25.0,DEN,2513.0,17.9,0.549,7.4,2.0,2.5,16.7,6.9,2.7,0.1,1.5,73.0,34.4,0,2013
Ryan Anderson,24.0,NOH,2503.0,18.1,0.548,6.5,2.0,2.5,16.2,1.2,6.4,0.4,0.5,81.0,30.9,0,2013
Serge Ibaka,23.0,OKC,2486.0,19.4,0.612,9.4,1.5,2.2,13.2,0.5,7.7,3.0,0.4,80.0,31.1,0,2013
Carmelo Anthony,28.0,NYK,2482.0,24.8,0.56,9.5,4.3,3.9,28.7,2.6,6.9,0.5,0.8,67.0,37.0,0,2013
Luke Ridnour,31.0,MIN,2474.0,13.0,0.532,4.3,-0.8,0.8,11.5,3.8,2.5,0.2,1.0,82.0,30.2,0,2013
Ömer Aşık,26.0,HOU,2464.0,14.9,0.558,5.5,-1.6,0.3,10.1,0.9,11.7,1.1,0.6,82.0,30.0,0,2013
Chris Bosh,28.0,MIA,2454.0,20.0,0.592,9.0,1.3,2.1,16.6,1.7,6.8,1.4,0.9,74.0,33.2,0,2013
David West,32.0,IND,2435.0,20.1,0.545,9.1,4.0,3.7,17.1,2.9,7.7,0.9,1.0,73.0,33.4,0,2013
Joakim Noah,27.0,CHI,2426.0,18.1,0.534,7.3,3.4,3.3,11.9,4.0,11.1,2.1,1.2,66.0,36.8,0,2013
Wesley Matthews,26.0,POR,2403.0,14.1,0.574,4.7,0.5,1.5,14.8,2.5,2.8,0.3,1.3,69.0,34.8,0,2013
Dwyane Wade,31.0,MIA,2391.0,24.0,0.571,9.6,4.4,3.8,21.2,5.1,5.0,0.8,1.9,69.0,34.7,0,2013
JJ Redick,28.0,2TM,2379.0,14.7,0.571,4.5,-0.4,0.9,14.1,3.8,2.2,0.1,0.5,78.0,30.5,0,2013
Paul Millsap,27.0,UTA,2375.0,19.8,0.55,7.6,2.7,2.8,14.6,2.6,7.1,1.0,1.3,78.0,30.4,0,2013
Darren Collison,25.0,DAL,2372.0,16.3,0.575,5.6,0.1,1.3,12.0,5.1,2.7,0.1,1.2,81.0,29.3,0,2013
Brandon Knight,21.0,DET,2365.0,12.0,0.511,1.1,-2.8,-0.5,13.3,4.0,3.3,0.1,0.8,75.0,31.5,0,2013
Jarrett Jack,29.0,GSW,2349.0,15.9,0.542,5.6,0.5,1.4,12.9,5.6,3.1,0.1,0.8,79.0,29.7,0,2013
Chris Paul,27.0,LAC,2335.0,26.4,0.594,13.9,8.8,6.4,16.9,9.7,3.7,0.1,2.4,70.0,33.4,0,2013
Amir Johnson,25.0,TOR,2325.0,17.3,0.591,7.3,1.0,1.8,10.0,1.5,7.5,1.4,1.0,81.0,28.7,0,2013
J.J. Hickson,24.0,POR,2323.0,19.7,0.591,6.9,0.2,1.3,12.7,1.1,10.4,0.6,0.6,80.0,29.0,0,2013
Raymond Felton,28.0,NYK,2313.0,15.2,0.505,4.2,0.1,1.2,13.9,5.5,2.9,0.2,1.4,68.0,34.0,0,2013
Danilo Gallinari,24.0,DEN,2309.0,16.7,0.561,7.2,2.8,2.8,16.2,2.5,5.2,0.5,0.9,71.0,32.5,0,2013
Arron Afflalo,27.0,ORL,2307.0,13.0,0.527,2.0,-2.9,-0.5,16.5,3.2,3.7,0.2,0.6,64.0,36.0,0,2013
Kyle Singler,24.0,DET,2293.0,10.0,0.517,2.3,-3.0,-0.6,8.8,0.9,4.0,0.5,0.7,82.0,28.0,0,2013
DeMarcus Cousins,22.0,SAC,2289.0,20.2,0.524,4.4,0.2,1.2,17.1,2.7,9.9,0.7,1.4,75.0,30.5,0,2013
Jason Thompson,26.0,SAC,2285.0,14.6,0.533,3.6,-2.6,-0.3,10.9,1.0,6.7,0.7,0.6,82.0,27.9,0,2013
Lance Stephenson,22.0,IND,2278.0,11.8,0.53,5.5,0.0,1.2,8.8,2.9,3.9,0.2,1.0,78.0,29.2,0,2013
John Salmons,33.0,SAC,2278.0,10.2,0.509,1.6,-2.5,-0.3,8.8,3.0,2.7,0.3,0.7,76.0,30.0,0,2013
Roy Hibbert,26.0,IND,2269.0,17.3,0.489,6.1,-0.3,0.9,11.9,1.4,8.3,2.6,0.5,79.0,28.7,0,2013
Kyle Korver,31.0,ATL,2259.0,13.9,0.637,6.4,1.8,2.2,10.9,2.0,4.0,0.5,0.9,74.0,30.5,0,2013
Brook Lopez,24.0,BRK,2253.0,24.7,0.567,9.0,3.2,3.0,19.4,0.9,6.9,2.1,0.4,74.0,30.4,0,2013
Jeff Green,26.0,BOS,2252.0,15.0,0.561,4.7,-0.3,1.0,12.8,1.6,3.9,0.8,0.7,81.0,27.8,0,2013
Randy Foye,29.0,UTA,2249.0,11.7,0.55,3.7,-0.6,0.8,10.8,2.0,1.5,0.3,0.8,82.0,27.4,0,2013
Kenneth Faried,23.0,DEN,2248.0,18.5,0.573,7.8,1.1,1.7,11.5,1.0,9.2,1.0,1.0,80.0,28.1,0,2013
Brandon Bass,27.0,BOS,2239.0,12.3,0.535,4.7,-1.9,0.1,8.7,1.0,5.2,0.8,0.5,81.0,27.6,0,2013
Spencer Hawes,24.0,PHI,2233.0,16.0,0.514,4.5,-0.5,0.9,11.0,2.2,7.2,1.4,0.3,82.0,27.2,0,2013
Jamal Crawford,32.0,LAC,2230.0,16.8,0.558,5.4,1.0,1.7,16.5,2.5,1.7,0.2,1.0,76.0,29.3,0,2013
Thabo Sefolosha,28.0,OKC,2229.0,12.8,0.617,6.8,2.4,2.5,7.6,1.5,3.9,0.5,1.3,81.0,27.5,0,2013
Danny Green,25.0,SAS,2201.0,14.1,0.6,5.9,2.8,2.7,10.5,1.8,3.1,0.7,1.2,80.0,27.5,0,2013
Martell Webster,26.0,WAS,2200.0,13.9,0.601,6.3,0.8,1.6,11.4,1.9,3.9,0.2,0.6,76.0,28.9,0,2013
Bismack Biyombo,20.0,CHA,2186.0,10.1,0.472,1.4,-4.4,-1.3,4.8,0.4,7.3,1.8,0.4,80.0,27.3,0,2013
Luis Scola,32.0,PHO,2184.0,16.7,0.516,4.4,-0.5,0.8,12.8,2.2,6.6,0.4,0.8,82.0,26.6,0,2013
Tony Parker,30.0,SAS,2174.0,23.0,0.588,9.3,3.6,3.1,20.3,7.6,3.0,0.1,0.8,66.0,32.9,0,2013
Rodney Stuckey,26.0,DET,2171.0,13.0,0.505,2.5,-1.8,0.1,11.5,3.6,2.8,0.2,0.7,76.0,28.6,0,2013
Jared Dudley,27.0,PHO,2170.0,14.9,0.582,4.8,0.6,1.5,10.9,2.6,3.1,0.1,0.9,79.0,27.5,0,2013
Tyson Chandler,30.0,NYK,2164.0,18.9,0.671,9.3,1.3,1.8,10.4,0.9,10.7,1.1,0.6,66.0,32.8,0,2013
José Calderón,31.0,2TM,2160.0,18.8,0.616,7.4,3.1,2.8,11.3,7.1,2.4,0.1,0.8,73.0,29.6,0,2013
Andre Miller,36.0,DEN,2151.0,15.7,0.548,5.4,0.9,1.6,9.6,5.9,2.9,0.1,0.9,82.0,26.2,0,2013
Robin Lopez,24.0,NOH,2136.0,18.9,0.573,5.6,0.6,1.4,11.3,0.8,5.6,1.6,0.4,82.0,26.0,0,2013
Kevin Martin,29.0,OKC,2136.0,16.0,0.608,7.0,1.0,1.6,14.0,1.4,2.3,0.1,0.9,77.0,27.7,0,2013
Jimmy Butler,23.0,CHI,2134.0,15.2,0.574,7.0,2.0,2.1,8.6,1.4,4.0,0.4,1.0,82.0,26.0,0,2013
Gerald Henderson,25.0,CHA,2133.0,16.4,0.531,3.3,-1.1,0.5,15.5,2.6,3.7,0.5,1.0,68.0,31.4,0,2013
Jason Terry,35.0,BOS,2124.0,12.8,0.566,4.0,-0.2,1.0,10.1,2.5,2.0,0.1,0.8,79.0,26.9,0,2013
Isaiah Thomas,23.0,SAC,2122.0,17.5,0.574,5.0,0.5,1.3,13.9,4.0,2.0,0.0,0.8,79.0,26.9,0,2013
Tony Allen,31.0,MEM,2109.0,13.2,0.489,5.1,0.4,1.2,8.9,1.2,4.6,0.6,1.5,79.0,26.7,0,2013
Gordon Hayward,22.0,UTA,2104.0,16.8,0.564,5.4,2.0,2.1,14.1,3.0,3.1,0.5,0.8,72.0,29.2,0,2013
Vince Carter,36.0,DAL,2093.0,17.8,0.571,6.0,3.1,2.6,13.4,2.4,4.1,0.5,0.9,81.0,25.8,0,2013
Nate Robinson,28.0,CHI,2086.0,17.4,0.54,5.9,2.8,2.5,13.1,4.4,2.2,0.1,1.0,82.0,25.4,0,2013
Tim Duncan,36.0,SAS,2078.0,24.4,0.554,8.3,5.3,3.8,17.8,2.7,9.9,2.7,0.7,69.0,30.1,0,2013
Gerald Wallace,30.0,BRK,2076.0,11.6,0.49,3.1,0.7,1.3,7.7,2.6,4.6,0.7,1.4,69.0,30.1,0,2013
Mario Chalmers,26.0,MIA,2068.0,13.3,0.576,5.2,0.4,1.3,8.6,3.5,2.2,0.2,1.5,77.0,26.9,0,2013
Al-Farouq Aminu,22.0,NOH,2066.0,13.7,0.519,3.1,-0.1,1.0,7.3,1.4,7.7,0.7,1.2,76.0,27.2,0,2013
Harrison Barnes,20.0,GSW,2058.0,11.0,0.526,2.8,-1.7,0.1,9.2,1.2,4.1,0.2,0.6,81.0,25.4,0,2013
Matt Barnes,32.0,LAC,2058.0,15.5,0.566,6.3,1.8,2.0,10.3,1.5,4.6,0.8,1.0,80.0,25.7,0,2013
Emeka Okafor,30.0,WAS,2052.0,15.8,0.496,4.5,-0.7,0.7,9.7,1.2,8.8,1.0,0.6,79.0,26.0,0,2013
Kyrie Irving,20.0,CLE,2048.0,21.4,0.553,5.3,3.7,3.0,22.5,5.9,3.7,0.4,1.5,59.0,34.7,0,2013
Jason Kidd,39.0,NYK,2043.0,13.5,0.532,5.4,3.3,2.7,6.0,3.3,4.3,0.3,1.6,76.0,26.9,0,2013
Ray Allen,37.0,MIA,2035.0,14.7,0.599,5.4,0.3,1.2,10.9,1.7,2.7,0.2,0.8,79.0,25.8,0,2013
Andrei Kirilenko,31.0,MIN,2034.0,17.6,0.59,6.0,3.5,2.9,12.4,2.8,5.7,1.0,1.5,64.0,31.8,0,2013
Tyler Zeller,23.0,CLE,2033.0,11.0,0.486,2.0,-4.0,-1.0,7.9,1.2,5.7,0.9,0.5,77.0,26.4,0,2013
Michael Kidd-Gilchrist,19.0,CHA,2025.0,14.0,0.506,2.1,-2.6,-0.3,9.0,1.5,5.8,0.9,0.7,78.0,26.0,0,2013
Kevin Garnett,36.0,BOS,2022.0,19.2,0.535,5.6,2.6,2.3,14.8,2.3,7.8,0.9,1.1,68.0,29.7,0,2013
Kyle Lowry,26.0,TOR,2020.0,17.5,0.543,5.6,2.9,2.5,11.6,6.4,4.7,0.4,1.4,68.0,29.7,0,2013
Tyreke Evans,23.0,SAC,2016.0,18.1,0.558,4.4,1.8,1.9,15.2,3.5,4.4,0.4,1.4,65.0,31.0,0,2013
Ersan İlyasova,25.0,MIL,2012.0,18.3,0.552,6.7,2.0,2.0,13.2,1.6,7.1,0.5,0.9,73.0,27.6,0,2013
DeAndre Jordan,24.0,LAC,2010.0,17.2,0.606,6.2,-0.2,0.9,8.8,0.3,7.2,1.4,0.6,82.0,24.5,0,2013
Dante Cunningham,25.0,MIN,2010.0,13.3,0.485,3.5,-1.4,0.3,8.7,0.8,5.1,0.5,1.1,80.0,25.1,0,2013
Shawn Marion,34.0,DAL,2010.0,18.0,0.553,5.3,2.2,2.1,12.1,2.4,7.8,0.7,1.1,67.0,30.0,0,2013
Corey Brewer,26.0,DEN,2003.0,14.7,0.506,3.9,0.4,1.2,12.1,1.5,2.9,0.3,1.4,82.0,24.4,0,2013
Tiago Splitter,28.0,SAS,1997.0,18.7,0.609,8.2,2.2,2.1,10.3,1.6,6.4,0.8,0.8,81.0,24.7,0,2013
Jameer Nelson,30.0,ORL,1977.0,14.4,0.498,2.1,-1.2,0.4,14.7,7.4,3.7,0.1,1.3,56.0,35.3,0,2013
Maurice Harkless,19.0,ORL,1974.0,12.5,0.504,2.4,-1.3,0.4,8.2,0.7,4.4,0.8,1.2,76.0,26.0,0,2013
Reggie Evans,32.0,BRK,1967.0,12.8,0.506,4.3,-1.7,0.1,4.5,0.5,11.1,0.2,0.9,80.0,24.6,0,2013
Nikola Peković,27.0,MIN,1959.0,20.2,0.572,6.7,0.5,1.2,16.3,0.9,8.8,0.8,0.7,62.0,31.6,0,2013
Kendrick Perkins,28.0,OKC,1954.0,8.2,0.479,2.5,-1.8,0.1,4.2,1.4,6.0,1.1,0.6,78.0,25.1,0,2013
Mike Dunleavy,32.0,MIL,1943.0,13.6,0.577,4.4,0.4,1.2,10.5,1.9,3.9,0.5,0.5,75.0,25.9,0,2013
Courtney Lee,27.0,BOS,1941.0,11.7,0.545,3.3,-0.5,0.7,7.8,1.8,2.4,0.3,1.1,78.0,24.9,0,2013
Larry Sanders,24.0,MIL,1937.0,18.7,0.523,6.0,1.0,1.5,9.8,1.2,9.5,2.8,0.7,71.0,27.3,0,2013
Derrick Williams,21.0,MIN,1916.0,14.5,0.515,3.0,-1.5,0.2,12.0,0.6,5.5,0.5,0.6,78.0,24.6,0,2013
P.J. Tucker,27.0,PHO,1910.0,11.6,0.525,2.9,-1.5,0.2,6.4,1.4,4.4,0.2,0.8,79.0,24.2,0,2013
Marco Belinelli,26.0,CHI,1882.0,10.4,0.513,3.0,-2.3,-0.1,9.6,2.0,1.9,0.1,0.6,73.0,25.8,0,2013
Caron Butler,32.0,LAC,1879.0,12.4,0.535,3.6,-1.3,0.3,10.4,1.0,2.9,0.1,0.7,78.0,24.1,0,2013
Carl Landry,29.0,GSW,1876.0,17.5,0.605,6.2,-0.2,0.8,10.8,0.8,6.0,0.4,0.4,81.0,23.2,0,2013
Marcin Gortat,28.0,PHO,1876.0,15.4,0.543,3.4,-0.5,0.7,11.1,1.2,8.5,1.6,0.7,61.0,30.8,0,2013
Anthony Davis,19.0,NOH,1846.0,21.7,0.559,6.1,2.5,2.1,13.5,1.0,8.2,1.8,1.2,64.0,28.8,0,2013
Alexey Shved,24.0,MIN,1840.0,11.0,0.474,0.8,-1.7,0.1,8.6,3.7,2.3,0.4,0.7,77.0,23.9,0,2013
Markieff Morris,23.0,PHO,1837.0,12.6,0.473,1.7,-1.9,0.0,8.2,1.3,4.8,0.8,0.9,82.0,22.4,0,2013
Kosta Koufos,23.0,DEN,1817.0,17.2,0.585,6.5,0.6,1.2,8.0,0.4,6.9,1.3,0.5,81.0,22.4,0,2013
Kawhi Leonard,21.0,SAS,1810.0,16.4,0.592,6.2,3.1,2.3,11.9,1.6,6.0,0.6,1.7,58.0,31.2,0,2013
Jason Maxiell,29.0,DET,1789.0,11.3,0.478,1.8,-3.4,-0.6,6.9,0.8,5.7,1.3,0.4,72.0,24.8,0,2013
Derrick Favors,21.0,UTA,1787.0,17.5,0.533,4.4,-0.5,0.7,9.4,1.0,7.1,1.7,0.9,77.0,23.2,0,2013
Shane Battier,34.0,MIA,1786.0,10.7,0.623,4.4,1.0,1.4,6.6,1.0,2.3,0.8,0.6,72.0,24.8,0,2013
Dorell Wright,27.0,PHI,1783.0,16.0,0.551,4.9,2.6,2.1,9.2,1.9,3.8,0.4,0.8,79.0,22.6,0,2013
Patrick Patterson,23.0,2TM,1775.0,15.2,0.566,4.1,-0.1,0.9,10.4,1.1,4.7,0.6,0.4,71.0,25.0,0,2013
Jerryd Bayless,24.0,MEM,1765.0,13.5,0.514,4.0,0.1,1.0,8.7,3.3,2.2,0.2,0.7,80.0,22.1,0,2013
Kirk Hinrich,32.0,CHI,1764.0,10.8,0.493,3.1,-0.9,0.5,7.7,5.2,2.6,0.4,1.1,60.0,29.4,0,2013
Dion Waiters,21.0,CLE,1756.0,13.7,0.492,0.9,-2.1,-0.1,14.7,3.0,2.4,0.3,1.0,61.0,28.8,0,2013
Bradley Beal,19.0,WAS,1745.0,13.6,0.515,3.0,0.2,1.0,13.9,2.4,3.8,0.5,0.9,56.0,31.2,0,2013
Marvin Williams,26.0,UTA,1727.0,10.9,0.515,2.3,-1.2,0.4,7.2,1.1,3.6,0.5,0.5,73.0,23.7,0,2013
Marcus Thornton,25.0,SAC,1726.0,16.3,0.552,3.2,0.3,1.0,12.7,1.3,2.5,0.1,0.8,72.0,24.0,0,2013
Kevin Séraphin,23.0,WAS,1721.0,10.3,0.478,0.1,-5.5,-1.5,9.1,0.7,4.4,0.7,0.3,79.0,21.8,0,2013
J.J. Barea,28.0,MIN,1713.0,14.1,0.51,1.9,-0.6,0.6,11.3,4.0,2.8,0.0,0.4,74.0,23.1,0,2013
Boris Diaw,30.0,SAS,1709.0,11.9,0.603,4.4,0.8,1.2,5.8,2.4,3.4,0.4,0.7,75.0,22.8,0,2013
Jordan Crawford,24.0,2TM,1709.0,13.8,0.512,1.9,-0.9,0.5,11.6,3.2,3.0,0.1,0.6,70.0,24.4,0,2013
Ricky Rubio,22.0,MIN,1691.0,16.2,0.482,3.0,1.1,1.3,10.7,7.3,4.0,0.1,2.4,57.0,29.7,0,2013
Carlos Delfino,30.0,HOU,1689.0,13.3,0.549,3.5,1.4,1.5,10.6,2.0,3.3,0.1,1.0,67.0,25.2,0,2013
E'Twaun Moore,23.0,ORL,1682.0,10.7,0.471,0.2,-2.3,-0.1,7.8,2.7,2.2,0.3,0.7,75.0,22.4,0,2013
Lavoy Allen,23.0,PHI,1669.0,11.5,0.474,2.5,-3.3,-0.6,5.8,0.9,5.0,0.7,0.3,79.0,21.1,0,2013
Jodie Meeks,25.0,LAL,1663.0,11.4,0.54,3.0,-1.0,0.4,7.9,0.9,2.2,0.1,0.7,78.0,21.3,0,2013
Dirk Nowitzki,34.0,DAL,1661.0,19.8,0.564,5.0,3.1,2.2,17.3,2.5,6.8,0.7,0.7,53.0,31.3,0,2013
Wayne Ellington,25.0,2TM,1661.0,12.2,0.546,3.2,-0.5,0.6,7.9,1.3,2.1,0.0,0.6,78.0,21.3,0,2013
Nenê,30.0,WAS,1659.0,17.0,0.538,4.0,1.3,1.3,12.6,2.9,6.7,0.6,0.9,61.0,27.2,0,2013
Pau Gasol,32.0,LAL,1655.0,16.7,0.512,3.7,2.0,1.7,13.7,4.1,8.6,1.2,0.5,49.0,33.8,0,2013
Ramon Sessions,26.0,CHA,1652.0,17.7,0.529,2.9,-0.4,0.7,14.4,3.8,2.8,0.1,0.8,61.0,27.1,0,2013
Steve Novak,29.0,NYK,1641.0,11.3,0.602,4.0,0.1,0.9,6.6,0.4,1.9,0.1,0.3,81.0,20.3,0,2013
Antawn Jamison,36.0,LAL,1636.0,15.3,0.561,4.3,-0.1,0.8,9.4,0.7,4.8,0.3,0.4,76.0,21.5,0,2013
Ed Davis,23.0,2TM,1631.0,17.8,0.561,5.4,0.2,0.9,7.7,0.8,5.7,1.0,0.5,81.0,20.1,0,2013
Steve Nash,38.0,LAL,1627.0,16.0,0.605,4.3,0.4,1.0,12.7,6.7,2.8,0.1,0.6,50.0,32.5,0,2013
Lamar Odom,33.0,LAC,1616.0,10.9,0.429,2.7,-0.7,0.6,4.0,1.7,5.9,0.7,0.8,82.0,19.7,0,2013
John Wall,22.0,WAS,1602.0,20.8,0.521,4.5,3.9,2.4,18.5,7.6,4.0,0.8,1.3,49.0,32.7,0,2013
Norris Cole,24.0,MIA,1590.0,7.9,0.483,0.6,-4.9,-1.2,5.6,2.1,1.6,0.1,0.7,80.0,19.9,0,2013
Nick Collison,32.0,OKC,1583.0,13.6,0.624,5.2,0.9,1.2,5.1,1.5,4.1,0.4,0.6,81.0,19.5,0,2013
Kevin Durant,25.0,OKC,3122.0,29.8,0.635,19.2,10.2,9.6,32.0,5.5,7.4,0.7,1.3,81.0,38.5,1,2014
Monta Ellis,28.0,DAL,3023.0,16.8,0.532,4.9,-0.3,1.3,19.0,5.7,3.6,0.3,1.7,82.0,36.9,0,2014
DeMar DeRozan,24.0,TOR,3017.0,18.4,0.532,8.8,1.7,2.8,22.7,4.0,4.3,0.4,1.1,79.0,38.2,0,2014
Carmelo Anthony,29.0,NYK,2982.0,24.4,0.561,10.7,5.0,5.3,27.4,3.1,8.1,0.7,1.2,77.0,38.7,0,2014
John Wall,23.0,WAS,2980.0,19.5,0.524,7.9,2.7,3.6,19.3,8.8,4.1,0.5,1.8,82.0,36.3,0,2014
Nicolas Batum,25.0,POR,2956.0,15.8,0.589,7.9,3.4,4.0,13.0,5.1,7.5,0.7,0.9,82.0,36.0,0,2014
Damian Lillard,23.0,POR,2937.0,18.6,0.568,9.6,3.2,3.9,20.7,5.6,3.5,0.3,0.8,82.0,35.8,0,2014
LeBron James,29.0,MIA,2902.0,29.3,0.649,15.9,8.8,7.9,27.1,6.3,6.9,0.3,1.6,77.0,37.7,0,2014
Paul George,23.0,IND,2898.0,20.1,0.555,10.8,4.9,5.0,21.7,3.5,6.8,0.3,1.9,80.0,36.2,0,2014
DeAndre Jordan,25.0,LAC,2870.0,18.2,0.63,11.1,2.5,3.3,10.4,0.9,13.6,2.5,1.0,82.0,35.0,0,2014
Klay Thompson,23.0,GSW,2868.0,14.3,0.555,6.7,0.8,2.0,18.4,2.2,3.1,0.5,0.9,81.0,35.4,0,2014
Blake Griffin,24.0,LAC,2863.0,23.9,0.583,12.2,4.5,4.7,24.1,3.9,9.5,0.6,1.2,80.0,35.8,0,2014
Kyle Lowry,27.0,TOR,2862.0,20.1,0.567,11.7,4.7,4.8,17.9,7.4,4.7,0.2,1.5,79.0,36.2,0,2014
Stephen Curry,25.0,GSW,2846.0,24.1,0.61,13.4,7.4,6.7,24.0,8.5,4.3,0.2,1.6,78.0,36.5,0,2014
Joakim Noah,28.0,CHI,2820.0,20.0,0.531,11.2,5.3,5.2,12.6,5.4,11.3,1.5,1.2,80.0,35.3,0,2014
Jeff Green,27.0,BOS,2805.0,13.1,0.52,3.3,-1.5,0.3,16.9,1.7,4.6,0.6,0.7,82.0,34.2,0,2014
Gordon Hayward,23.0,UTA,2800.0,16.2,0.52,3.6,0.8,2.0,16.2,5.2,5.1,0.5,1.4,77.0,36.4,0,2014
Kevin Love,25.0,MIN,2797.0,26.9,0.591,14.3,8.9,7.7,26.1,4.4,12.5,0.5,0.8,77.0,36.3,0,2014
Chandler Parsons,25.0,HOU,2783.0,15.9,0.565,7.6,1.7,2.6,16.6,4.0,5.5,0.4,1.2,74.0,37.6,0,2014
Wesley Matthews,27.0,POR,2780.0,15.7,0.588,8.2,1.9,2.7,16.4,2.4,3.5,0.2,0.9,82.0,33.9,0,2014
James Harden,24.0,HOU,2777.0,23.5,0.618,12.8,5.6,5.3,25.4,6.1,4.7,0.4,1.6,73.0,38.0,0,2014
Lance Stephenson,23.0,IND,2752.0,14.7,0.564,7.4,1.3,2.3,13.8,4.6,7.2,0.1,0.7,78.0,35.3,0,2014
Josh Smith,28.0,DET,2730.0,14.1,0.463,1.1,-0.8,0.8,16.4,3.3,6.8,1.4,1.4,77.0,35.5,0,2014
Brandon Jennings,24.0,DET,2728.0,15.6,0.486,3.9,0.1,1.4,15.5,7.6,3.1,0.1,1.3,80.0,34.1,0,2014
Trevor Ariza,28.0,WAS,2723.0,15.8,0.59,8.0,2.3,3.0,14.4,2.5,6.2,0.3,1.6,77.0,35.4,0,2014
Thaddeus Young,25.0,PHI,2718.0,16.6,0.512,3.5,-0.1,1.3,17.9,2.3,6.0,0.5,2.1,79.0,34.4,0,2014
Zach Randolph,32.0,MEM,2705.0,18.3,0.51,6.4,-0.1,1.3,17.4,2.5,10.1,0.3,0.7,79.0,34.2,0,2014
Greg Monroe,23.0,DET,2690.0,18.1,0.531,5.9,0.1,1.4,15.2,2.1,9.3,0.6,1.1,82.0,32.8,0,2014
Goran Dragić,27.0,PHO,2668.0,21.4,0.604,10.3,3.9,4.0,20.3,5.9,3.2,0.3,1.4,76.0,35.1,0,2014
Serge Ibaka,24.0,OKC,2666.0,19.6,0.576,9.6,1.7,2.5,15.1,1.0,8.8,2.7,0.5,81.0,32.9,0,2014
Marcin Gortat,29.0,WAS,2655.0,17.6,0.568,8.1,0.8,1.8,13.2,1.7,9.5,1.5,0.5,81.0,32.8,0,2014
Ricky Rubio,23.0,MIN,2638.0,15.4,0.491,5.9,1.2,2.1,9.5,8.6,4.2,0.1,2.3,82.0,32.2,0,2014
Dirk Nowitzki,35.0,DAL,2628.0,23.6,0.603,10.9,5.0,4.7,21.7,2.7,6.2,0.6,0.9,80.0,32.9,0,2014
Andre Drummond,20.0,DET,2619.0,22.6,0.599,9.9,1.4,2.3,13.5,0.4,13.2,1.6,1.2,81.0,32.3,0,2014
Kemba Walker,23.0,CHA,2614.0,16.8,0.499,5.1,1.7,2.4,17.7,6.1,4.2,0.4,1.2,73.0,35.8,0,2014
Corey Brewer,27.0,MIN,2609.0,12.7,0.55,5.2,-0.2,1.2,12.3,1.7,2.6,0.4,1.9,81.0,32.2,0,2014
Robin Lopez,25.0,POR,2603.0,17.7,0.605,9.5,1.2,2.1,11.1,0.9,8.5,1.7,0.3,82.0,31.7,0,2014
Tristan Thompson,22.0,CLE,2594.0,14.9,0.528,5.7,-2.1,-0.1,11.7,0.9,9.2,0.4,0.5,82.0,31.6,0,2014
Jimmy Butler,24.0,CHI,2591.0,13.5,0.522,7.1,1.1,2.0,13.1,2.6,4.9,0.5,1.9,67.0,38.7,0,2014
Mike Dunleavy,33.0,CHI,2584.0,12.6,0.549,6.5,0.8,1.8,11.3,2.3,4.2,0.6,0.8,82.0,31.5,0,2014
Joe Johnson,32.0,BRK,2575.0,15.5,0.564,4.9,0.2,1.4,15.8,2.7,3.4,0.1,0.6,79.0,32.6,0,2014
Jodie Meeks,26.0,LAL,2556.0,14.7,0.601,4.5,-0.1,1.2,15.7,1.8,2.5,0.1,1.4,77.0,33.2,0,2014
Al Jefferson,29.0,CHA,2553.0,22.7,0.532,7.8,2.7,3.0,21.8,2.1,10.8,1.1,0.9,73.0,35.0,0,2014
Arron Afflalo,28.0,ORL,2552.0,16.0,0.574,5.3,-0.2,1.1,18.2,3.4,3.6,0.0,0.5,73.0,35.0,0,2014
Jeff Teague,25.0,ATL,2542.0,17.1,0.541,5.2,-0.1,1.2,16.5,6.7,2.6,0.2,1.1,79.0,32.2,0,2014
Chris Bosh,29.0,MIA,2531.0,19.0,0.597,8.0,0.8,1.8,16.2,1.1,6.6,1.0,1.0,79.0,32.0,0,2014
Rudy Gay,27.0,2TM,2531.0,18.3,0.54,4.8,1.7,2.4,20.0,2.9,6.0,0.8,1.3,73.0,34.7,0,2014
Bradley Beal,20.0,WAS,2530.0,14.3,0.507,4.0,-0.4,1.0,17.1,3.3,3.7,0.2,1.0,73.0,34.7,0,2014
LaMarcus Aldridge,28.0,POR,2498.0,21.8,0.507,7.5,2.3,2.7,23.2,2.6,11.1,1.0,0.9,69.0,36.2,0,2014
Isaiah Thomas,24.0,SAC,2497.0,20.5,0.574,7.7,3.2,3.2,20.3,6.3,2.9,0.1,1.3,72.0,34.7,0,2014
Kyrie Irving,21.0,CLE,2496.0,20.1,0.533,6.7,3.4,3.3,20.8,6.1,3.6,0.3,1.5,71.0,35.2,0,2014
P.J. Tucker,28.0,PHO,2490.0,13.3,0.54,6.1,1.0,1.9,9.4,1.7,6.5,0.3,1.4,81.0,30.7,0,2014
Victor Oladipo,21.0,ORL,2487.0,13.6,0.514,1.3,-1.4,0.3,13.8,4.1,4.1,0.5,1.6,80.0,31.1,0,2014
Randy Foye,30.0,DEN,2485.0,13.3,0.558,4.6,0.5,1.6,13.2,3.5,2.9,0.5,0.8,81.0,30.7,0,2014
Paul Millsap,28.0,ATL,2482.0,19.8,0.545,6.7,2.8,3.0,17.9,3.1,8.5,1.1,1.7,74.0,33.5,0,2014
David West,33.0,IND,2472.0,17.5,0.533,8.1,2.6,2.9,14.0,2.8,6.8,0.9,0.8,80.0,30.9,0,2014
Spencer Hawes,25.0,2TM,2470.0,15.7,0.554,4.5,0.6,1.6,13.2,3.0,8.3,1.2,0.6,80.0,30.9,0,2014
José Calderón,32.0,DAL,2468.0,15.2,0.596,6.3,1.9,2.4,11.4,4.7,2.4,0.1,0.9,81.0,30.5,0,2014
Gerald Henderson,26.0,CHA,2461.0,13.1,0.507,3.6,-1.5,0.3,14.0,2.6,4.0,0.4,0.7,77.0,32.0,0,2014
Khris Middleton,22.0,MIL,2460.0,12.5,0.541,2.7,-2.3,-0.2,12.1,2.1,3.8,0.2,1.0,82.0,30.0,0,2014
Evan Turner,25.0,2TM,2457.0,12.4,0.498,1.4,-3.3,-0.8,14.0,3.2,5.0,0.1,0.8,81.0,30.3,0,2014
Mike Conley,26.0,MEM,2446.0,20.0,0.545,8.2,3.8,3.6,17.2,6.0,2.9,0.2,1.5,73.0,33.5,0,2014
George Hill,27.0,IND,2434.0,13.4,0.563,7.8,1.6,2.2,10.3,3.5,3.7,0.3,1.0,76.0,32.0,0,2014
J.R. Smith,28.0,NYK,2421.0,13.9,0.527,3.7,-0.2,1.1,14.5,3.0,4.0,0.3,0.9,74.0,32.7,0,2014
Michael Carter-Williams,22.0,PHI,2414.0,15.5,0.48,1.3,-0.5,0.9,16.7,6.3,6.2,0.6,1.9,70.0,34.5,0,2014
Roy Hibbert,27.0,IND,2409.0,13.5,0.499,5.4,-1.4,0.4,10.8,1.1,6.6,2.2,0.4,81.0,29.7,0,2014
Shawn Marion,35.0,DAL,2409.0,13.7,0.537,4.3,0.2,1.3,10.4,1.6,6.5,0.5,1.2,76.0,31.7,0,2014
Kyle Korver,32.0,ATL,2408.0,13.5,0.653,5.9,1.1,1.9,12.0,2.9,4.0,0.3,1.0,71.0,33.9,0,2014
Brandon Knight,22.0,MIL,2400.0,16.5,0.523,2.8,-0.5,0.9,17.9,4.9,3.5,0.2,1.0,72.0,33.3,0,2014
Dwight Howard,28.0,HOU,2396.0,21.3,0.6,8.0,1.8,2.3,18.3,1.8,12.2,1.8,0.8,71.0,33.7,0,2014
Josh McRoberts,26.0,CHA,2360.0,13.8,0.548,6.5,2.0,2.3,8.5,4.3,4.8,0.6,0.7,78.0,30.3,0,2014
Anthony Davis,20.0,NOP,2358.0,26.5,0.582,10.4,4.8,4.0,20.8,1.6,10.0,2.8,1.3,67.0,35.2,0,2014
Taj Gibson,28.0,CHI,2351.0,16.0,0.524,5.7,-1.0,0.6,13.0,1.1,6.8,1.4,0.5,82.0,28.7,0,2014
DeMarre Carroll,27.0,ATL,2341.0,13.9,0.575,5.8,0.7,1.6,11.1,1.8,5.5,0.3,1.5,73.0,32.1,0,2014
Kyle Singler,25.0,DET,2337.0,11.8,0.574,4.4,-1.4,0.3,9.6,0.9,3.7,0.5,0.7,82.0,28.5,0,2014
Gerald Green,28.0,PHO,2330.0,16.5,0.585,6.1,1.4,2.0,15.8,1.5,3.4,0.5,0.9,82.0,28.4,0,2014
Channing Frye,30.0,PHO,2312.0,13.2,0.555,5.3,0.7,1.6,11.1,1.2,5.1,0.8,0.7,82.0,28.2,0,2014
James Anderson,24.0,PHI,2309.0,10.9,0.53,1.9,-2.6,-0.3,10.1,1.9,3.8,0.4,0.9,80.0,28.9,0,2014
DeMarcus Cousins,23.0,SAC,2298.0,26.1,0.555,7.9,5.2,4.2,22.7,2.9,11.7,1.3,1.5,71.0,32.4,0,2014
David Lee,30.0,GSW,2288.0,19.1,0.566,7.6,1.3,1.9,18.2,2.1,9.3,0.4,0.7,69.0,33.2,0,2014
Jonas Valančiūnas,21.0,TOR,2282.0,16.1,0.579,6.7,-1.3,0.4,11.3,0.7,8.8,0.9,0.3,81.0,28.2,0,2014
Reggie Jackson,23.0,OKC,2277.0,15.4,0.527,4.9,0.1,1.2,13.1,4.1,3.9,0.1,1.1,80.0,28.5,0,2014
Brandon Bass,28.0,BOS,2266.0,15.0,0.549,5.1,-1.1,0.5,11.1,1.1,5.7,0.9,0.4,82.0,27.6,0,2014
Trey Burke,21.0,UTA,2262.0,12.6,0.473,0.9,-2.6,-0.4,12.8,5.7,3.0,0.1,0.6,70.0,32.3,0,2014
Jarrett Jack,30.0,CLE,2252.0,11.5,0.498,2.3,-2.1,-0.1,9.5,4.1,2.8,0.3,0.7,80.0,28.2,0,2014
Wesley Johnson,26.0,LAL,2240.0,11.0,0.522,1.9,-1.1,0.5,9.1,1.6,4.4,1.0,1.1,79.0,28.4,0,2014
Ty Lawson,26.0,DEN,2222.0,19.0,0.554,6.3,2.3,2.5,17.6,8.8,3.5,0.2,1.6,62.0,35.8,0,2014
Amir Johnson,26.0,TOR,2214.0,15.4,0.592,6.3,0.7,1.5,10.4,1.5,6.6,1.1,0.7,77.0,28.8,0,2014
Ramon Sessions,27.0,2TM,2214.0,16.0,0.539,4.3,-0.8,0.7,12.3,4.1,2.4,0.1,0.6,83.0,26.7,0,2014
Richard Jefferson,33.0,UTA,2213.0,11.8,0.573,2.7,-1.4,0.3,10.1,1.6,2.7,0.2,0.7,82.0,27.0,0,2014
Luol Deng,28.0,2TM,2213.0,15.2,0.517,4.5,0.4,1.4,16.0,2.9,5.7,0.1,1.0,63.0,35.1,0,2014
Harrison Barnes,21.0,GSW,2204.0,9.8,0.486,3.2,-1.6,0.2,9.5,1.5,4.0,0.3,0.8,78.0,28.3,0,2014
Derrick Favors,22.0,UTA,2201.0,19.0,0.556,5.1,0.1,1.2,13.3,1.2,8.7,1.5,1.0,73.0,30.2,0,2014
Alec Burks,22.0,UTA,2193.0,15.8,0.547,3.2,-0.8,0.7,14.0,2.7,3.3,0.2,0.9,78.0,28.1,0,2014
Ben McLemore,20.0,SAC,2187.0,7.7,0.485,0.8,-4.0,-1.1,8.8,1.0,2.9,0.2,0.5,82.0,26.7,0,2014
Jameer Nelson,31.0,ORL,2179.0,13.9,0.515,2.8,-1.1,0.5,12.1,7.0,3.4,0.1,0.8,68.0,32.0,0,2014
Kenneth Faried,24.0,DEN,2178.0,19.8,0.573,6.5,1.0,1.6,13.7,1.2,8.6,0.9,0.9,80.0,27.2,0,2014
Mario Chalmers,27.0,MIA,2178.0,14.0,0.567,4.8,0.2,1.2,9.8,4.9,2.9,0.2,1.6,73.0,29.8,0,2014
Kevin Martin,30.0,MIN,2177.0,16.3,0.553,5.3,0.3,1.3,19.1,1.8,3.0,0.1,1.0,68.0,32.0,0,2014
Chris Paul,28.0,LAC,2171.0,25.9,0.58,12.2,8.6,5.8,19.1,10.7,4.3,0.1,2.5,62.0,35.0,0,2014
Terrence Ross,22.0,TOR,2159.0,12.0,0.553,4.2,-0.2,1.0,10.9,1.0,3.1,0.3,0.8,81.0,26.7,0,2014
Tim Duncan,37.0,SAS,2158.0,21.3,0.535,7.4,3.3,2.9,15.1,3.0,9.7,1.9,0.6,74.0,29.2,0,2014
Martell Webster,27.0,WAS,2157.0,11.5,0.591,5.0,-0.4,0.9,9.7,1.2,2.8,0.2,0.5,78.0,27.7,0,2014
Markieff Morris,24.0,PHO,2153.0,18.4,0.564,6.4,1.0,1.6,13.8,1.8,6.0,0.6,0.8,81.0,26.6,0,2014
Carlos Boozer,32.0,CHI,2141.0,14.4,0.489,3.4,-2.1,-0.1,13.7,1.6,8.3,0.3,0.7,76.0,28.2,0,2014
Enes Freedom,21.0,UTA,2138.0,15.6,0.523,2.2,-3.6,-0.9,12.3,0.9,7.5,0.5,0.4,80.0,26.7,0,2014
Kirk Hinrich,33.0,CHI,2116.0,10.8,0.494,3.8,-1.0,0.6,9.1,3.9,2.6,0.4,1.1,73.0,29.0,0,2014
Paul Pierce,36.0,BRK,2098.0,16.8,0.595,5.2,1.6,1.9,13.5,2.4,4.6,0.4,1.1,75.0,28.0,0,2014
Jamal Crawford,33.0,LAC,2094.0,17.3,0.556,5.3,1.6,1.9,18.6,3.2,2.3,0.2,0.9,69.0,30.3,0,2014
Terrence Jones,22.0,HOU,2078.0,19.1,0.577,7.3,2.2,2.2,12.1,1.1,6.9,1.3,0.7,76.0,27.3,0,2014
Dion Waiters,22.0,CLE,2072.0,14.0,0.508,1.6,-1.5,0.3,15.9,3.0,2.8,0.2,0.9,70.0,29.6,0,2014
Darren Collison,26.0,LAC,2069.0,16.2,0.575,5.9,1.5,1.8,11.4,3.7,2.4,0.2,1.2,80.0,25.9,0,2014
Deron Williams,29.0,BRK,2059.0,17.6,0.564,5.4,1.2,1.7,14.3,6.1,2.6,0.2,1.5,64.0,32.2,0,2014
Eric Gordon,25.0,NOP,2057.0,14.9,0.54,2.5,-0.5,0.8,15.4,3.3,2.6,0.2,1.2,64.0,32.1,0,2014
Jeremy Lin,25.0,HOU,2054.0,14.3,0.572,4.4,-0.2,0.9,12.5,4.1,2.6,0.4,1.0,71.0,28.9,0,2014
Al-Farouq Aminu,23.0,NOP,2045.0,13.2,0.516,3.1,-0.6,0.7,7.2,1.4,6.2,0.5,1.0,80.0,25.6,0,2014
Jared Sullinger,21.0,BOS,2041.0,16.4,0.497,3.9,-1.4,0.3,13.3,1.6,8.1,0.7,0.5,74.0,27.6,0,2014
Andre Iguodala,30.0,GSW,2040.0,13.7,0.57,5.8,2.3,2.2,9.3,4.2,4.7,0.3,1.5,63.0,32.4,0,2014
Tyreke Evans,24.0,NOP,2028.0,18.4,0.504,3.1,0.6,1.3,14.5,5.0,4.7,0.3,1.2,72.0,28.2,0,2014
Raymond Felton,29.0,NYK,2017.0,12.9,0.476,2.2,-1.2,0.4,9.7,5.6,3.0,0.4,1.2,65.0,31.0,0,2014
Marco Belinelli,27.0,SAS,2016.0,15.0,0.605,5.9,1.3,1.7,11.4,2.2,2.8,0.1,0.6,80.0,25.2,0,2014
Norris Cole,25.0,MIA,2014.0,8.8,0.497,1.2,-3.1,-0.6,6.4,3.0,2.0,0.1,0.9,82.0,24.6,0,2014
Jason Thompson,27.0,SAC,2007.0,11.1,0.523,2.7,-3.2,-0.6,7.1,0.6,6.4,0.7,0.4,82.0,24.5,0,2014
Tony Parker,31.0,SAS,1997.0,18.9,0.555,5.9,0.9,1.5,16.7,5.7,2.3,0.1,0.5,68.0,29.4,0,2014
Boris Diaw,31.0,SAS,1974.0,14.1,0.578,4.9,1.3,1.6,9.1,2.8,4.1,0.4,0.6,79.0,25.0,0,2014
Shaun Livingston,28.0,BRK,1974.0,14.5,0.551,4.4,0.4,1.2,8.3,3.2,3.2,0.4,1.2,76.0,26.0,0,2014
Vince Carter,37.0,DAL,1973.0,15.9,0.539,4.3,1.2,1.6,11.9,2.6,3.5,0.4,0.8,81.0,24.4,0,2014
Courtney Lee,28.0,2TM,1973.0,13.8,0.574,4.7,0.9,1.5,9.6,1.5,2.4,0.4,0.8,79.0,25.0,0,2014
Marc Gasol,29.0,MEM,1970.0,18.2,0.526,5.6,3.0,2.5,14.6,3.6,7.2,1.3,1.0,59.0,33.4,0,2014
Miles Plumlee,25.0,PHO,1964.0,14.6,0.529,4.0,-1.3,0.3,8.1,0.5,7.8,1.1,0.6,80.0,24.6,0,2014
Iman Shumpert,23.0,NYK,1962.0,9.6,0.48,2.0,-2.0,0.0,6.7,1.7,4.2,0.2,1.2,74.0,26.5,0,2014
Maurice Harkless,20.0,ORL,1950.0,11.8,0.542,2.8,-0.4,0.8,7.4,1.0,3.3,0.6,1.2,80.0,24.4,0,2014
Rodney Stuckey,27.0,DET,1950.0,14.0,0.516,2.2,-2.9,-0.4,13.9,2.1,2.3,0.1,0.7,73.0,26.7,0,2014
Tayshaun Prince,33.0,MEM,1948.0,8.2,0.438,1.5,-2.5,-0.2,6.0,1.6,3.1,0.3,0.5,76.0,25.6,0,2014
D.J. Augustin,26.0,2TM,1939.0,16.2,0.569,6.2,1.4,1.7,13.1,4.4,1.8,0.0,0.7,71.0,27.3,0,2014
Ray Allen,38.0,MIA,1936.0,12.8,0.59,4.1,-0.4,0.8,9.6,2.0,2.8,0.1,0.7,73.0,26.5,0,2014
Wilson Chandler,26.0,DEN,1927.0,12.4,0.526,3.1,-0.8,0.6,13.6,1.8,4.7,0.5,0.7,62.0,31.1,0,2014
Kawhi Leonard,22.0,SAS,1923.0,19.4,0.602,7.7,5.1,3.5,12.8,2.0,6.2,0.8,1.7,66.0,29.1,0,2014
Giannis Antetokounmpo,19.0,MIL,1897.0,10.8,0.518,1.2,-2.5,-0.2,6.8,1.9,4.4,0.8,0.8,77.0,24.6,0,2014
Pau Gasol,33.0,LAL,1884.0,19.3,0.522,3.0,1.2,1.5,17.4,3.4,9.7,1.5,0.5,60.0,31.4,0,2014
Tim Hardaway Jr.,21.0,NYK,1875.0,12.7,0.554,3.1,-1.8,0.1,10.2,0.8,1.5,0.1,0.5,81.0,23.1,0,2014
J.J. Hickson,25.0,DEN,1859.0,16.2,0.521,3.3,-0.9,0.5,11.8,1.4,9.2,0.7,0.7,69.0,26.9,0,2014
Jordan Crawford,25.0,2TM,1859.0,14.3,0.516,2.8,-0.6,0.6,11.0,3.5,2.3,0.1,0.6,81.0,23.0,0,2014
John Henson,23.0,MIL,1856.0,17.9,0.543,3.3,-0.5,0.7,11.1,1.6,7.1,1.7,0.6,70.0,26.5,0,2014
Avery Bradley,23.0,BOS,1855.0,12.7,0.51,1.8,-1.9,0.1,14.9,1.4,3.8,0.2,1.1,60.0,30.9,0,2014
Tobias Harris,21.0,ORL,1850.0,16.5,0.542,4.1,-0.7,0.6,14.6,1.3,7.0,0.4,0.7,61.0,30.3,0,2014
Mo Williams,31.0,POR,1834.0,11.8,0.507,2.2,-2.0,0.0,9.7,4.3,2.1,0.1,0.7,74.0,24.8,0,2014
Derrick Williams,22.0,2TM,1820.0,11.5,0.524,2.6,-2.1,0.0,8.0,0.7,4.1,0.3,0.6,78.0,23.3,0,2014
Nikola Vučević,23.0,ORL,1812.0,18.8,0.536,4.4,0.1,1.0,14.2,1.8,11.0,0.8,1.1,57.0,31.8,0,2014
Nick Young,28.0,LAL,1810.0,16.0,0.564,2.5,-0.5,0.7,17.9,1.5,2.6,0.2,0.7,64.0,28.3,0,2014
Marcus Morris,24.0,PHO,1800.0,14.8,0.552,4.2,0.5,1.1,9.7,1.1,3.9,0.2,0.9,82.0,22.0,0,2014
Anderson Varejão,31.0,CLE,1800.0,17.0,0.527,5.4,1.4,1.6,8.4,2.2,9.7,0.6,1.1,65.0,27.7,0,2014
Draymond Green,23.0,GSW,1797.0,12.7,0.498,4.5,1.9,1.8,6.2,1.9,5.0,0.9,1.2,82.0,21.9,0,2014
Greivis Vásquez,27.0,2TM,1779.0,14.1,0.537,3.6,-0.4,0.7,9.6,4.1,2.2,0.1,0.4,79.0,22.5,0,2014
Dwyane Wade,32.0,MIA,1775.0,22.0,0.588,5.5,2.9,2.2,19.0,4.7,4.5,0.5,1.5,54.0,32.9,0,2014
Alan Anderson,31.0,BRK,1773.0,9.5,0.525,1.7,-2.8,-0.4,7.2,1.0,2.2,0.1,0.6,78.0,22.7,0,2014
Timofey Mozgov,27.0,DEN,1770.0,16.7,0.584,4.5,-0.8,0.5,9.4,0.8,6.4,1.2,0.3,82.0,21.6,0,2014
Andrew Bogut,29.0,GSW,1769.0,17.0,0.61,6.5,3.0,2.2,7.3,1.7,10.0,1.8,0.7,67.0,26.4,0,2014
Tony Wroten,20.0,PHI,1765.0,12.9,0.493,-0.9,-3.7,-0.7,13.0,3.0,3.2,0.2,1.1,72.0,24.5,0,2014
Patrick Beverley,25.0,HOU,1751.0,12.4,0.545,4.2,0.6,1.2,10.2,2.7,3.5,0.4,1.4,56.0,31.3,0,2014
Hollis Thompson,22.0,PHI,1742.0,9.5,0.57,2.0,-3.2,-0.5,6.0,0.9,3.2,0.2,0.7,77.0,22.6,0,2014
Marcus Thornton,26.0,2TM,1741.0,12.0,0.511,2.0,-1.5,0.2,9.8,1.1,2.8,0.2,0.8,72.0,24.2,0,2014
Matt Barnes,33.0,LAC,1735.0,12.0,0.552,3.5,-0.2,0.8,9.9,2.0,4.6,0.4,0.9,63.0,27.5,0,2014
Jared Dudley,28.0,LAC,1729.0,8.9,0.541,2.4,-1.5,0.2,6.9,1.4,2.2,0.1,0.6,74.0,23.4,0,2014
John Salmons,34.0,2TM,1726.0,7.8,0.462,1.7,-1.9,0.0,5.2,1.9,2.1,0.2,0.6,78.0,22.1,0,2014
Mike Miller,33.0,MEM,1707.0,12.5,0.619,3.9,0.4,1.0,7.1,1.6,2.5,0.1,0.3,82.0,20.8,0,2014
Jerryd Bayless,25.0,2TM,1686.0,12.0,0.498,2.4,-1.8,0.1,9.3,2.7,2.0,0.1,0.8,72.0,23.4,0,2014
Marvin Williams,27.0,UTA,1674.0,14.0,0.54,2.9,0.0,0.9,9.1,1.2,5.1,0.5,0.8,66.0,25.4,0,2014
Brian Roberts,28.0,NOP,1667.0,13.4,0.529,2.2,-1.7,0.1,9.4,3.3,1.9,0.1,0.6,72.0,23.2,0,2014
Nikola Peković,28.0,MIN,1663.0,20.7,0.582,5.9,0.6,1.1,17.5,0.9,8.7,0.4,0.6,54.0,30.8,0,2014
Tyson Chandler,31.0,NYK,1662.0,16.4,0.615,4.9,0.2,0.9,8.7,1.1,9.6,1.1,0.7,55.0,30.2,0,2014
Glen Davis,28.0,2TM,1662.0,13.1,0.491,2.0,-2.5,-0.2,9.4,1.1,5.2,0.4,0.9,68.0,24.4,0,2014
Danny Green,26.0,SAS,1651.0,13.9,0.58,4.2,3.2,2.2,9.1,1.5,3.4,0.9,1.0,68.0,24.3,0,2014
Dante Cunningham,26.0,MIN,1635.0,12.6,0.474,2.9,-0.8,0.5,6.3,1.0,4.1,0.7,0.8,81.0,20.2,0,2014
Andray Blatche,27.0,BRK,1618.0,18.8,0.532,3.7,0.0,0.8,11.2,1.5,5.3,0.5,1.0,73.0,22.2,0,2014
Samuel Dalembert,32.0,DAL,1614.0,16.8,0.605,4.9,-0.8,0.5,6.6,0.5,6.8,1.2,0.5,80.0,20.2,0,2014
Thabo Sefolosha,29.0,OKC,1584.0,10.4,0.517,3.0,0.3,0.9,6.3,1.5,3.6,0.3,1.3,61.0,26.0,0,2014
Kentavious Caldwell-Pope,20.0,DET,1583.0,9.4,0.483,1.8,-2.6,-0.2,5.9,0.7,2.0,0.2,0.9,80.0,19.8,0,2014
Kendall Marshall,22.0,LAL,1564.0,12.6,0.494,0.9,-2.4,-0.2,8.0,8.8,2.9,0.1,0.9,54.0,29.0,0,2014
James Harden,25.0,HOU,2981.0,26.7,0.605,16.4,8.8,8.1,27.4,7.0,5.7,0.7,1.9,81.0,36.8,0,2015
Andrew Wiggins,19.0,MIN,2969.0,13.9,0.517,2.1,-2.4,-0.3,16.9,2.1,4.6,0.6,1.0,82.0,36.2,0,2015
Trevor Ariza,29.0,HOU,2930.0,12.7,0.539,6.6,1.0,2.2,12.8,2.5,5.6,0.2,1.9,82.0,35.7,0,2015
Damian Lillard,24.0,POR,2925.0,20.7,0.56,10.6,4.7,4.9,21.0,6.2,4.6,0.3,1.2,82.0,35.7,0,2015
Chris Paul,29.0,LAC,2857.0,26.0,0.596,16.1,8.0,7.2,19.1,10.2,4.6,0.2,1.9,82.0,34.8,0,2015
John Wall,24.0,WAS,2837.0,19.9,0.523,7.8,3.6,4.0,17.6,10.0,4.6,0.6,1.7,79.0,35.9,0,2015
DeAndre Jordan,26.0,LAC,2820.0,21.0,0.638,12.8,2.9,3.5,11.5,0.7,15.0,2.2,1.0,82.0,34.4,0,2015
Eric Bledsoe,25.0,PHO,2800.0,18.4,0.555,7.0,2.1,2.9,17.0,6.1,5.2,0.6,1.6,81.0,34.6,0,2015
Joe Johnson,33.0,BRK,2791.0,14.1,0.523,4.1,-0.1,1.3,14.4,3.7,4.8,0.2,0.7,80.0,34.9,0,2015
Kyrie Irving,22.0,CLE,2730.0,21.5,0.583,10.4,4.1,4.2,21.7,5.2,3.2,0.3,1.5,75.0,36.4,0,2015
Monta Ellis,29.0,DAL,2699.0,16.5,0.509,3.6,-0.1,1.3,18.9,4.1,2.4,0.3,1.9,80.0,33.7,0,2015
Tyreke Evans,25.0,NOP,2690.0,17.7,0.508,4.6,1.2,2.2,16.6,6.6,5.3,0.5,1.3,79.0,34.1,0,2015
Marc Gasol,30.0,MEM,2687.0,21.7,0.558,10.2,5.1,4.8,17.4,3.8,7.8,1.6,0.9,81.0,33.2,0,2015
Pau Gasol,34.0,CHI,2681.0,22.7,0.55,10.4,3.5,3.7,18.5,2.7,11.8,1.9,0.3,78.0,34.4,0,2015
Ben McLemore,21.0,SAC,2670.0,10.4,0.552,2.5,-2.2,-0.2,12.1,1.7,2.9,0.2,0.9,82.0,32.6,0,2015
Ty Lawson,27.0,DEN,2665.0,18.5,0.526,7.0,2.2,2.8,15.2,9.6,3.1,0.1,1.2,75.0,35.5,0,2015
Goran Dragić,28.0,2TM,2640.0,17.4,0.577,6.8,0.8,1.8,16.3,4.5,3.5,0.2,1.0,78.0,33.8,0,2015
Gordon Hayward,24.0,UTA,2618.0,20.2,0.567,8.7,4.0,4.0,19.3,4.1,4.9,0.4,1.4,76.0,34.4,0,2015
Stephen Curry,26.0,GSW,2613.0,28.0,0.638,15.7,9.9,7.9,23.8,7.7,4.3,0.2,2.0,80.0,32.7,1,2015
Kentavious Caldwell-Pope,21.0,DET,2587.0,11.2,0.501,2.8,-1.7,0.2,12.7,1.3,3.1,0.2,1.1,82.0,31.5,0,2015
Markieff Morris,25.0,PHO,2581.0,15.8,0.523,4.6,-0.3,1.1,15.3,2.3,6.2,0.5,1.2,82.0,31.5,0,2015
Victor Oladipo,22.0,ORL,2573.0,15.9,0.527,3.5,-0.4,1.1,17.9,4.1,4.2,0.3,1.7,72.0,35.7,0,2015
Giannis Antetokounmpo,20.0,MIL,2541.0,14.8,0.552,6.2,0.0,1.2,12.7,2.6,6.7,1.0,0.9,81.0,31.4,0,2015
Kevin Love,26.0,CLE,2532.0,18.8,0.562,8.7,2.7,3.0,16.4,2.2,9.7,0.5,0.7,75.0,33.8,0,2015
Nikola Vučević,24.0,ORL,2529.0,21.5,0.548,7.0,0.9,1.8,19.3,2.0,10.9,0.7,0.7,74.0,34.2,0,2015
Jimmy Butler,25.0,CHI,2513.0,21.3,0.583,11.2,4.6,4.2,20.0,3.3,5.8,0.6,1.8,65.0,38.7,0,2015
LaMarcus Aldridge,29.0,POR,2512.0,22.8,0.528,8.6,2.9,3.1,23.4,1.7,10.2,1.0,0.7,71.0,35.4,0,2015
Andre Drummond,21.0,DET,2502.0,21.4,0.504,7.7,-0.1,1.2,13.8,0.7,13.5,1.9,0.9,82.0,30.5,0,2015
Arron Afflalo,29.0,2TM,2502.0,10.7,0.533,2.6,-2.5,-0.3,13.3,1.7,3.2,0.1,0.5,78.0,32.1,0,2015
LeBron James,30.0,CLE,2493.0,25.9,0.577,10.4,7.1,5.7,25.3,7.4,6.0,0.7,1.6,69.0,36.1,0,2015
Draymond Green,24.0,GSW,2490.0,16.4,0.54,8.5,3.5,3.5,11.7,3.7,8.2,1.3,1.6,79.0,31.5,0,2015
Elfrid Payton,20.0,ORL,2489.0,13.8,0.456,2.3,-1.2,0.5,8.9,6.5,4.3,0.2,1.7,82.0,30.4,0,2015
Wilson Chandler,27.0,DEN,2471.0,13.2,0.523,3.6,-0.6,0.9,13.9,1.7,6.1,0.4,0.7,78.0,31.7,0,2015
Klay Thompson,24.0,GSW,2455.0,20.8,0.591,8.8,4.4,4.0,21.7,2.9,3.2,0.8,1.1,77.0,31.9,0,2015
Anthony Davis,21.0,NOP,2455.0,30.8,0.591,14.0,8.9,6.7,24.4,2.2,10.2,2.9,1.5,68.0,36.1,0,2015
Jeff Green,28.0,2TM,2454.0,14.4,0.534,5.2,-0.2,1.2,15.0,1.7,4.2,0.4,0.7,78.0,31.5,0,2015
Marcin Gortat,30.0,WAS,2453.0,18.2,0.587,8.6,1.5,2.1,12.2,1.2,8.7,1.3,0.6,82.0,29.9,0,2015
Thaddeus Young,26.0,2TM,2434.0,15.7,0.507,3.1,-0.1,1.1,14.1,2.3,5.4,0.3,1.6,76.0,32.0,0,2015
Avery Bradley,24.0,BOS,2428.0,11.5,0.507,2.5,-2.2,-0.1,13.9,1.8,3.1,0.2,1.1,77.0,31.5,0,2015
Luol Deng,29.0,MIA,2421.0,15.5,0.561,5.4,0.0,1.2,14.0,1.9,5.2,0.3,0.9,72.0,33.6,0,2015
Kyle Korver,33.0,ATL,2418.0,14.8,0.699,7.5,2.8,3.0,12.1,2.6,4.1,0.6,0.7,75.0,32.2,0,2015
Kyle Lowry,28.0,TOR,2414.0,19.3,0.527,7.1,3.0,3.1,17.8,6.8,4.7,0.2,1.6,70.0,34.5,0,2015
JJ Redick,30.0,LAC,2409.0,16.2,0.622,6.7,1.3,2.0,16.4,1.8,2.1,0.1,0.5,78.0,30.9,0,2015
Rudy Gay,28.0,SAC,2408.0,19.7,0.556,6.1,2.7,2.9,21.1,3.7,5.9,0.6,1.0,68.0,35.4,0,2015
Paul Millsap,29.0,ATL,2390.0,20.0,0.565,8.3,3.4,3.3,16.7,3.1,7.8,0.9,1.8,73.0,32.7,0,2015
P.J. Tucker,29.0,PHO,2383.0,12.5,0.541,4.9,0.4,1.4,9.1,1.6,6.4,0.3,1.4,78.0,30.6,0,2015
Solomon Hill,23.0,IND,2381.0,10.2,0.507,3.5,-1.5,0.3,8.9,2.2,3.8,0.2,0.8,82.0,29.0,0,2015
Nicolas Batum,26.0,POR,2380.0,13.1,0.516,5.2,2.1,2.4,9.4,4.8,5.9,0.6,1.1,71.0,33.5,0,2015
Khris Middleton,23.0,MIL,2378.0,15.6,0.563,6.7,1.6,2.2,13.4,2.3,4.4,0.1,1.5,79.0,30.1,0,2015
Tobias Harris,22.0,ORL,2369.0,16.7,0.551,4.8,0.5,1.5,17.1,1.8,6.3,0.5,1.0,68.0,34.8,0,2015
Mario Chalmers,28.0,MIA,2368.0,11.7,0.521,2.8,-2.5,-0.3,10.2,3.8,2.6,0.1,1.5,80.0,29.6,0,2015
Blake Griffin,25.0,LAC,2356.0,22.8,0.551,9.0,4.0,3.6,21.9,5.3,7.6,0.5,0.9,67.0,35.2,0,2015
Courtney Lee,29.0,MEM,2354.0,11.5,0.555,4.8,-0.5,0.9,10.1,2.0,2.3,0.2,1.0,77.0,30.6,0,2015
Harrison Barnes,22.0,GSW,2318.0,13.4,0.573,6.7,0.1,1.2,10.1,1.4,5.5,0.2,0.7,82.0,28.3,0,2015
Al Horford,28.0,ATL,2318.0,21.4,0.563,8.7,4.1,3.6,15.2,3.2,7.2,1.3,0.9,76.0,30.5,0,2015
Gerald Henderson,27.0,CHO,2315.0,13.2,0.514,3.6,-1.4,0.4,12.1,2.6,3.4,0.3,0.6,80.0,28.9,0,2015
Danny Green,27.0,SAS,2312.0,16.5,0.596,7.8,4.6,3.8,11.7,2.0,4.2,1.1,1.2,81.0,28.5,0,2015
Nerlens Noel,20.0,PHI,2311.0,15.0,0.493,4.0,-0.3,1.0,9.9,1.7,8.1,1.9,1.8,75.0,30.8,0,2015
Zach Randolph,33.0,MEM,2304.0,19.5,0.538,7.2,1.3,1.9,16.1,2.2,10.5,0.2,1.0,71.0,32.5,0,2015
Russell Westbrook,26.0,OKC,2302.0,29.1,0.536,10.6,8.1,5.8,28.1,8.6,7.3,0.2,2.1,67.0,34.4,0,2015
Josh Smith,29.0,2TM,2300.0,14.9,0.467,2.3,0.7,1.6,12.4,3.3,6.4,1.4,1.0,83.0,27.7,0,2015
Trey Burke,22.0,UTA,2288.0,12.6,0.455,2.4,-1.4,0.3,12.8,4.3,2.7,0.2,0.9,76.0,30.1,0,2015
Tyson Chandler,32.0,DAL,2286.0,20.1,0.697,10.3,2.6,2.7,10.3,1.1,11.5,1.2,0.6,75.0,30.5,0,2015
Dirk Nowitzki,36.0,DAL,2282.0,19.2,0.56,7.2,2.2,2.4,17.3,1.9,5.9,0.4,0.5,77.0,29.6,0,2015
Derrick Favors,23.0,UTA,2280.0,21.8,0.558,8.3,2.5,2.6,16.0,1.5,8.2,1.7,0.8,74.0,30.8,0,2015
Matt Barnes,34.0,LAC,2271.0,11.3,0.574,4.3,-0.3,1.0,10.1,1.5,4.0,0.7,0.9,76.0,29.9,0,2015
Reggie Jackson,24.0,2TM,2268.0,17.2,0.511,4.9,1.1,1.8,14.5,6.0,4.2,0.1,0.8,77.0,29.5,0,2015
Evan Turner,26.0,BOS,2260.0,12.8,0.482,2.5,-1.0,0.6,9.5,5.5,5.1,0.2,1.0,82.0,27.6,0,2015
Wesley Johnson,27.0,LAL,2245.0,11.1,0.509,1.7,-1.9,0.1,9.9,1.6,4.2,0.6,0.8,76.0,29.5,0,2015
Jarrett Jack,31.0,BRK,2241.0,14.6,0.522,2.6,-1.1,0.5,12.0,4.7,3.1,0.2,0.9,80.0,28.0,0,2015
Jeff Teague,26.0,ATL,2228.0,20.6,0.566,7.7,2.9,2.8,15.9,7.0,2.5,0.4,1.7,73.0,30.5,0,2015
Tim Duncan,38.0,SAS,2227.0,22.6,0.56,9.6,5.1,4.0,13.9,3.0,9.1,2.0,0.8,77.0,28.9,0,2015
Mike Conley,27.0,MEM,2225.0,18.6,0.558,6.8,2.8,2.7,15.8,5.4,3.0,0.2,1.3,70.0,31.8,0,2015
Dion Waiters,23.0,2TM,2208.0,10.9,0.46,1.1,-3.3,-0.7,11.8,2.0,2.4,0.3,1.1,80.0,27.6,0,2015
Tristan Thompson,23.0,CLE,2194.0,15.6,0.58,6.8,-1.2,0.4,8.5,0.5,8.0,0.7,0.4,82.0,26.8,0,2015
Gorgui Dieng,25.0,MIN,2193.0,17.2,0.573,4.9,0.2,1.2,9.7,2.0,8.3,1.7,1.0,73.0,30.0,0,2015
DeMarre Carroll,28.0,ATL,2189.0,15.9,0.603,7.0,1.7,2.0,12.6,1.7,5.3,0.2,1.3,70.0,31.3,0,2015
Chandler Parsons,26.0,DAL,2186.0,16.3,0.567,5.5,1.6,2.0,15.7,2.4,4.9,0.3,1.0,66.0,33.1,0,2015
Rudy Gobert,22.0,UTA,2158.0,21.6,0.627,9.3,4.2,3.4,8.4,1.3,9.5,2.3,0.8,82.0,26.3,0,2015
Patrick Patterson,25.0,TOR,2156.0,14.6,0.568,6.1,2.5,2.4,8.0,1.9,5.3,0.5,0.7,81.0,26.6,0,2015
Michael Carter-Williams,23.0,2TM,2149.0,14.1,0.461,0.8,-1.1,0.5,14.6,6.7,5.3,0.5,1.7,66.0,32.6,0,2015
Greg Monroe,24.0,DET,2137.0,21.2,0.549,6.8,2.0,2.1,15.9,2.1,10.2,0.5,1.1,69.0,31.0,0,2015
Enes Freedom,22.0,2TM,2135.0,20.3,0.564,6.4,-0.9,0.6,15.5,0.7,8.9,0.4,0.5,75.0,28.5,0,2015
Kemba Walker,24.0,CHO,2119.0,17.6,0.486,4.5,2.3,2.3,17.3,5.1,3.5,0.5,1.4,62.0,34.2,0,2015
Serge Ibaka,25.0,OKC,2116.0,16.6,0.549,5.6,0.9,1.6,14.3,0.9,7.8,2.4,0.5,64.0,33.1,0,2015
Deron Williams,30.0,BRK,2114.0,15.7,0.504,3.6,0.2,1.2,13.0,6.6,3.5,0.3,0.9,68.0,31.1,0,2015
Bradley Beal,21.0,WAS,2107.0,14.0,0.521,3.7,0.1,1.1,15.3,3.1,3.8,0.3,1.2,63.0,33.4,0,2015
Brook Lopez,26.0,BRK,2100.0,22.7,0.558,7.0,1.2,1.6,17.2,0.7,7.4,1.8,0.6,72.0,29.2,0,2015
DeMar DeRozan,25.0,TOR,2100.0,17.4,0.51,4.0,-0.9,0.6,20.1,3.5,4.6,0.2,1.2,60.0,35.0,0,2015
Jonas Valančiūnas,22.0,TOR,2096.0,20.6,0.623,8.2,0.5,1.3,12.0,0.5,8.7,1.2,0.4,80.0,26.2,0,2015
Terrence Ross,23.0,TOR,2092.0,11.2,0.519,2.4,-1.4,0.3,9.8,1.0,2.8,0.3,0.6,82.0,25.5,0,2015
Corey Brewer,28.0,2TM,2087.0,13.9,0.507,3.1,-1.0,0.5,11.5,2.2,3.7,0.2,1.4,80.0,26.1,0,2015
Kenneth Faried,25.0,DEN,2086.0,18.4,0.548,5.6,-0.1,1.0,12.6,1.2,8.9,0.8,0.8,75.0,27.8,0,2015
J.R. Smith,29.0,2TM,2080.0,13.6,0.538,3.7,0.7,1.5,12.1,2.8,3.1,0.3,1.2,70.0,29.7,0,2015
Andre Iguodala,31.0,GSW,2069.0,12.3,0.553,5.1,0.9,1.5,7.8,3.0,3.3,0.3,1.2,77.0,26.9,0,2015
Joakim Noah,29.0,CHI,2049.0,15.3,0.482,5.6,2.1,2.1,7.2,4.7,9.6,1.1,0.7,67.0,30.6,0,2015
Marcus Morris,25.0,PHO,2045.0,13.7,0.52,4.0,0.1,1.1,10.4,1.6,4.8,0.2,0.8,81.0,25.2,0,2015
Timofey Mozgov,28.0,2TM,2045.0,16.6,0.594,5.7,-0.7,0.7,9.7,0.7,7.3,1.2,0.4,81.0,25.2,0,2015
Donatas Motiejūnas,24.0,HOU,2037.0,14.4,0.553,4.7,-0.5,0.8,12.0,1.8,5.9,0.5,0.8,71.0,28.7,0,2015
Marvin Williams,28.0,CHO,2035.0,11.8,0.541,4.3,0.0,1.0,7.4,1.3,4.9,0.5,0.9,78.0,26.1,0,2015
Brandon Knight,23.0,2TM,2035.0,17.1,0.543,4.5,1.6,1.9,17.0,5.2,3.9,0.2,1.4,63.0,32.3,0,2015
Kawhi Leonard,23.0,SAS,2033.0,22.0,0.567,8.6,5.9,4.1,16.5,2.5,7.2,0.8,2.3,64.0,31.8,0,2015
Wesley Matthews,28.0,POR,2024.0,16.1,0.586,6.2,3.1,2.6,15.9,2.3,3.7,0.2,1.3,60.0,33.7,0,2015
Eric Gordon,26.0,NOP,2018.0,12.7,0.544,2.9,-1.0,0.5,13.4,3.8,2.6,0.2,0.8,61.0,33.1,0,2015
Rajon Rondo,28.0,2TM,2018.0,13.5,0.448,1.6,-0.8,0.6,8.9,7.9,5.5,0.1,1.3,68.0,29.7,0,2015
Lou Williams,28.0,TOR,2016.0,19.9,0.564,6.6,2.6,2.3,15.5,2.1,1.9,0.1,1.1,80.0,25.2,0,2015
DeMarcus Cousins,24.0,SAC,2013.0,25.2,0.545,6.0,4.3,3.2,24.1,3.6,12.7,1.7,1.5,59.0,34.1,0,2015
Al Jefferson,30.0,CHO,1992.0,19.7,0.5,4.7,1.6,1.8,16.6,1.7,8.4,1.3,0.7,65.0,30.6,0,2015
Greivis Vásquez,28.0,TOR,1991.0,12.6,0.514,2.8,-1.0,0.5,9.5,3.7,2.6,0.1,0.6,82.0,24.3,0,2015
Jason Thompson,28.0,SAC,1991.0,10.2,0.5,2.4,-2.8,-0.4,6.1,1.0,6.5,0.7,0.4,81.0,24.6,0,2015
Boris Diaw,32.0,SAS,1984.0,12.7,0.526,3.6,-0.4,0.8,8.7,2.9,4.3,0.3,0.4,81.0,24.5,0,2015
Ömer Aşık,28.0,NOP,1982.0,15.5,0.545,5.0,-1.2,0.4,7.3,0.9,9.8,0.7,0.4,76.0,26.1,0,2015
Mo Williams,32.0,2TM,1980.0,15.4,0.512,2.1,-0.8,0.6,14.2,6.2,2.6,0.2,0.7,68.0,29.1,0,2015
Amir Johnson,27.0,TOR,1979.0,15.4,0.603,5.1,-0.1,0.9,9.3,1.6,6.1,0.8,0.6,75.0,26.4,0,2015
Dwyane Wade,33.0,MIA,1971.0,21.4,0.534,3.5,2.1,2.1,21.5,4.8,3.5,0.3,1.2,62.0,31.8,0,2015
D.J. Augustin,27.0,2TM,1964.0,13.9,0.527,3.4,-1.2,0.4,9.5,4.3,2.0,0.0,0.6,82.0,24.0,0,2015
Robert Covington,24.0,PHI,1956.0,14.7,0.554,4.0,0.7,1.3,13.5,1.5,4.5,0.4,1.4,70.0,27.9,0,2015
Tony Parker,32.0,SAS,1953.0,15.9,0.539,4.1,-1.3,0.3,14.4,4.9,1.9,0.0,0.6,68.0,28.7,0,2015
Brandon Bass,29.0,BOS,1929.0,16.3,0.557,5.3,0.0,1.0,10.6,1.3,4.9,0.4,0.5,82.0,23.5,0,2015
Roy Hibbert,28.0,IND,1926.0,15.4,0.501,4.2,-1.2,0.4,10.6,1.1,7.1,1.6,0.2,76.0,25.3,0,2015
Luc Mbah a Moute,28.0,PHI,1916.0,10.6,0.466,1.1,-2.8,-0.4,9.9,1.6,4.9,0.3,1.2,67.0,28.6,0,2015
Paul Pierce,37.0,WAS,1914.0,15.2,0.58,5.5,1.5,1.7,11.9,2.0,4.0,0.3,0.6,73.0,26.2,0,2015
Jeremy Lin,26.0,LAL,1907.0,15.6,0.539,2.7,-0.4,0.8,11.2,4.6,2.6,0.4,1.1,74.0,25.8,0,2015
Zach LaVine,19.0,MIN,1902.0,11.3,0.515,-0.7,-4.6,-1.3,10.1,3.6,2.8,0.1,0.7,77.0,24.7,0,2015
David West,34.0,IND,1895.0,16.0,0.508,4.3,1.6,1.7,11.7,3.4,6.8,0.7,0.7,66.0,28.7,0,2015
Aaron Brooks,30.0,CHI,1885.0,14.4,0.534,3.3,-0.8,0.5,11.6,3.2,2.0,0.2,0.7,82.0,23.0,0,2015
Rodney Stuckey,28.0,IND,1874.0,15.4,0.528,4.0,0.3,1.1,12.6,3.1,3.5,0.1,0.8,71.0,26.4,0,2015
Jordan Hill,27.0,LAL,1874.0,16.2,0.494,2.2,-2.2,-0.1,12.0,1.5,7.9,0.7,0.5,70.0,26.8,0,2015
Channing Frye,31.0,ORL,1870.0,9.5,0.546,2.1,-1.5,0.2,7.3,1.3,3.9,0.5,0.6,75.0,24.9,0,2015
Shane Larkin,22.0,NYK,1865.0,10.9,0.504,1.7,-2.8,-0.4,6.2,3.0,2.3,0.1,1.2,76.0,24.5,0,2015
Bojan Bogdanović,25.0,BRK,1854.0,11.6,0.562,2.4,-1.7,0.1,9.0,0.9,2.7,0.1,0.4,78.0,23.8,0,2015
C.J. Miles,27.0,IND,1841.0,14.1,0.525,3.6,0.9,1.3,13.5,1.1,3.1,0.4,0.9,70.0,26.3,0,2015
Ed Davis,25.0,LAL,1840.0,20.0,0.594,6.3,1.5,1.6,8.3,1.2,7.6,1.2,0.6,79.0,23.3,0,2015
Mike Dunleavy,34.0,CHI,1838.0,11.6,0.573,4.1,0.0,0.9,9.4,1.8,3.9,0.3,0.6,63.0,29.2,0,2015
Norris Cole,26.0,2TM,1831.0,10.9,0.483,1.4,-2.8,-0.4,7.6,3.4,2.1,0.2,0.8,75.0,24.4,0,2015
Danté Exum,19.0,UTA,1817.0,5.7,0.457,-0.1,-4.3,-1.1,4.8,2.4,1.6,0.2,0.5,82.0,22.2,0,2015
Marcus Smart,20.0,BOS,1808.0,11.0,0.491,2.9,-0.5,0.7,7.8,3.1,3.3,0.3,1.5,67.0,27.0,0,2015
Anthony Morrow,29.0,OKC,1806.0,14.8,0.604,5.7,1.8,1.7,10.7,0.8,2.6,0.1,0.7,74.0,24.4,0,2015
Quincy Pondexter,26.0,2TM,1793.0,9.9,0.55,2.9,-2.1,0.0,7.2,1.3,2.6,0.3,0.3,75.0,23.9,0,2015
Jason Smith,28.0,NYK,1785.0,12.0,0.497,1.2,-3.8,-0.8,8.0,1.7,4.0,0.5,0.4,82.0,21.8,0,2015
Hollis Thompson,23.0,PHI,1776.0,10.9,0.538,2.6,-1.8,0.1,8.8,1.2,2.8,0.4,0.8,71.0,25.0,0,2015
Steven Adams,21.0,OKC,1771.0,14.1,0.549,4.1,-1.3,0.3,7.7,0.9,7.5,1.2,0.5,70.0,25.3,0,2015
Alan Anderson,32.0,BRK,1744.0,10.6,0.563,2.7,-1.5,0.2,7.4,1.1,2.8,0.1,0.8,74.0,23.6,0,2015
Mason Plumlee,24.0,BRK,1743.0,18.0,0.57,4.8,0.1,0.9,8.7,0.9,6.2,0.8,0.8,82.0,21.3,0,2015
Kyle Singler,26.0,2TM,1743.0,8.5,0.512,2.0,-2.1,0.0,6.0,1.1,2.4,0.3,0.6,80.0,21.8,0,2015
Tyler Zeller,25.0,BOS,1731.0,18.9,0.594,6.5,0.9,1.3,10.2,1.4,5.7,0.6,0.2,82.0,21.1,0,2015
Zaza Pachulia,30.0,MIL,1730.0,15.6,0.506,4.2,0.4,1.0,8.3,2.4,6.8,0.3,1.1,73.0,23.7,0,2015
Patrick Beverley,26.0,HOU,1727.0,11.3,0.509,3.5,0.1,0.9,10.1,3.4,4.2,0.4,1.1,56.0,30.8,0,2015
Isaiah Thomas,25.0,2TM,1726.0,20.6,0.579,6.1,3.2,2.3,16.4,4.2,2.3,0.1,0.9,67.0,25.8,0,2015
Jerryd Bayless,26.0,MIL,1717.0,11.1,0.519,2.4,-2.1,0.0,7.8,3.0,2.7,0.2,0.8,77.0,22.3,0,2015
Jared Dudley,29.0,MIL,1717.0,12.3,0.572,4.1,0.6,1.1,7.2,1.8,3.1,0.2,1.0,72.0,23.8,0,2015
Jamal Crawford,34.0,LAC,1703.0,16.6,0.532,3.6,0.7,1.2,15.8,2.5,1.9,0.2,0.9,64.0,26.6,0,2015
O.J. Mayo,27.0,MIL,1697.0,13.5,0.529,2.8,-0.6,0.6,11.4,2.8,2.6,0.3,0.8,71.0,23.9,0,2015
Nenê,32.0,WAS,1693.0,14.3,0.534,3.0,-0.8,0.5,11.0,1.8,5.1,0.3,1.0,67.0,25.3,0,2015
Carlos Boozer,33.0,LAL,1692.0,16.4,0.517,2.2,-1.7,0.1,11.8,1.3,6.8,0.2,0.6,71.0,23.8,0,2015
Taj Gibson,29.0,CHI,1692.0,16.1,0.545,4.8,-0.4,0.7,10.3,1.1,6.4,1.2,0.6,62.0,27.3,0,2015
Devin Harris,31.0,DAL,1685.0,14.8,0.559,4.2,1.4,1.4,8.8,3.1,1.8,0.2,1.0,76.0,22.2,0,2015
Tim Hardaway Jr.,22.0,NYK,1681.0,12.1,0.512,0.8,-2.8,-0.3,11.5,1.8,2.2,0.2,0.3,70.0,24.0,0,2015
Wayne Ellington,27.0,LAL,1675.0,11.6,0.504,1.2,-2.3,-0.1,10.0,1.6,3.2,0.0,0.5,65.0,25.8,0,2015
Ryan Anderson,26.0,NOP,1675.0,15.6,0.524,3.5,-0.3,0.7,13.7,0.9,4.8,0.3,0.5,61.0,27.5,0,2015
Joe Ingles,27.0,UTA,1673.0,9.6,0.533,2.2,-1.2,0.3,5.0,2.3,2.2,0.1,0.9,79.0,21.2,0,2015
Evan Fournier,22.0,ORL,1661.0,12.4,0.546,2.1,-1.8,0.1,12.0,2.1,2.6,0.0,0.7,58.0,28.6,0,2015
Luis Scola,34.0,IND,1659.0,16.8,0.515,4.4,-0.3,0.7,9.4,1.3,6.5,0.2,0.6,81.0,20.5,0,2015
Nikola Mirotić,23.0,CHI,1654.0,17.9,0.556,5.7,2.3,1.8,10.2,1.2,4.9,0.7,0.7,82.0,20.2,0,2015
Dante Cunningham,27.0,NOP,1652.0,8.9,0.473,1.6,-2.5,-0.2,5.2,0.8,3.9,0.6,0.7,66.0,25.0,0,2015
Tony Allen,33.0,MEM,1648.0,14.6,0.528,4.1,1.6,1.5,8.6,1.4,4.4,0.5,2.0,63.0,26.2,0,2015
Jae Crowder,24.0,2TM,1647.0,13.9,0.517,3.9,0.5,1.0,7.7,1.1,3.6,0.3,0.9,82.0,20.1,0,2015
Jason Terry,37.0,HOU,1641.0,11.4,0.579,3.6,0.5,1.0,7.0,1.9,1.6,0.2,0.9,77.0,21.3,0,2015
Robin Lopez,26.0,POR,1638.0,16.2,0.574,5.1,0.1,0.9,9.6,0.9,6.7,1.4,0.3,59.0,27.8,0,2015
Caron Butler,34.0,DET,1623.0,9.3,0.544,2.4,-1.7,0.1,5.9,1.0,2.5,0.1,0.6,78.0,20.8,0,2015
Kirk Hinrich,34.0,CHI,1610.0,6.8,0.468,1.0,-3.8,-0.7,5.7,2.2,1.8,0.2,0.7,66.0,24.4,0,2015
Manu Ginóbili,37.0,SAS,1587.0,16.2,0.544,3.7,1.7,1.5,10.5,4.2,3.0,0.3,1.0,70.0,22.7,0,2015
Michael Kidd-Gilchrist,21.0,CHO,1587.0,15.1,0.519,3.8,-0.5,0.6,10.9,1.4,7.6,0.7,0.5,55.0,28.9,0,2015
Andrew Bogut,30.0,GSW,1583.0,15.8,0.565,5.2,2.4,1.8,6.3,2.7,8.1,1.7,0.6,67.0,23.6,0,2015
Lance Stephenson,24.0,CHO,1573.0,8.8,0.419,-0.9,-4.5,-1.0,8.2,3.9,4.5,0.1,0.6,61.0,25.8,0,2015
Jared Sullinger,22.0,BOS,1566.0,17.9,0.503,4.0,1.1,1.2,13.3,2.3,7.6,0.7,0.8,58.0,27.0,0,2015
Darren Collison,27.0,SAC,1565.0,17.5,0.575,3.8,2.1,1.6,16.1,5.6,3.2,0.3,1.5,45.0,34.8,0,2015
Trevor Booker,27.0,UTA,1564.0,15.3,0.536,3.6,-0.2,0.7,7.2,1.1,5.0,0.5,0.5,79.0,19.8,0,2015
Austin Rivers,22.0,2TM,1563.0,10.3,0.481,1.5,-2.8,-0.3,7.0,2.0,2.0,0.2,0.6,76.0,20.6,0,2015
James Harden,26.0,HOU,3125.0,25.3,0.598,13.3,6.6,6.8,29.0,7.5,6.1,0.6,1.7,82.0,38.1,0,2016
Gordon Hayward,25.0,UTA,2893.0,18.3,0.559,8.9,2.6,3.3,19.7,3.7,5.0,0.3,1.2,80.0,36.2,0,2016
Kemba Walker,25.0,CHO,2885.0,20.8,0.554,9.9,4.0,4.3,20.9,5.2,4.4,0.5,1.6,81.0,35.6,0,2016
Trevor Ariza,30.0,HOU,2859.0,12.9,0.551,5.4,0.4,1.7,12.7,2.3,4.5,0.3,2.0,81.0,35.3,0,2016
Marcus Morris,26.0,DET,2856.0,12.7,0.531,5.4,-0.2,1.3,14.1,2.5,5.1,0.3,0.8,80.0,35.7,0,2016
Khris Middleton,24.0,MIL,2852.0,16.8,0.56,6.1,0.6,1.9,18.2,4.2,3.8,0.2,1.7,79.0,36.1,0,2016
Kyle Lowry,29.0,TOR,2851.0,22.2,0.578,11.6,5.8,5.7,21.2,6.4,4.7,0.4,2.1,77.0,37.0,0,2016
Andrew Wiggins,20.0,MIN,2845.0,16.5,0.543,4.1,-1.3,0.5,20.7,2.0,3.6,0.6,1.0,81.0,35.1,0,2016
Giannis Antetokounmpo,21.0,MIL,2823.0,18.8,0.566,7.1,2.1,2.9,16.9,4.3,7.7,1.4,1.2,80.0,35.3,0,2016
Paul George,25.0,IND,2819.0,20.9,0.557,9.2,4.9,4.9,23.1,4.1,7.0,0.4,1.9,81.0,34.8,0,2016
Draymond Green,25.0,GSW,2808.0,19.3,0.587,11.1,5.5,5.3,14.0,7.4,9.5,1.4,1.5,81.0,34.7,0,2016
DeMar DeRozan,26.0,TOR,2804.0,21.5,0.55,9.9,2.5,3.2,23.5,4.0,4.5,0.3,1.0,78.0,35.9,0,2016
Kentavious Caldwell-Pope,22.0,DET,2789.0,12.4,0.521,5.3,-0.3,1.2,14.5,1.8,3.7,0.2,1.4,76.0,36.7,0,2016
John Wall,25.0,WAS,2784.0,19.8,0.51,5.7,3.5,3.9,19.9,10.2,4.9,0.8,1.9,77.0,36.2,0,2016
CJ McCollum,24.0,POR,2780.0,17.7,0.544,6.0,1.3,2.3,20.8,4.3,3.2,0.3,1.2,80.0,34.8,0,2016
Russell Westbrook,27.0,OKC,2750.0,27.6,0.554,14.0,7.8,6.8,23.5,10.4,7.8,0.3,2.0,80.0,34.4,0,2016
Monta Ellis,30.0,IND,2734.0,13.7,0.504,4.3,0.1,1.5,13.8,4.7,3.3,0.5,1.9,81.0,33.8,0,2016
LeBron James,31.0,CLE,2709.0,27.5,0.588,13.6,9.0,7.5,25.3,6.8,7.4,0.6,1.4,76.0,35.6,0,2016
Joe Johnson,34.0,2TM,2703.0,12.0,0.538,2.7,-1.9,0.1,12.2,3.9,3.6,0.0,0.8,81.0,33.4,0,2016
Stephen Curry,27.0,GSW,2700.0,31.5,0.669,17.9,11.9,9.5,30.1,6.7,5.4,0.2,2.1,79.0,34.2,1,2016
Damian Lillard,25.0,POR,2676.0,22.2,0.56,9.2,4.4,4.3,25.1,6.8,4.0,0.4,0.9,75.0,35.7,0,2016
Andre Drummond,22.0,DET,2666.0,21.2,0.499,7.4,1.1,2.0,16.2,0.8,14.8,1.4,1.5,81.0,32.9,0,2016
Klay Thompson,25.0,GSW,2666.0,18.6,0.597,8.0,1.8,2.5,22.1,2.1,3.8,0.6,0.8,80.0,33.3,0,2016
Paul Millsap,30.0,ATL,2647.0,21.3,0.556,10.1,4.2,4.1,17.1,3.3,9.0,1.7,1.8,81.0,32.7,0,2016
Isaiah Thomas,26.0,BOS,2644.0,21.5,0.562,9.7,4.3,4.2,22.2,6.2,3.0,0.1,1.1,82.0,32.2,0,2016
Wesley Matthews,29.0,DAL,2644.0,10.9,0.532,3.7,-1.0,0.6,12.5,1.9,3.1,0.2,1.0,78.0,33.9,0,2016
Al Horford,29.0,ATL,2631.0,19.4,0.565,9.4,3.8,3.9,15.2,3.2,7.3,1.5,0.8,82.0,32.1,0,2016
Karl-Anthony Towns,20.0,MIN,2627.0,22.5,0.59,8.3,2.2,2.7,18.3,2.0,10.5,1.7,0.7,82.0,32.0,0,2016
DeAndre Jordan,27.0,LAC,2598.0,20.6,0.628,11.5,2.8,3.2,12.7,1.2,13.8,2.3,0.7,77.0,33.7,0,2016
Kevin Durant,27.0,OKC,2578.0,28.2,0.634,14.5,9.9,7.8,28.2,5.0,8.2,1.2,1.0,72.0,35.8,0,2016
Evan Fournier,23.0,ORL,2566.0,14.6,0.587,5.7,-0.3,1.1,15.4,2.7,2.8,0.0,1.2,79.0,32.5,0,2016
Jordan Clarkson,23.0,LAL,2552.0,14.3,0.516,2.1,-1.6,0.2,15.5,2.4,4.0,0.1,1.1,79.0,32.3,0,2016
Rodney Hood,23.0,UTA,2541.0,14.1,0.542,6.0,0.7,1.7,14.5,2.7,3.4,0.2,0.9,79.0,32.2,0,2016
P.J. Tucker,30.0,PHO,2540.0,10.8,0.506,3.5,-1.2,0.5,8.0,2.2,6.2,0.2,1.3,82.0,31.0,0,2016
Rajon Rondo,29.0,SAC,2537.0,16.9,0.506,4.6,1.0,1.9,11.9,11.7,6.0,0.1,2.0,72.0,35.2,0,2016
Avery Bradley,25.0,BOS,2536.0,13.2,0.538,4.8,-0.1,1.2,15.2,2.1,2.9,0.3,1.5,76.0,33.4,0,2016
Carmelo Anthony,31.0,NYK,2530.0,20.3,0.53,6.4,3.3,3.4,21.8,4.2,7.7,0.5,0.9,72.0,35.1,0,2016
George Hill,29.0,IND,2524.0,13.2,0.555,6.2,0.7,1.7,12.1,3.5,4.0,0.2,1.1,74.0,34.1,0,2016
Tobias Harris,23.0,2TM,2513.0,16.2,0.56,6.6,1.5,2.2,14.7,2.2,6.7,0.5,0.9,76.0,33.1,0,2016
Serge Ibaka,26.0,OKC,2500.0,13.9,0.533,5.5,-0.6,0.8,12.6,0.8,6.8,1.9,0.5,78.0,32.1,0,2016
Jimmy Butler,26.0,CHI,2474.0,21.3,0.562,9.1,4.4,3.9,20.9,4.8,5.3,0.6,1.6,67.0,36.9,0,2016
Brook Lopez,27.0,BRK,2457.0,21.7,0.562,6.2,1.3,2.1,20.6,2.0,7.8,1.7,0.8,73.0,33.7,0,2016
Nicolas Batum,27.0,CHO,2448.0,15.6,0.546,5.0,1.2,2.0,14.9,5.8,6.1,0.6,0.9,70.0,35.0,0,2016
Gary Harris,21.0,DEN,2439.0,12.7,0.566,4.0,-0.9,0.7,12.3,1.9,2.9,0.2,1.3,76.0,32.1,0,2016
Reggie Jackson,25.0,DET,2424.0,19.6,0.535,6.9,2.7,2.8,18.8,6.2,3.2,0.1,0.7,79.0,30.7,0,2016
Kevin Love,27.0,CLE,2424.0,19.0,0.553,8.5,3.3,3.3,16.0,2.4,9.9,0.5,0.8,77.0,31.5,0,2016
Chris Paul,30.0,LAC,2420.0,26.2,0.575,12.7,7.9,6.0,19.5,10.0,4.2,0.2,2.1,74.0,32.7,0,2016
Jabari Parker,20.0,MIL,2408.0,14.8,0.535,3.6,-2.0,0.0,14.1,1.7,5.2,0.4,0.9,76.0,31.7,0,2016
Thaddeus Young,27.0,BRK,2407.0,17.5,0.533,4.1,0.0,1.2,15.1,1.9,9.0,0.5,1.5,73.0,33.0,0,2016
Kyle Korver,34.0,ATL,2401.0,9.7,0.578,4.1,-1.0,0.6,9.2,2.1,3.3,0.4,0.8,80.0,30.0,0,2016
Luol Deng,30.0,MIA,2394.0,15.0,0.549,6.4,0.8,1.7,12.3,1.9,6.0,0.4,1.0,74.0,32.4,0,2016
Kawhi Leonard,24.0,SAS,2380.0,26.0,0.616,13.7,9.1,6.7,21.2,2.6,6.8,1.0,1.8,72.0,33.1,0,2016
Victor Oladipo,23.0,ORL,2379.0,16.7,0.534,4.9,1.7,2.3,16.0,3.9,4.8,0.8,1.6,72.0,33.0,0,2016
Rudy Gay,29.0,SAC,2379.0,15.5,0.538,3.8,-0.3,1.0,17.2,1.7,6.5,0.7,1.4,70.0,34.0,0,2016
Arron Afflalo,30.0,NYK,2371.0,10.9,0.531,2.7,-2.9,-0.5,12.8,2.0,3.7,0.1,0.4,71.0,33.4,0,2016
Dirk Nowitzki,37.0,DAL,2364.0,19.0,0.555,6.8,2.5,2.7,18.3,1.8,6.5,0.7,0.7,75.0,31.5,0,2016
Goran Dragić,29.0,MIA,2363.0,15.5,0.537,4.7,-0.4,1.0,14.1,5.8,3.8,0.2,1.0,72.0,32.8,0,2016
J.R. Smith,30.0,CLE,2362.0,12.4,0.542,5.5,0.5,1.5,12.4,1.7,2.8,0.3,1.1,77.0,30.7,0,2016
Will Barton,25.0,DEN,2353.0,16.0,0.535,4.3,0.8,1.7,14.4,2.5,5.8,0.5,0.9,82.0,28.7,0,2016
Al-Farouq Aminu,25.0,POR,2341.0,12.7,0.533,4.0,0.1,1.2,10.2,1.7,6.1,0.6,0.9,82.0,28.5,0,2016
Marvin Williams,29.0,CHO,2338.0,16.9,0.585,7.8,2.7,2.7,11.7,1.4,6.4,1.0,0.7,81.0,28.9,0,2016
Courtney Lee,30.0,2TM,2334.0,11.5,0.551,3.9,-1.0,0.6,9.6,1.7,2.6,0.4,1.1,79.0,29.5,0,2016
Ricky Rubio,25.0,MIN,2323.0,17.6,0.529,5.8,1.8,2.3,10.1,8.7,4.3,0.1,2.1,76.0,30.6,0,2016
Greg Monroe,25.0,MIL,2314.0,21.8,0.562,7.5,2.1,2.4,15.3,2.3,8.8,0.8,0.9,79.0,29.3,0,2016
Jae Crowder,25.0,BOS,2308.0,15.8,0.565,7.3,2.2,2.5,14.2,1.8,5.1,0.5,1.7,73.0,31.6,0,2016
Zach LaVine,20.0,MIN,2294.0,14.3,0.548,2.6,-1.5,0.3,14.0,3.1,2.8,0.2,0.8,82.0,28.0,0,2016
Pau Gasol,35.0,CHI,2291.0,21.7,0.529,7.1,4.9,4.0,16.5,4.1,11.0,2.0,0.6,72.0,31.8,0,2016
Julius Randle,21.0,LAL,2286.0,13.9,0.482,1.6,-3.2,-0.7,11.3,1.8,10.2,0.4,0.7,81.0,28.2,0,2016
Dwight Howard,30.0,HOU,2280.0,18.9,0.604,6.6,0.1,1.2,13.7,1.4,11.8,1.6,1.0,71.0,32.1,0,2016
Otto Porter Jr.,22.0,WAS,2276.0,14.5,0.564,5.6,1.1,1.8,11.6,1.6,5.2,0.4,1.4,75.0,30.3,0,2016
Evan Turner,27.0,BOS,2271.0,13.6,0.513,4.0,0.0,1.1,10.5,4.4,4.9,0.3,1.0,81.0,28.0,0,2016
Tristan Thompson,24.0,CLE,2269.0,15.9,0.611,8.7,0.2,1.2,7.8,0.8,9.0,0.6,0.5,82.0,27.7,0,2016
LaMarcus Aldridge,30.0,SAS,2261.0,22.4,0.565,10.1,2.3,2.5,18.0,1.5,8.5,1.1,0.5,74.0,30.6,0,2016
D'Angelo Russell,19.0,LAL,2259.0,13.2,0.507,0.0,-2.3,-0.1,13.2,3.3,3.4,0.2,1.2,80.0,28.2,0,2016
Dwyane Wade,34.0,MIA,2258.0,20.3,0.517,4.9,1.9,2.2,19.0,4.6,4.1,0.6,1.1,74.0,30.5,0,2016
Marcin Gortat,31.0,WAS,2256.0,19.0,0.592,7.3,0.6,1.5,13.5,1.4,9.9,1.3,0.6,75.0,30.1,0,2016
Jeff Teague,27.0,ATL,2255.0,17.9,0.551,5.9,1.3,1.9,15.7,5.9,2.7,0.3,1.2,79.0,28.5,0,2016
Jeff Green,29.0,2TM,2253.0,13.0,0.51,3.1,-1.8,0.1,11.7,1.7,4.2,0.5,0.7,80.0,28.2,0,2016
DeMarcus Cousins,25.0,SAC,2246.0,23.6,0.538,5.7,3.3,3.0,26.9,3.3,11.5,1.4,1.6,65.0,34.6,0,2016
Ish Smith,27.0,2TM,2239.0,14.9,0.465,1.3,-1.6,0.2,12.6,6.5,4.0,0.3,1.1,77.0,29.1,0,2016
Justise Winslow,19.0,MIA,2232.0,8.4,0.489,2.5,-2.6,-0.3,6.4,1.5,5.2,0.3,0.9,78.0,28.6,0,2016
Gorgui Dieng,26.0,MIN,2220.0,17.1,0.601,5.9,0.8,1.5,10.1,1.7,7.1,1.2,1.1,82.0,27.1,0,2016
Robin Lopez,27.0,NYK,2219.0,17.6,0.574,5.8,-0.2,1.0,10.3,1.4,7.3,1.6,0.2,82.0,27.1,0,2016
Darren Collison,28.0,SAC,2219.0,15.9,0.591,5.2,0.1,1.2,14.0,4.3,2.3,0.1,1.0,74.0,30.0,0,2016
Raymond Felton,31.0,DAL,2192.0,11.9,0.502,2.7,-1.6,0.2,9.5,3.6,3.2,0.2,0.9,80.0,27.4,0,2016
Matt Barnes,35.0,MEM,2190.0,11.7,0.503,2.6,-0.9,0.6,10.0,2.1,5.5,0.8,1.0,76.0,28.8,0,2016
Anthony Davis,22.0,NOP,2164.0,25.0,0.559,7.2,3.9,3.2,24.3,1.9,10.3,2.0,1.3,61.0,35.5,0,2016
Hollis Thompson,24.0,PHI,2154.0,9.2,0.525,1.2,-3.4,-0.7,9.8,1.3,3.5,0.3,0.5,77.0,28.0,0,2016
Dion Waiters,24.0,OKC,2152.0,9.4,0.492,2.1,-2.8,-0.4,9.8,2.0,2.6,0.2,1.0,78.0,27.6,0,2016
Elfrid Payton,21.0,ORL,2145.0,13.9,0.478,2.2,-1.2,0.4,10.7,6.4,3.6,0.3,1.2,73.0,29.4,0,2016
Jamal Crawford,35.0,LAC,2126.0,14.0,0.529,3.3,-1.4,0.3,14.2,2.3,1.8,0.2,0.7,79.0,26.9,0,2016
Hassan Whiteside,26.0,MIA,2125.0,25.6,0.629,10.3,4.1,3.3,14.2,0.4,11.8,3.7,0.6,73.0,29.1,0,2016
Bojan Bogdanović,26.0,BRK,2115.0,10.7,0.55,0.9,-3.5,-0.8,11.2,1.3,3.2,0.1,0.4,79.0,26.8,0,2016
Devin Booker,19.0,PHO,2108.0,11.9,0.535,1.9,-2.8,-0.5,13.8,2.6,2.5,0.3,0.6,76.0,27.7,0,2016
Deron Williams,31.0,DAL,2106.0,14.6,0.53,3.7,-0.3,0.9,14.1,5.8,2.9,0.2,0.9,65.0,32.4,0,2016
Allen Crabbe,23.0,POR,2105.0,12.2,0.572,4.3,-1.0,0.5,10.3,1.2,2.7,0.2,0.8,81.0,26.0,0,2016
Jared Dudley,30.0,WAS,2098.0,11.7,0.602,4.6,-0.1,1.0,7.9,2.1,3.5,0.2,0.9,81.0,25.9,0,2016
JJ Redick,31.0,LAC,2097.0,17.5,0.632,6.7,2.2,2.2,16.3,1.4,1.9,0.1,0.6,75.0,28.0,0,2016
Derrick Rose,27.0,CHI,2097.0,13.4,0.479,0.4,-2.5,-0.3,16.4,4.7,3.4,0.2,0.7,66.0,31.8,0,2016
Mason Plumlee,25.0,POR,2084.0,17.2,0.564,6.1,1.5,1.9,9.1,2.8,7.7,1.0,0.8,82.0,25.4,0,2016
Kent Bazemore,26.0,ATL,2083.0,13.4,0.551,4.1,0.3,1.2,11.6,2.3,5.1,0.5,1.3,75.0,27.8,0,2016
Emmanuel Mudiay,19.0,DEN,2068.0,9.9,0.437,-2.1,-4.2,-1.2,12.8,5.5,3.4,0.5,1.0,68.0,30.4,0,2016
Jerami Grant,21.0,PHI,2066.0,12.6,0.506,2.1,-1.7,0.1,9.7,1.8,4.7,1.6,0.7,77.0,26.8,0,2016
Danny Green,28.0,SAS,2062.0,10.5,0.492,4.2,1.1,1.6,7.2,1.8,3.8,0.8,1.0,79.0,26.1,0,2016
Jeremy Lin,27.0,CHO,2048.0,13.8,0.534,3.5,-0.9,0.5,11.7,3.0,3.2,0.5,0.7,78.0,26.3,0,2016
Kristaps Porziņģis,20.0,NYK,2047.0,17.7,0.518,4.4,0.9,1.5,14.3,1.3,7.3,1.9,0.7,72.0,28.4,0,2016
Cory Joseph,24.0,TOR,2046.0,12.4,0.512,3.5,-1.2,0.4,8.5,3.1,2.6,0.3,0.8,80.0,25.6,0,2016
Harrison Barnes,23.0,GSW,2042.0,12.3,0.559,4.9,-1.3,0.3,11.7,1.8,4.9,0.2,0.6,66.0,30.9,0,2016
Patrick Beverley,27.0,HOU,2041.0,13.0,0.553,4.4,0.2,1.1,9.9,3.4,3.5,0.4,1.3,71.0,28.7,0,2016
Nikola Vučević,25.0,ORL,2037.0,21.1,0.531,5.2,1.9,2.0,18.2,2.8,8.9,1.1,0.8,65.0,31.3,0,2016
Langston Galloway,24.0,NYK,2033.0,11.7,0.49,3.3,-1.0,0.5,7.6,2.5,3.5,0.3,0.9,82.0,24.8,0,2016
José Calderón,34.0,NYK,2024.0,12.3,0.571,4.0,-0.6,0.7,7.6,4.1,3.2,0.1,0.9,72.0,28.1,0,2016
Patrick Patterson,26.0,TOR,2020.0,10.6,0.534,3.6,-0.1,1.0,6.9,1.2,4.3,0.4,0.7,79.0,25.6,0,2016
Zach Randolph,34.0,MEM,2016.0,18.3,0.519,4.3,-0.3,0.9,15.3,2.1,7.8,0.2,0.6,68.0,29.6,0,2016
Steven Adams,22.0,OKC,2014.0,15.5,0.621,6.5,0.2,1.1,8.0,0.8,6.7,1.1,0.5,80.0,25.2,0,2016
Ryan Anderson,27.0,NOP,2008.0,17.2,0.546,3.9,-0.2,0.9,17.0,1.1,6.0,0.4,0.6,66.0,30.4,0,2016
Zaza Pachulia,31.0,DAL,2004.0,16.2,0.55,6.0,-0.2,0.9,8.6,1.7,9.4,0.3,0.8,76.0,26.4,0,2016
Derrick Favors,24.0,UTA,1983.0,21.6,0.551,7.1,3.3,2.6,16.4,1.5,8.1,1.5,1.2,62.0,32.0,0,2016
Tony Parker,33.0,SAS,1980.0,16.2,0.546,5.8,0.4,1.2,11.9,5.3,2.4,0.2,0.8,72.0,27.5,0,2016
Dante Cunningham,28.0,NOP,1971.0,8.6,0.54,2.1,-2.8,-0.4,6.1,1.0,3.0,0.4,0.5,80.0,24.6,0,2016
Isaiah Canaan,24.0,PHI,1966.0,11.1,0.528,1.4,-2.4,-0.2,11.0,1.8,2.3,0.2,0.7,77.0,25.5,0,2016
Nerlens Noel,21.0,PHI,1965.0,16.2,0.544,3.0,-0.2,0.9,11.1,1.8,8.1,1.5,1.8,67.0,29.3,0,2016
Garrett Temple,29.0,WAS,1951.0,9.3,0.52,2.7,-2.1,0.0,7.3,1.8,2.7,0.2,0.9,80.0,24.4,0,2016
Taj Gibson,30.0,CHI,1936.0,15.7,0.556,5.4,0.0,1.0,8.6,1.5,6.9,1.1,0.6,73.0,26.5,0,2016
Rudy Gobert,23.0,UTA,1932.0,17.5,0.582,6.4,2.2,2.0,9.1,1.5,11.0,2.2,0.7,61.0,31.7,0,2016
Jared Sullinger,23.0,BOS,1915.0,16.7,0.476,4.8,0.6,1.3,10.3,2.3,8.3,0.6,0.9,81.0,23.6,0,2016
Lou Williams,29.0,LAL,1907.0,17.7,0.584,4.7,1.3,1.6,15.3,2.5,2.5,0.3,0.9,67.0,28.5,0,2016
Robert Covington,25.0,PHI,1903.0,13.2,0.543,2.0,-0.9,0.5,12.8,1.4,6.3,0.6,1.6,67.0,28.4,0,2016
Ersan İlyasova,28.0,2TM,1881.0,14.2,0.526,4.4,-0.2,0.9,10.4,0.9,5.4,0.4,0.7,74.0,25.4,0,2016
Omri Casspi,27.0,SAC,1880.0,13.9,0.587,3.6,0.1,1.0,11.8,1.4,5.9,0.2,0.8,69.0,27.2,0,2016
Roy Hibbert,29.0,LAL,1878.0,11.2,0.507,2.2,-3.2,-0.6,5.9,1.2,4.9,1.4,0.4,81.0,23.2,0,2016
Brandon Knight,24.0,PHO,1870.0,14.7,0.522,1.7,-0.6,0.6,19.6,5.1,3.9,0.4,1.2,52.0,36.0,0,2016
Matthew Dellavedova,25.0,CLE,1867.0,11.3,0.527,3.8,-1.2,0.4,7.5,4.4,2.1,0.1,0.6,76.0,24.6,0,2016
Aaron Gordon,20.0,ORL,1863.0,17.0,0.541,5.4,1.0,1.4,9.2,1.6,6.5,0.7,0.8,78.0,23.9,0,2016
Kobe Bryant,37.0,LAL,1863.0,14.9,0.469,-0.4,-1.6,0.2,17.6,2.8,3.7,0.2,0.9,66.0,28.2,0,2016
Doug McDermott,24.0,CHI,1861.0,10.9,0.561,2.8,-2.9,-0.4,9.4,0.7,2.4,0.1,0.2,81.0,23.0,0,2016
Danilo Gallinari,27.0,DEN,1839.0,19.0,0.582,6.3,2.7,2.2,19.5,2.5,5.3,0.4,0.8,53.0,34.7,0,2016
Jrue Holiday,25.0,NOP,1831.0,19.7,0.529,3.4,2.1,1.9,16.8,6.0,3.0,0.3,1.4,65.0,28.2,0,2016
Alex Len,22.0,PHO,1821.0,12.4,0.482,1.3,-4.3,-1.0,9.0,1.2,7.6,0.8,0.5,78.0,23.3,0,2016
Ian Mahinmi,29.0,IND,1816.0,16.6,0.603,6.2,0.9,1.4,9.3,1.5,7.1,1.1,0.9,71.0,25.6,0,2016
Nik Stauskas,22.0,PHI,1809.0,9.2,0.517,0.5,-3.8,-0.8,8.5,1.9,2.5,0.3,0.6,73.0,24.8,0,2016
Bismack Biyombo,23.0,TOR,1808.0,14.9,0.586,5.9,-0.2,0.8,5.5,0.4,8.0,1.6,0.2,82.0,22.0,0,2016
Amir Johnson,28.0,BOS,1800.0,16.0,0.602,5.9,1.2,1.4,7.3,1.7,6.4,1.1,0.7,79.0,22.8,0,2016
Chandler Parsons,27.0,DAL,1799.0,16.2,0.589,4.3,2.0,1.8,13.7,2.8,4.7,0.3,0.8,61.0,29.5,0,2016
Marc Gasol,31.0,MEM,1791.0,17.7,0.528,3.7,1.7,1.7,16.6,3.8,7.0,1.3,1.0,52.0,34.4,0,2016
Chris Bosh,31.0,MIA,1778.0,20.2,0.571,6.4,4.0,2.7,19.1,2.4,7.4,0.6,0.7,53.0,33.5,0,2016
Cody Zeller,23.0,CHO,1774.0,16.1,0.592,6.3,-0.1,0.9,8.7,1.0,6.2,0.9,0.8,73.0,24.3,0,2016
Mike Conley,28.0,MEM,1761.0,19.4,0.538,5.3,3.0,2.2,15.3,6.1,2.9,0.3,1.2,56.0,31.4,0,2016
Thabo Sefolosha,31.0,ATL,1758.0,12.4,0.578,4.5,0.8,1.3,6.4,1.4,4.5,0.5,1.1,75.0,23.4,0,2016
Shane Larkin,23.0,BRK,1751.0,13.3,0.515,1.4,-2.0,0.0,7.3,4.4,2.3,0.2,1.2,78.0,22.4,0,2016
Terrence Ross,24.0,TOR,1747.0,12.9,0.551,3.6,0.3,1.0,9.9,0.8,2.5,0.3,0.7,73.0,23.9,0,2016
Nikola Jokić,20.0,DEN,1733.0,21.5,0.582,6.7,3.9,2.6,10.0,2.4,7.0,0.6,1.0,80.0,21.7,0,2016
Andre Iguodala,32.0,GSW,1732.0,12.2,0.565,4.4,1.1,1.4,7.0,3.4,4.0,0.3,1.1,65.0,26.6,0,2016
Enes Freedom,23.0,OKC,1721.0,24.0,0.626,8.1,1.2,1.4,12.7,0.4,8.1,0.4,0.3,82.0,21.0,0,2016
Frank Kaminsky,22.0,CHO,1708.0,12.5,0.513,3.3,-0.8,0.5,7.5,1.2,4.1,0.5,0.5,81.0,21.1,0,2016
Bradley Beal,22.0,WAS,1708.0,15.5,0.547,2.7,0.3,1.0,17.4,2.9,3.4,0.2,1.0,55.0,31.1,0,2016
Kenneth Faried,26.0,DEN,1694.0,21.0,0.577,5.5,0.3,1.0,12.5,1.2,8.7,0.9,0.5,67.0,25.3,0,2016
Stanley Johnson,19.0,DET,1687.0,8.7,0.46,0.6,-3.3,-0.5,8.1,1.6,4.2,0.2,0.8,73.0,23.1,0,2016
Mirza Teletović,30.0,PHO,1686.0,16.2,0.571,3.8,1.3,1.4,12.2,1.1,3.8,0.3,0.4,79.0,21.3,0,2016
Ed Davis,26.0,POR,1684.0,18.7,0.616,6.7,1.9,1.6,6.5,1.1,7.4,0.9,0.7,81.0,20.8,0,2016
Shabazz Muhammad,23.0,MIN,1682.0,15.2,0.548,2.7,-2.5,-0.2,10.5,0.6,3.3,0.1,0.3,82.0,20.5,0,2016
Marco Belinelli,29.0,SAC,1672.0,9.4,0.5,0.5,-3.8,-0.8,10.2,1.9,1.7,0.0,0.5,68.0,24.6,0,2016
Corey Brewer,29.0,HOU,1669.0,9.9,0.481,1.2,-2.9,-0.4,7.2,1.3,2.4,0.2,1.0,82.0,20.4,0,2016
Ramon Sessions,29.0,WAS,1667.0,15.9,0.565,3.8,-0.3,0.7,9.9,2.9,2.5,0.1,0.6,82.0,20.3,0,2016
J.J. Barea,31.0,DAL,1667.0,15.4,0.536,2.8,0.0,0.9,10.9,4.1,2.1,0.0,0.4,74.0,22.5,0,2016
Marcus Smart,21.0,BOS,1667.0,11.3,0.463,2.9,-1.0,0.4,9.1,3.0,4.2,0.3,1.5,61.0,27.3,0,2016
Kyrie Irving,23.0,CLE,1667.0,19.9,0.54,5.0,2.3,1.8,19.6,4.7,3.0,0.3,1.1,53.0,31.5,0,2016
Wesley Johnson,28.0,LAC,1666.0,11.0,0.513,2.6,-0.2,0.8,6.9,0.6,3.1,0.7,1.1,80.0,20.8,0,2016
Patty Mills,27.0,SAS,1662.0,14.6,0.541,4.8,1.5,1.5,8.5,2.8,2.0,0.1,0.7,81.0,20.5,0,2016
Michael Carter-Williams,24.0,MIL,1649.0,13.9,0.497,1.2,-0.7,0.5,11.5,5.2,5.1,0.8,1.5,54.0,30.5,0,2016
Nikola Mirotić,24.0,CHI,1646.0,15.6,0.564,3.9,1.5,1.5,11.8,1.5,5.5,0.7,0.9,66.0,24.9,0,2016
Randy Foye,32.0,2TM,1642.0,7.6,0.461,0.4,-3.3,-0.5,5.9,2.0,1.9,0.4,0.5,81.0,20.3,0,2016
Luis Scola,35.0,TOR,1636.0,13.6,0.523,3.3,-1.1,0.4,8.7,0.9,4.7,0.4,0.6,76.0,21.5,0,2016
Trevor Booker,28.0,UTA,1632.0,14.4,0.533,4.3,0.0,0.8,5.9,1.1,5.7,0.5,0.7,79.0,20.7,0,2016
Alonzo Gee,28.0,NOP,1632.0,8.4,0.572,1.9,-2.6,-0.2,4.5,1.0,3.4,0.2,0.9,73.0,22.4,0,2016
Markieff Morris,26.0,2TM,1629.0,12.2,0.489,0.5,-2.4,-0.2,12.0,1.9,5.5,0.5,0.9,64.0,25.5,0,2016
Dennis Schröder,22.0,ATL,1621.0,15.5,0.51,2.2,-0.8,0.5,11.0,4.4,2.6,0.1,0.9,80.0,20.3,0,2016
Tony Allen,34.0,MEM,1620.0,12.9,0.505,2.4,-1.0,0.4,8.4,1.1,4.6,0.3,1.7,64.0,25.3,0,2016
Tyson Chandler,33.0,PHO,1618.0,14.7,0.606,3.8,-1.1,0.4,7.2,1.0,8.7,0.7,0.5,66.0,24.5,0,2016
Wayne Ellington,28.0,BRK,1615.0,10.1,0.498,0.8,-2.8,-0.3,7.7,1.1,2.3,0.1,0.6,76.0,21.3,0,2016
T.J. McConnell,23.0,PHI,1606.0,14.5,0.511,1.9,-1.2,0.3,6.1,4.5,3.1,0.1,1.2,81.0,19.8,0,2016
Lavoy Allen,26.0,IND,1599.0,12.4,0.532,3.7,-1.6,0.2,5.4,1.0,5.4,0.5,0.3,79.0,20.2,0,2016
Jahlil Okafor,20.0,PHI,1591.0,17.1,0.536,1.2,-2.3,-0.1,17.5,1.2,7.0,1.2,0.4,53.0,30.0,0,2016
Andrew Wiggins,21.0,MIN,3048.0,16.5,0.534,4.2,-1.7,0.2,23.6,2.3,4.0,0.4,1.0,82.0,37.2,0,2017
Karl-Anthony Towns,21.0,MIN,3030.0,25.9,0.618,12.7,4.7,5.2,25.1,2.7,12.3,1.3,0.7,82.0,37.0,0,2017
James Harden,27.0,HOU,2947.0,27.4,0.613,15.0,8.7,8.0,29.1,11.2,8.1,0.5,1.5,81.0,36.4,0,2017
Giannis Antetokounmpo,22.0,MIL,2845.0,26.1,0.599,12.4,7.3,6.7,22.9,5.4,8.8,1.9,1.6,80.0,35.6,0,2017
John Wall,26.0,WAS,2836.0,23.2,0.541,8.8,4.7,4.8,23.1,10.7,4.2,0.6,2.0,78.0,36.4,0,2017
Jimmy Butler,27.0,CHI,2809.0,25.1,0.586,13.8,7.3,6.6,23.9,5.5,6.2,0.4,1.9,76.0,37.0,0,2017
Harrison Barnes,24.0,DAL,2803.0,16.3,0.541,4.6,-0.8,0.8,19.2,1.5,5.0,0.2,0.8,79.0,35.5,0,2017
Russell Westbrook,28.0,OKC,2802.0,30.6,0.554,13.1,11.1,9.3,31.6,10.4,10.7,0.4,1.6,81.0,34.6,1,2017
CJ McCollum,25.0,POR,2796.0,19.9,0.585,7.6,2.0,2.8,23.0,3.6,3.6,0.5,0.9,80.0,35.0,0,2017
LeBron James,32.0,CLE,2794.0,27.0,0.619,12.9,7.6,6.7,26.4,8.7,8.6,0.6,1.2,74.0,37.8,0,2017
Trevor Ariza,31.0,HOU,2773.0,12.3,0.548,6.0,1.0,2.1,11.7,2.2,5.7,0.3,1.8,80.0,34.7,0,2017
Rudy Gobert,24.0,UTA,2744.0,23.3,0.681,14.3,4.4,4.4,14.0,1.2,12.8,2.6,0.6,81.0,33.9,0,2017
Kemba Walker,26.0,CHO,2739.0,21.3,0.569,8.1,4.1,4.2,23.2,5.5,3.9,0.3,1.1,79.0,34.7,0,2017
Devin Booker,20.0,PHO,2730.0,14.6,0.531,2.0,-1.9,0.1,22.1,3.4,3.2,0.3,0.9,78.0,35.0,0,2017
Anthony Davis,23.0,NOP,2708.0,27.5,0.58,11.0,5.9,5.4,28.0,2.1,11.8,2.2,1.3,75.0,36.1,0,2017
Damian Lillard,26.0,POR,2694.0,24.1,0.586,10.4,5.0,4.8,27.0,5.9,4.9,0.3,0.9,75.0,35.9,0,2017
Paul George,26.0,IND,2689.0,20.2,0.587,7.1,3.1,3.4,23.7,3.3,6.6,0.4,1.6,75.0,35.9,0,2017
Bradley Beal,23.0,WAS,2684.0,20.1,0.604,8.5,3.3,3.5,23.1,3.5,3.1,0.3,1.1,77.0,34.9,0,2017
Jeff Teague,28.0,IND,2657.0,19.2,0.574,8.1,2.2,2.8,15.3,7.8,4.0,0.4,1.2,82.0,32.4,0,2017
Gorgui Dieng,27.0,MIN,2653.0,14.2,0.555,5.7,-0.1,1.3,10.0,1.9,7.9,1.2,1.1,82.0,32.4,0,2017
Klay Thompson,26.0,GSW,2649.0,17.4,0.592,7.1,0.8,1.9,22.3,2.1,3.7,0.5,0.8,78.0,34.0,0,2017
Stephen Curry,28.0,GSW,2638.0,24.6,0.624,12.6,6.9,5.9,25.3,6.6,4.5,0.2,1.8,79.0,33.4,0,2017
DeMar DeRozan,27.0,TOR,2620.0,24.0,0.552,9.0,3.0,3.3,27.3,3.9,5.2,0.2,1.1,74.0,35.4,0,2017
Nicolas Batum,28.0,CHO,2617.0,15.8,0.529,4.6,0.8,1.9,15.1,5.9,6.2,0.4,1.1,77.0,34.0,0,2017
Otto Porter Jr.,23.0,WAS,2605.0,17.3,0.628,9.4,3.3,3.5,13.4,1.5,6.4,0.5,1.5,80.0,32.6,0,2017
DeAndre Jordan,28.0,LAC,2570.0,21.8,0.673,11.8,3.3,3.5,12.7,1.2,13.8,1.7,0.6,81.0,31.7,0,2017
Isaiah Thomas,27.0,BOS,2569.0,26.5,0.625,12.5,6.7,5.6,28.9,5.9,2.7,0.2,0.9,76.0,33.8,0,2017
Tobias Harris,24.0,DET,2567.0,16.9,0.568,6.8,1.6,2.3,16.1,1.7,5.1,0.5,0.7,82.0,31.3,0,2017
Marcus Morris,27.0,DET,2565.0,12.4,0.508,3.9,-1.1,0.6,14.0,2.0,4.6,0.3,0.7,79.0,32.5,0,2017
Marcin Gortat,32.0,WAS,2556.0,15.4,0.593,6.8,-0.8,0.8,10.8,1.5,10.4,0.7,0.5,82.0,31.2,0,2017
Myles Turner,20.0,IND,2541.0,18.5,0.585,8.0,1.1,2.0,14.5,1.3,7.3,2.1,0.9,81.0,31.4,0,2017
Carmelo Anthony,32.0,NYK,2538.0,17.9,0.535,4.7,0.7,1.7,22.4,2.9,5.9,0.5,0.8,74.0,34.3,0,2017
Marc Gasol,32.0,MEM,2531.0,20.3,0.554,7.7,5.2,4.6,19.5,4.6,6.3,1.3,0.9,74.0,34.2,0,2017
Kentavious Caldwell-Pope,23.0,DET,2529.0,12.8,0.519,4.5,-0.2,1.1,13.8,2.5,3.3,0.2,1.2,76.0,33.3,0,2017
Kyrie Irving,24.0,CLE,2525.0,23.0,0.58,8.9,3.4,3.4,25.2,5.8,3.2,0.3,1.2,72.0,35.1,0,2017
Gordon Hayward,26.0,UTA,2516.0,22.2,0.595,10.4,5.0,4.5,21.9,3.5,5.4,0.3,1.0,73.0,34.5,0,2017
Hassan Whiteside,27.0,MIA,2513.0,22.6,0.579,9.5,1.5,2.2,17.0,0.7,14.1,2.1,0.7,77.0,32.6,0,2017
Wesley Matthews,30.0,DAL,2495.0,11.9,0.533,3.1,-0.8,0.8,13.5,2.9,3.5,0.2,1.1,73.0,34.2,0,2017
Dennis Schröder,23.0,ATL,2485.0,16.1,0.533,3.7,0.0,1.3,17.9,6.3,3.1,0.2,0.9,79.0,31.5,0,2017
Kawhi Leonard,25.0,SAS,2474.0,27.6,0.61,13.6,9.4,7.1,25.5,3.5,5.8,0.7,1.8,74.0,33.4,0,2017
Draymond Green,26.0,GSW,2471.0,16.5,0.522,8.2,4.9,4.3,10.2,7.0,7.9,1.4,2.0,76.0,32.5,0,2017
Ricky Rubio,26.0,MIN,2469.0,16.8,0.539,6.1,0.9,1.8,11.1,9.1,4.1,0.1,1.7,75.0,32.9,0,2017
DeMarcus Cousins,26.0,2TM,2465.0,25.8,0.562,7.6,6.8,5.5,27.0,4.6,11.0,1.3,1.4,72.0,34.2,0,2017
Courtney Lee,31.0,NYK,2459.0,12.2,0.559,4.2,-0.9,0.7,10.8,2.3,3.4,0.3,1.1,77.0,31.9,0,2017
Goran Dragić,30.0,MIA,2459.0,19.8,0.575,7.5,2.6,2.9,20.3,5.8,3.8,0.2,1.2,73.0,33.7,0,2017
Serge Ibaka,27.0,2TM,2422.0,16.4,0.566,5.1,0.1,1.2,14.8,0.9,6.8,1.6,0.5,79.0,30.7,0,2017
Elfrid Payton,22.0,ORL,2412.0,17.2,0.52,4.4,0.8,1.7,12.8,6.5,4.7,0.5,1.1,82.0,29.4,0,2017
Andre Drummond,23.0,DET,2409.0,20.9,0.518,6.7,1.0,1.8,13.6,1.1,13.8,1.1,1.5,81.0,29.7,0,2017
Marcus Smart,22.0,BOS,2399.0,12.0,0.486,3.2,-1.3,0.4,10.6,4.6,3.9,0.4,1.6,79.0,30.4,0,2017
Jordan Clarkson,24.0,LAL,2397.0,13.2,0.526,1.2,-2.5,-0.3,14.7,2.6,3.0,0.1,1.1,82.0,29.2,0,2017
Steven Adams,23.0,OKC,2389.0,16.5,0.589,6.5,-0.2,1.1,11.3,1.1,7.7,1.0,1.1,80.0,29.9,0,2017
Andre Roberson,25.0,OKC,2376.0,9.6,0.51,4.2,-1.0,0.6,6.6,1.0,5.1,1.0,1.2,79.0,30.1,0,2017
Solomon Hill,25.0,NOP,2374.0,8.0,0.527,2.7,-2.7,-0.4,7.0,1.8,3.8,0.4,0.9,80.0,29.7,0,2017
Markieff Morris,27.0,WAS,2374.0,13.7,0.54,4.1,-1.5,0.3,14.0,1.7,6.5,0.6,1.1,76.0,31.2,0,2017
Michael Kidd-Gilchrist,23.0,CHO,2349.0,14.3,0.528,5.8,-0.7,0.7,9.2,1.4,7.0,1.0,1.0,81.0,29.0,0,2017
Paul Millsap,31.0,ATL,2343.0,17.9,0.542,6.4,2.1,2.4,18.1,3.7,7.7,0.9,1.3,69.0,34.0,0,2017
Tony Snell,25.0,MIL,2336.0,9.7,0.603,3.4,-1.7,0.2,8.5,1.2,3.1,0.2,0.7,80.0,29.2,0,2017
Tristan Thompson,25.0,CLE,2336.0,15.3,0.594,7.3,-0.7,0.7,8.1,1.0,9.2,1.1,0.5,78.0,29.9,0,2017
LaMarcus Aldridge,31.0,SAS,2335.0,18.6,0.532,7.2,0.8,1.7,17.3,1.9,7.3,1.2,0.6,72.0,32.4,0,2017
Jae Crowder,26.0,BOS,2335.0,14.9,0.613,6.7,0.9,1.7,13.9,2.2,5.8,0.3,1.0,72.0,32.4,0,2017
Eric Gordon,28.0,HOU,2323.0,13.2,0.557,3.8,-0.1,1.1,16.2,2.5,2.7,0.5,0.6,75.0,31.0,0,2017
Aaron Gordon,21.0,ORL,2298.0,14.5,0.53,3.7,-1.0,0.6,12.7,1.9,5.1,0.5,0.8,80.0,28.7,0,2017
Marvin Williams,30.0,CHO,2295.0,13.7,0.551,5.0,0.0,1.1,11.2,1.4,6.6,0.7,0.8,76.0,30.2,0,2017
Mike Conley,29.0,MEM,2292.0,23.2,0.604,10.0,6.8,5.1,20.5,6.3,3.5,0.3,1.3,69.0,33.2,0,2017
Brandon Ingram,19.0,LAL,2279.0,8.5,0.474,-0.3,-4.4,-1.4,9.4,2.1,4.0,0.5,0.6,79.0,28.8,0,2017
Robin Lopez,28.0,CHI,2271.0,14.4,0.511,4.3,-2.2,-0.1,10.4,1.0,6.4,1.4,0.2,81.0,28.0,0,2017
Allen Crabbe,24.0,POR,2254.0,11.6,0.602,4.2,-1.3,0.4,10.7,1.2,2.9,0.3,0.7,79.0,28.5,0,2017
Kyle Lowry,30.0,TOR,2244.0,22.9,0.623,10.1,6.1,4.6,22.4,7.0,4.8,0.3,1.5,60.0,37.4,0,2017
Thaddeus Young,28.0,IND,2237.0,14.9,0.562,4.6,0.5,1.4,11.0,1.6,6.1,0.4,1.5,74.0,30.2,0,2017
P.J. Tucker,31.0,2TM,2236.0,10.5,0.516,3.6,-0.3,1.0,6.7,1.2,5.8,0.2,1.4,81.0,27.6,0,2017
Evan Fournier,24.0,ORL,2234.0,13.9,0.555,2.8,-1.3,0.4,17.2,3.0,3.1,0.1,1.0,68.0,32.9,0,2017
Maurice Harkless,23.0,POR,2223.0,13.1,0.57,4.2,-0.6,0.8,10.0,1.1,4.4,0.9,1.1,77.0,28.9,0,2017
Brook Lopez,28.0,BRK,2222.0,20.4,0.578,4.9,2.3,2.4,20.5,2.3,5.4,1.7,0.5,75.0,29.6,0,2017
Victor Oladipo,24.0,OKC,2222.0,13.6,0.534,4.0,-0.5,0.8,15.9,2.6,4.3,0.3,1.2,67.0,33.2,0,2017
Dwight Howard,31.0,ATL,2199.0,20.8,0.627,8.3,1.4,1.9,13.5,1.4,12.7,1.2,0.9,74.0,29.7,0,2017
JJ Redick,32.0,LAC,2198.0,14.8,0.599,4.8,0.4,1.4,15.0,1.4,2.2,0.2,0.7,78.0,28.2,0,2017
Wilson Chandler,29.0,DEN,2197.0,14.9,0.545,3.5,-1.0,0.5,15.7,2.0,6.5,0.4,0.7,71.0,30.9,0,2017
Al Horford,30.0,BOS,2193.0,17.7,0.553,6.3,3.4,3.0,14.0,5.0,6.8,1.3,0.8,68.0,32.3,0,2017
Jrue Holiday,26.0,NOP,2190.0,17.1,0.532,3.8,1.3,1.8,15.4,7.3,3.9,0.7,1.5,67.0,32.7,0,2017
Nik Stauskas,23.0,PHI,2188.0,9.0,0.54,1.4,-2.8,-0.5,9.5,2.4,2.8,0.4,0.6,80.0,27.4,0,2017
Tyler Johnson,24.0,MIA,2178.0,15.9,0.535,5.8,1.4,1.8,13.7,3.2,4.0,0.6,1.2,73.0,29.8,0,2017
Eric Bledsoe,27.0,PHO,2176.0,20.5,0.563,5.3,3.6,3.1,21.1,6.3,4.8,0.5,1.4,66.0,33.0,0,2017
Kristaps Porziņģis,21.0,NYK,2164.0,17.4,0.546,4.5,0.3,1.3,18.1,1.5,7.2,2.0,0.7,66.0,32.8,0,2017
Nikola Vučević,26.0,ORL,2163.0,19.1,0.498,4.0,1.4,1.9,14.6,2.8,10.4,1.0,1.0,75.0,28.8,0,2017
Jamal Crawford,36.0,LAC,2157.0,12.0,0.525,1.9,-2.1,0.0,12.3,2.6,1.6,0.2,0.7,82.0,26.3,0,2017
Tim Hardaway Jr.,24.0,ATL,2154.0,15.2,0.568,4.8,0.5,1.4,14.5,2.3,2.8,0.2,0.7,79.0,27.3,0,2017
Mason Plumlee,26.0,2TM,2148.0,18.1,0.558,6.0,2.0,2.2,10.4,3.5,7.5,1.1,0.9,81.0,26.5,0,2017
Ersan İlyasova,29.0,3TM,2142.0,14.6,0.546,4.1,0.1,1.1,13.1,1.7,5.9,0.3,0.7,82.0,26.1,0,2017
Danilo Gallinari,28.0,DEN,2134.0,17.4,0.622,6.8,1.4,1.9,18.2,2.1,5.2,0.2,0.6,63.0,33.9,0,2017
T.J. McConnell,24.0,PHI,2133.0,13.7,0.504,3.8,-1.0,0.5,6.9,6.6,3.1,0.1,1.7,81.0,26.3,0,2017
Julius Randle,22.0,LAL,2132.0,16.3,0.543,3.5,-0.9,0.6,13.2,3.6,8.6,0.5,0.7,74.0,28.8,0,2017
Dario Šarić,22.0,PHI,2129.0,12.8,0.508,1.0,-2.3,-0.2,12.8,2.2,6.3,0.4,0.7,81.0,26.3,0,2017
Robert Covington,26.0,PHI,2119.0,13.2,0.534,3.1,0.2,1.1,12.9,1.5,6.5,1.0,1.9,67.0,31.6,0,2017
Ryan Anderson,28.0,HOU,2116.0,13.5,0.583,5.2,-0.4,0.9,13.6,0.9,4.6,0.2,0.4,72.0,29.4,0,2017
JaMychal Green,26.0,MEM,2101.0,13.5,0.601,5.8,-0.8,0.6,8.9,1.1,7.1,0.4,0.6,77.0,27.3,0,2017
James Johnson,29.0,MIA,2085.0,17.0,0.564,5.1,2.8,2.5,12.8,3.6,4.9,1.1,1.0,76.0,27.4,0,2017
Bojan Bogdanović,27.0,2TM,2083.0,13.5,0.585,2.9,-2.2,-0.1,13.7,1.4,3.4,0.1,0.4,81.0,25.7,0,2017
Derrick Rose,28.0,NYK,2082.0,17.0,0.53,3.0,-1.0,0.5,18.0,4.4,3.8,0.3,0.7,64.0,32.5,0,2017
Blake Griffin,27.0,LAC,2076.0,22.6,0.569,7.7,4.7,3.5,21.6,4.9,8.1,0.4,0.9,61.0,34.0,0,2017
Kevin Durant,28.0,GSW,2070.0,27.6,0.651,12.0,8.9,5.7,25.1,4.8,8.3,1.6,1.1,62.0,33.4,0,2017
Jonas Valančiūnas,24.0,TOR,2066.0,20.1,0.601,7.9,0.3,1.2,12.0,0.7,9.5,0.8,0.5,80.0,25.8,0,2017
Darren Collison,29.0,SAC,2063.0,15.3,0.57,3.9,-0.9,0.6,13.2,4.6,2.2,0.1,1.0,68.0,30.3,0,2017
Patrick Beverley,28.0,HOU,2058.0,13.0,0.546,5.3,1.1,1.6,9.5,4.2,5.9,0.4,1.5,67.0,30.7,0,2017
Austin Rivers,24.0,LAC,2054.0,11.4,0.545,2.5,-2.2,-0.1,12.0,2.8,2.2,0.1,0.6,74.0,27.8,0,2017
T.J. Warren,23.0,PHO,2048.0,15.6,0.539,4.1,-0.6,0.7,14.4,1.1,5.1,0.6,1.2,66.0,31.0,0,2017
Jameer Nelson,34.0,DEN,2045.0,11.5,0.544,2.8,-2.0,0.0,9.2,5.1,2.6,0.1,0.7,75.0,27.3,0,2017
Nikola Jokić,21.0,DEN,2038.0,26.3,0.64,9.7,7.3,4.8,16.7,4.9,9.8,0.8,0.8,73.0,27.9,0,2017
Seth Curry,26.0,DAL,2029.0,15.5,0.601,4.6,1.2,1.7,12.8,2.7,2.6,0.1,1.1,70.0,29.0,0,2017
Cory Joseph,25.0,TOR,2003.0,13.2,0.518,3.4,-1.3,0.4,9.3,3.3,2.9,0.2,0.8,80.0,25.0,0,2017
Andre Iguodala,33.0,GSW,1998.0,14.3,0.624,6.9,2.5,2.3,7.6,3.4,4.0,0.5,1.0,76.0,26.3,0,2017
Monta Ellis,31.0,IND,1998.0,9.9,0.514,1.1,-2.9,-0.5,8.5,3.2,2.8,0.4,1.1,74.0,27.0,0,2017
Lou Williams,30.0,2TM,1994.0,21.4,0.593,6.1,3.9,3.0,17.5,3.0,2.5,0.2,1.0,81.0,24.6,0,2017
Taj Gibson,31.0,2TM,1989.0,15.0,0.543,4.0,-1.5,0.2,10.8,0.9,6.2,0.8,0.5,78.0,25.5,0,2017
Matthew Dellavedova,26.0,MIL,1986.0,9.4,0.501,1.2,-4.2,-1.1,7.6,4.7,1.9,0.0,0.7,76.0,26.1,0,2017
Malcolm Brogdon,24.0,MIL,1982.0,14.9,0.555,4.1,-0.4,0.8,10.2,4.2,2.8,0.2,1.1,75.0,26.4,0,2017
Joe Ingles,29.0,UTA,1972.0,12.4,0.604,5.0,1.6,1.8,7.1,2.7,3.2,0.1,1.2,82.0,24.0,0,2017
Rodney McGruder,25.0,MIA,1966.0,9.1,0.506,2.9,-1.9,0.0,6.4,1.6,3.3,0.2,0.6,78.0,25.2,0,2017
Kent Bazemore,27.0,ATL,1963.0,11.6,0.504,2.1,-1.0,0.5,11.0,2.4,3.2,0.7,1.2,73.0,26.9,0,2017
Ish Smith,28.0,DET,1955.0,14.7,0.477,3.1,0.3,1.1,9.4,5.2,2.9,0.4,0.8,81.0,24.1,0,2017
Terrence Ross,25.0,2TM,1955.0,13.4,0.55,3.5,-0.2,0.9,11.0,1.1,2.6,0.4,1.1,78.0,25.1,0,2017
Frank Kaminsky,23.0,CHO,1954.0,13.0,0.502,2.3,-1.2,0.4,11.7,2.2,4.5,0.5,0.6,75.0,26.1,0,2017
Jon Leuer,27.0,DET,1944.0,14.2,0.551,4.5,-0.1,1.0,10.2,1.5,5.4,0.3,0.4,75.0,25.9,0,2017
Iman Shumpert,26.0,CLE,1937.0,9.0,0.536,2.0,-2.3,-0.1,7.5,1.4,2.9,0.4,0.8,76.0,25.5,0,2017
Chris Paul,31.0,LAC,1921.0,26.2,0.614,10.6,8.7,5.2,18.1,9.2,5.0,0.1,2.0,61.0,31.5,0,2017
Tony Allen,35.0,MEM,1914.0,13.3,0.493,3.1,-1.0,0.5,9.1,1.4,5.5,0.4,1.6,71.0,27.0,0,2017
Buddy Hield,24.0,2TM,1888.0,11.8,0.541,1.3,-2.0,0.0,10.6,1.5,3.3,0.1,0.5,82.0,23.0,0,2017
Kevin Love,28.0,CLE,1885.0,21.1,0.573,6.4,2.1,1.9,19.0,1.9,11.1,0.4,0.9,60.0,31.4,0,2017
DeMarre Carroll,30.0,TOR,1882.0,11.9,0.53,3.8,0.0,1.0,8.9,1.0,3.8,0.4,1.1,72.0,26.1,0,2017
Joe Johnson,35.0,UTA,1843.0,12.8,0.542,3.8,0.4,1.1,9.2,1.8,3.1,0.2,0.5,78.0,23.6,0,2017
Rajon Rondo,30.0,CHI,1843.0,13.6,0.461,2.3,-0.5,0.7,7.8,6.7,5.1,0.2,1.4,69.0,26.7,0,2017
Avery Bradley,26.0,BOS,1835.0,14.4,0.548,3.1,-0.6,0.7,16.3,2.2,6.1,0.2,1.2,55.0,33.4,0,2017
Greg Monroe,26.0,MIL,1823.0,21.1,0.572,5.6,1.8,1.7,11.7,2.3,6.6,0.5,1.1,81.0,22.5,0,2017
E'Twaun Moore,27.0,NOP,1820.0,12.1,0.537,2.7,-1.6,0.2,9.6,2.2,2.1,0.4,0.7,73.0,24.9,0,2017
D'Angelo Russell,20.0,LAL,1811.0,15.3,0.518,1.3,-0.8,0.6,15.6,4.8,3.5,0.3,1.4,63.0,28.7,0,2017
Danny Green,29.0,SAS,1807.0,10.1,0.537,3.4,0.8,1.3,7.3,1.8,3.3,0.8,1.0,68.0,26.6,0,2017
Brandon Jennings,27.0,2TM,1802.0,12.1,0.479,1.7,-2.4,-0.2,7.1,4.9,2.4,0.0,0.9,81.0,22.2,0,2017
Vince Carter,40.0,MEM,1799.0,11.7,0.542,4.0,0.8,1.3,8.0,1.8,3.1,0.5,0.8,73.0,24.6,0,2017
Bismack Biyombo,24.0,ORL,1793.0,12.2,0.546,2.9,-3.2,-0.6,6.0,0.9,7.0,1.1,0.3,81.0,22.1,0,2017
Dwyane Wade,35.0,CHI,1792.0,18.5,0.508,3.4,2.5,2.1,18.3,3.8,4.5,0.7,1.4,60.0,29.9,0,2017
Luc Mbah a Moute,30.0,LAC,1787.0,10.2,0.581,3.1,-0.2,0.8,6.1,0.5,2.1,0.4,1.0,80.0,22.3,0,2017
Zach Randolph,35.0,MEM,1786.0,18.5,0.49,3.2,-0.5,0.7,14.1,1.7,8.2,0.1,0.5,73.0,24.5,0,2017
Gary Harris,22.0,DEN,1782.0,16.5,0.611,4.6,0.7,1.2,14.9,2.9,3.1,0.1,1.2,57.0,31.3,0,2017
Marco Belinelli,30.0,CHO,1778.0,13.3,0.566,3.2,-1.1,0.4,10.5,2.0,2.4,0.1,0.6,74.0,24.0,0,2017
Matt Barnes,36.0,2TM,1777.0,10.3,0.514,2.0,-1.4,0.3,7.1,2.6,5.2,0.4,0.6,74.0,24.0,0,2017
C.J. Miles,29.0,IND,1776.0,13.8,0.592,4.0,0.5,1.1,10.7,0.6,3.0,0.3,0.6,76.0,23.4,0,2017
Al-Farouq Aminu,26.0,POR,1773.0,11.3,0.506,1.9,-1.1,0.4,8.7,1.6,7.4,0.7,1.0,61.0,29.1,0,2017
Jamal Murray,19.0,DEN,1764.0,11.9,0.518,1.3,-2.0,0.0,9.9,2.1,2.6,0.3,0.6,82.0,21.5,0,2017
Rondae Hollis-Jefferson,22.0,BRK,1761.0,13.7,0.517,2.6,-1.3,0.3,8.7,2.0,5.8,0.6,1.1,78.0,22.6,0,2017
Patty Mills,28.0,SAS,1754.0,15.2,0.578,5.1,1.6,1.6,9.5,3.5,1.8,0.0,0.8,80.0,21.9,0,2017
Trevor Booker,29.0,BRK,1754.0,15.7,0.554,3.1,-0.6,0.6,10.0,1.9,8.0,0.4,1.1,71.0,24.7,0,2017
Sean Kilpatrick,27.0,BRK,1754.0,13.1,0.546,1.4,-2.3,-0.1,13.1,2.2,4.0,0.1,0.6,70.0,25.1,0,2017
Kyle Korver,35.0,2TM,1753.0,12.1,0.635,3.7,0.0,0.9,10.1,1.6,2.8,0.3,0.5,67.0,26.2,0,2017
Zach LaVine,21.0,MIN,1749.0,14.6,0.576,3.0,0.1,0.9,18.9,3.0,3.4,0.2,0.9,47.0,37.2,0,2017
Marquese Chriss,19.0,PHO,1743.0,12.3,0.529,1.8,-2.2,-0.1,9.2,0.7,4.2,0.9,0.8,82.0,21.3,0,2017
Ty Lawson,29.0,SAC,1732.0,15.4,0.551,3.2,-1.0,0.4,9.9,4.8,2.6,0.1,1.1,69.0,25.1,0,2017
Garrett Temple,30.0,SAC,1728.0,11.2,0.545,2.2,-0.8,0.5,7.8,2.6,2.8,0.4,1.3,65.0,26.6,0,2017
Jabari Parker,21.0,MIL,1728.0,19.1,0.563,4.0,0.7,1.2,20.1,2.8,6.2,0.4,1.0,51.0,33.9,0,2017
Cody Zeller,24.0,CHO,1725.0,16.7,0.604,5.6,0.2,1.0,10.3,1.6,6.5,0.9,1.0,62.0,27.8,0,2017
Will Barton,26.0,DEN,1705.0,15.5,0.547,3.3,0.2,1.0,13.7,3.4,4.3,0.5,0.8,60.0,28.4,0,2017
Raymond Felton,32.0,LAC,1700.0,10.9,0.496,1.9,-1.3,0.3,6.7,2.4,2.7,0.3,0.8,80.0,21.3,0,2017
Nikola Mirotić,25.0,CHI,1679.0,14.5,0.546,3.8,0.7,1.1,10.6,1.1,5.5,0.8,0.8,70.0,24.0,0,2017
Gerald Henderson,29.0,PHI,1667.0,10.8,0.529,2.0,-3.1,-0.5,9.2,1.6,2.6,0.2,0.6,72.0,23.2,0,2017
Evan Turner,28.0,POR,1658.0,11.4,0.491,1.2,-2.5,-0.2,9.0,3.2,3.8,0.4,0.8,65.0,25.5,0,2017
Deron Williams,32.0,2TM,1657.0,14.0,0.541,2.4,-1.8,0.1,11.0,5.6,2.3,0.1,0.5,64.0,25.9,0,2017
Dante Cunningham,29.0,NOP,1649.0,10.2,0.586,3.0,-1.6,0.2,6.6,0.6,4.2,0.4,0.6,66.0,25.0,0,2017
Isaiah Whitehead,21.0,BRK,1643.0,7.6,0.487,-0.8,-5.1,-1.3,7.4,2.6,2.5,0.5,0.6,73.0,22.5,0,2017
Dorian Finney-Smith,23.0,DAL,1642.0,7.7,0.486,1.4,-2.6,-0.3,4.3,0.8,2.7,0.3,0.6,81.0,20.3,0,2017
Justin Holiday,27.0,NYK,1639.0,12.7,0.549,2.5,-0.3,0.7,7.7,1.2,2.7,0.4,0.8,82.0,20.0,0,2017
Domantas Sabonis,20.0,OKC,1632.0,6.9,0.469,0.8,-4.5,-1.0,5.9,1.0,3.6,0.4,0.5,81.0,20.1,0,2017
Pau Gasol,36.0,SAS,1627.0,20.2,0.578,6.4,4.0,2.5,12.4,2.3,7.8,1.1,0.4,64.0,25.4,0,2017
Richard Jefferson,36.0,CLE,1614.0,8.3,0.574,2.1,-3.1,-0.4,5.7,1.0,2.6,0.1,0.3,79.0,20.4,0,2017
Josh Richardson,23.0,MIA,1614.0,10.7,0.493,2.2,-1.1,0.4,10.2,2.6,3.2,0.7,1.1,53.0,30.5,0,2017
Amir Johnson,29.0,BOS,1608.0,15.0,0.628,5.0,0.6,1.1,6.5,1.8,4.6,0.8,0.6,80.0,20.1,0,2017
Kelly Oubre Jr.,21.0,WAS,1605.0,9.1,0.516,2.0,-3.2,-0.5,6.3,0.6,3.3,0.2,0.7,79.0,20.3,0,2017
Patrick Patterson,27.0,TOR,1599.0,10.8,0.542,3.3,0.1,0.8,6.8,1.2,4.5,0.4,0.6,65.0,24.6,0,2017
Thabo Sefolosha,32.0,ATL,1596.0,11.9,0.519,3.3,0.4,1.0,7.2,1.7,4.4,0.5,1.5,62.0,25.7,0,2017
Rodney Hood,24.0,UTA,1593.0,12.4,0.522,2.6,-0.9,0.4,12.7,1.6,3.4,0.2,0.6,59.0,27.0,0,2017
Tony Parker,34.0,SAS,1587.0,13.0,0.514,3.0,-2.6,-0.2,10.1,4.5,1.8,0.0,0.5,63.0,25.2,0,2017
Arron Afflalo,31.0,SAC,1580.0,8.9,0.559,1.4,-3.6,-0.7,8.4,1.3,2.0,0.1,0.3,61.0,25.9,0,2017
LeBron James,33.0,CLE,3026.0,28.6,0.621,14.0,8.7,8.2,27.5,9.1,8.6,0.9,1.4,82.0,36.9,0,2018
Khris Middleton,26.0,MIL,2982.0,17.4,0.577,6.9,0.0,1.5,20.1,4.0,5.2,0.3,1.5,82.0,36.4,0,2018
Andrew Wiggins,22.0,MIN,2979.0,13.0,0.505,2.1,-2.4,-0.3,17.7,2.0,4.4,0.6,1.1,82.0,36.3,0,2018
Bradley Beal,24.0,WAS,2977.0,18.4,0.564,6.9,2.2,3.1,22.6,4.5,4.4,0.4,1.2,82.0,36.3,0,2018
Jrue Holiday,27.0,NOP,2927.0,17.8,0.57,7.1,1.6,2.7,19.0,6.0,4.5,0.8,1.5,81.0,36.1,0,2018
CJ McCollum,26.0,POR,2923.0,16.9,0.536,6.6,1.2,2.4,21.4,3.4,4.0,0.4,1.0,81.0,36.1,0,2018
Karl-Anthony Towns,22.0,MIN,2918.0,24.9,0.646,14.0,5.1,5.2,21.3,2.4,12.3,1.4,0.8,82.0,35.6,0,2018
Russell Westbrook,29.0,OKC,2914.0,24.7,0.524,10.1,6.3,6.1,25.4,10.3,10.1,0.3,1.8,80.0,36.4,0,2018
Paul George,27.0,OKC,2891.0,18.7,0.57,8.9,2.9,3.6,21.9,3.3,5.7,0.5,2.0,79.0,36.6,0,2018
Giannis Antetokounmpo,23.0,MIL,2756.0,27.3,0.598,11.9,6.2,5.7,26.9,4.8,10.0,1.4,1.5,75.0,36.7,0,2018
Kemba Walker,27.0,CHO,2736.0,20.6,0.572,8.6,4.0,4.2,22.1,5.6,3.1,0.3,1.1,80.0,34.2,0,2018
Ben Simmons,21.0,PHI,2732.0,20.0,0.557,9.2,4.5,4.5,15.8,8.2,8.1,0.9,1.7,81.0,33.7,0,2018
Anthony Davis,24.0,NOP,2727.0,28.9,0.612,13.7,6.7,5.9,28.1,2.3,11.1,2.6,1.5,75.0,36.4,0,2018
Taj Gibson,32.0,MIN,2726.0,15.4,0.61,7.2,-0.5,1.0,12.2,1.2,7.1,0.7,0.8,82.0,33.2,0,2018
DeMar DeRozan,28.0,TOR,2711.0,21.0,0.555,9.6,2.8,3.2,23.0,5.2,3.9,0.3,1.1,80.0,33.9,0,2018
Josh Richardson,24.0,MIA,2689.0,13.6,0.551,5.4,0.7,1.8,12.9,2.9,3.5,0.9,1.5,81.0,33.2,0,2018
Will Barton,27.0,DEN,2683.0,16.2,0.562,6.2,1.1,2.1,15.7,4.1,5.0,0.6,1.0,81.0,33.1,0,2018
Damian Lillard,27.0,POR,2670.0,25.2,0.594,12.6,7.2,6.3,26.9,6.6,4.5,0.4,1.1,73.0,36.6,0,2018
Tobias Harris,25.0,2TM,2668.0,17.1,0.565,6.7,1.9,2.6,18.6,2.4,5.5,0.4,0.9,80.0,33.4,0,2018
Donovan Mitchell,21.0,UTA,2638.0,16.7,0.541,5.2,1.2,2.2,20.5,3.7,3.7,0.3,1.5,79.0,33.4,0,2018
Harrison Barnes,25.0,DAL,2634.0,15.8,0.539,3.8,-0.5,1.0,18.9,2.0,6.1,0.2,0.6,77.0,34.2,0,2018
Andre Drummond,24.0,DET,2625.0,22.9,0.555,10.3,3.2,3.4,15.0,3.0,16.0,1.6,1.5,78.0,33.7,0,2018
Thaddeus Young,29.0,IND,2607.0,14.8,0.528,5.5,0.2,1.4,11.8,1.9,6.3,0.4,1.7,81.0,32.2,0,2018
Lou Williams,31.0,LAC,2589.0,20.2,0.574,6.7,2.3,2.8,22.6,5.3,2.5,0.2,1.1,79.0,32.8,0,2018
E'Twaun Moore,28.0,NOP,2586.0,12.1,0.593,4.4,-1.6,0.3,12.5,2.3,2.9,0.1,1.0,82.0,31.5,0,2018
Joe Ingles,30.0,UTA,2578.0,14.4,0.623,7.6,2.3,2.8,11.5,4.8,4.2,0.2,1.1,82.0,31.4,0,2018
Jamal Murray,20.0,DEN,2565.0,16.1,0.576,5.5,-0.3,1.1,16.7,3.4,3.7,0.3,1.0,81.0,31.7,0,2018
Victor Oladipo,25.0,IND,2552.0,23.1,0.577,8.2,5.8,5.0,23.1,4.3,5.2,0.8,2.4,75.0,34.0,0,2018
James Harden,28.0,HOU,2551.0,29.8,0.619,15.4,9.9,7.7,30.4,8.8,5.4,0.7,1.8,72.0,35.4,1,2018
Robert Covington,27.0,PHI,2532.0,12.9,0.563,6.1,1.5,2.3,12.6,2.0,5.4,0.9,1.7,80.0,31.7,0,2018
Kyle Lowry,31.0,TOR,2510.0,19.5,0.598,10.2,5.2,4.5,16.2,6.9,5.6,0.2,1.1,78.0,32.2,0,2018
LaMarcus Aldridge,32.0,SAS,2509.0,25.0,0.57,10.9,3.9,3.7,23.1,2.0,8.5,1.2,0.6,75.0,33.5,0,2018
Klay Thompson,27.0,GSW,2506.0,16.0,0.598,4.9,-0.4,1.0,20.0,2.5,3.8,0.5,0.8,73.0,34.3,0,2018
Carmelo Anthony,33.0,OKC,2501.0,12.7,0.503,3.7,-1.9,0.0,16.2,1.3,5.8,0.6,0.6,78.0,32.1,0,2018
Steven Adams,24.0,OKC,2487.0,20.6,0.63,9.7,1.1,2.0,13.9,1.2,9.0,1.0,1.2,76.0,32.7,0,2018
Taurean Prince,23.0,ATL,2464.0,12.8,0.549,2.0,-1.1,0.6,14.1,2.6,4.7,0.5,1.0,82.0,30.0,0,2018
Bojan Bogdanović,28.0,IND,2464.0,13.9,0.605,5.4,-0.7,0.8,14.3,1.5,3.4,0.1,0.7,80.0,30.8,0,2018
Dwight Howard,32.0,CHO,2463.0,20.5,0.577,6.8,-0.1,1.2,16.6,1.3,12.5,1.6,0.6,81.0,30.4,0,2018
Kentavious Caldwell-Pope,24.0,LAL,2458.0,13.2,0.561,5.3,0.3,1.4,13.4,2.2,5.2,0.2,1.4,74.0,33.2,0,2018
Jayson Tatum,19.0,BOS,2443.0,15.2,0.586,7.1,1.2,2.0,13.9,1.6,5.0,0.7,1.0,80.0,30.5,0,2018
Nikola Jokić,22.0,DEN,2443.0,24.4,0.603,10.7,6.9,5.5,18.5,6.1,10.7,0.8,1.2,75.0,32.6,0,2018
Otto Porter Jr.,24.0,WAS,2432.0,18.3,0.602,8.1,3.5,3.4,14.7,2.0,6.4,0.5,1.5,77.0,31.6,0,2018
DeAndre Jordan,29.0,LAC,2424.0,20.2,0.648,9.4,1.4,2.1,12.0,1.5,15.2,0.9,0.5,77.0,31.5,0,2018
Marc Gasol,33.0,MEM,2408.0,17.4,0.532,4.0,2.3,2.7,17.2,4.2,8.1,1.4,0.7,73.0,33.0,0,2018
Kyle Kuzma,22.0,LAL,2401.0,14.2,0.549,3.8,-0.7,0.8,16.1,1.8,6.3,0.4,0.6,77.0,31.2,0,2018
Goran Dragić,31.0,MIA,2378.0,16.6,0.543,5.3,0.3,1.4,17.3,4.8,4.1,0.2,0.8,75.0,31.7,0,2018
Dillon Brooks,22.0,MEM,2350.0,9.8,0.531,1.2,-4.0,-1.2,11.0,1.6,3.1,0.2,0.9,82.0,28.7,0,2018
Wilson Chandler,30.0,DEN,2346.0,10.9,0.542,3.3,-2.1,-0.1,10.0,2.1,5.4,0.5,0.6,74.0,31.7,0,2018
Kevin Durant,29.0,GSW,2325.0,26.0,0.64,10.4,7.3,5.5,26.4,5.4,6.8,1.8,0.7,68.0,34.2,0,2018
Eric Bledsoe,28.0,2TM,2322.0,19.7,0.582,5.6,2.5,2.6,17.7,5.0,3.8,0.6,2.0,74.0,31.4,0,2018
Jeff Teague,29.0,MIN,2311.0,16.4,0.553,4.9,0.4,1.4,14.2,7.0,3.0,0.3,1.5,70.0,33.0,0,2018
Dario Šarić,23.0,PHI,2310.0,15.8,0.582,6.6,1.3,1.9,14.6,2.6,6.7,0.3,0.7,78.0,29.6,0,2018
Courtney Lee,32.0,NYK,2310.0,13.0,0.564,3.9,-0.3,1.0,12.0,2.4,2.9,0.2,1.1,76.0,30.4,0,2018
Spencer Dinwiddie,24.0,BRK,2306.0,15.9,0.527,5.7,0.6,1.5,12.6,6.6,3.2,0.3,0.9,80.0,28.8,0,2018
Gary Harris,23.0,DEN,2304.0,16.5,0.597,5.5,0.8,1.7,17.5,2.9,2.6,0.2,1.8,67.0,34.4,0,2018
Draymond Green,27.0,GSW,2287.0,16.1,0.556,6.1,2.8,2.8,11.0,7.3,7.6,1.3,1.4,70.0,32.7,0,2018
Yogi Ferrell,24.0,DAL,2282.0,11.4,0.54,3.0,-1.4,0.4,10.2,2.5,3.0,0.1,0.8,82.0,27.8,0,2018
P.J. Tucker,32.0,HOU,2281.0,8.3,0.537,3.9,-1.1,0.5,6.1,0.9,5.6,0.3,1.0,82.0,27.8,0,2018
Al Horford,31.0,BOS,2277.0,17.6,0.575,7.8,4.4,3.7,12.9,4.7,7.4,1.1,0.6,72.0,31.6,0,2018
Trevor Ariza,32.0,HOU,2269.0,11.8,0.567,5.3,0.7,1.5,11.7,1.6,4.4,0.2,1.5,67.0,33.9,0,2018
Justin Holiday,28.0,CHI,2265.0,10.8,0.513,1.7,-1.9,0.0,12.2,2.1,4.0,0.4,1.1,72.0,31.5,0,2018
Ricky Rubio,27.0,UTA,2254.0,15.4,0.537,5.3,0.7,1.6,13.1,5.3,4.6,0.1,1.6,77.0,29.3,0,2018
J.R. Smith,32.0,CLE,2244.0,8.4,0.534,1.4,-3.0,-0.6,8.3,1.8,2.9,0.1,0.9,80.0,28.1,0,2018
Kelly Oubre Jr.,22.0,WAS,2231.0,11.9,0.534,3.7,-1.7,0.2,11.8,1.2,4.5,0.4,1.0,81.0,27.5,0,2018
Cory Joseph,26.0,IND,2210.0,11.0,0.503,3.1,-1.5,0.3,7.9,3.2,3.2,0.2,1.0,82.0,27.0,0,2018
Allen Crabbe,25.0,BRK,2197.0,12.3,0.558,3.2,-0.7,0.7,13.2,1.6,4.3,0.5,0.6,75.0,29.3,0,2018
Julius Randle,23.0,LAL,2190.0,19.9,0.606,6.6,0.6,1.4,16.1,2.6,8.0,0.5,0.5,82.0,26.7,0,2018
DeMarre Carroll,31.0,BRK,2180.0,14.3,0.55,4.1,0.2,1.2,13.5,2.0,6.6,0.4,0.8,73.0,29.9,0,2018
Bogdan Bogdanović,25.0,SAC,2175.0,13.5,0.556,2.9,-1.5,0.3,11.8,3.3,2.9,0.2,0.9,78.0,27.9,0,2018
Jimmy Butler,28.0,MIN,2164.0,23.7,0.59,8.9,5.8,4.2,22.2,4.9,5.3,0.4,2.0,59.0,36.7,0,2018
Eric Gordon,29.0,HOU,2154.0,15.2,0.578,4.7,0.4,1.3,18.0,2.2,2.5,0.4,0.6,69.0,31.2,0,2018
Derrick Favors,26.0,UTA,2153.0,18.8,0.593,8.0,1.5,1.9,12.3,1.3,7.2,1.1,0.7,77.0,28.0,0,2018
Jaylen Brown,21.0,BOS,2152.0,13.6,0.562,4.5,-0.5,0.8,14.5,1.6,4.9,0.4,1.0,70.0,30.7,0,2018
T.J. Warren,24.0,PHO,2142.0,17.6,0.541,3.4,-0.7,0.7,19.6,1.3,5.1,0.6,1.0,65.0,33.0,0,2018
Wesley Matthews,31.0,DAL,2131.0,11.4,0.541,2.6,-0.9,0.6,12.7,2.7,3.1,0.3,1.2,63.0,33.8,0,2018
JJ Redick,33.0,PHI,2116.0,15.9,0.614,6.6,1.1,1.7,17.1,3.0,2.5,0.1,0.5,70.0,30.2,0,2018
Patty Mills,29.0,SAS,2107.0,11.8,0.558,4.1,-1.0,0.5,10.0,2.8,1.9,0.1,0.7,82.0,25.7,0,2018
Denzel Valentine,24.0,CHI,2095.0,12.1,0.527,2.5,-1.0,0.5,10.2,3.2,5.1,0.1,0.8,77.0,27.2,0,2018
Serge Ibaka,28.0,TOR,2093.0,14.7,0.574,5.1,-0.1,1.0,12.6,0.8,6.3,1.3,0.4,76.0,27.5,0,2018
Jae Crowder,27.0,2TM,2090.0,10.4,0.525,2.6,-2.5,-0.3,9.7,1.2,3.4,0.3,0.8,80.0,26.1,0,2018
Jusuf Nurkić,23.0,POR,2088.0,19.2,0.528,4.7,0.0,1.1,14.3,1.8,9.0,1.4,0.8,79.0,26.4,0,2018
Dennis Schröder,24.0,ATL,2078.0,17.3,0.515,2.6,-0.6,0.7,19.4,6.2,3.1,0.1,1.1,67.0,31.0,0,2018
Marcin Gortat,33.0,WAS,2075.0,14.7,0.546,4.9,-0.6,0.8,8.4,1.8,7.6,0.7,0.5,82.0,25.3,0,2018
Al-Farouq Aminu,27.0,POR,2072.0,12.0,0.522,4.2,0.4,1.3,9.3,1.2,7.6,0.6,1.1,69.0,30.0,0,2018
Dragan Bender,20.0,PHO,2069.0,7.1,0.524,0.1,-3.7,-0.9,6.5,1.6,4.4,0.6,0.3,82.0,25.2,0,2018
Terry Rozier,23.0,BOS,2068.0,15.1,0.52,5.6,2.1,2.1,11.3,2.9,4.7,0.2,1.0,80.0,25.9,0,2018
Austin Rivers,25.0,LAC,2057.0,12.6,0.526,2.4,-1.2,0.4,15.1,4.0,2.4,0.3,1.2,61.0,33.7,0,2018
Tony Snell,26.0,MIL,2053.0,8.5,0.578,2.4,-2.3,-0.1,6.9,1.3,1.9,0.4,0.6,75.0,27.4,0,2018
Tyler Johnson,25.0,MIA,2052.0,13.0,0.549,4.2,-0.3,0.9,11.7,2.3,3.4,0.5,0.8,72.0,28.5,0,2018
Dennis Smith Jr.,20.0,DAL,2049.0,12.8,0.473,-0.7,-2.4,-0.2,15.2,5.2,3.8,0.3,1.0,69.0,29.7,0,2018
Willie Cauley-Stein,24.0,SAC,2044.0,17.6,0.529,3.9,-0.1,1.0,12.8,2.4,7.0,0.9,1.1,73.0,28.0,0,2018
Ish Smith,29.0,DET,2043.0,15.4,0.525,4.4,0.0,1.0,10.9,4.4,2.7,0.2,0.8,82.0,24.9,0,2018
Wayne Ellington,30.0,MIA,2041.0,12.5,0.588,4.5,0.4,1.2,11.2,1.0,2.8,0.1,0.7,77.0,26.5,0,2018
Evan Turner,29.0,POR,2034.0,9.8,0.52,2.6,-2.5,-0.3,8.2,2.2,3.1,0.4,0.6,79.0,25.7,0,2018
Clint Capela,23.0,HOU,2034.0,24.5,0.65,10.2,3.4,2.8,13.9,0.9,10.8,1.9,0.8,74.0,27.5,0,2018
Jonathon Simmons,28.0,ORL,2029.0,12.7,0.555,1.9,-3.1,-0.5,13.9,2.5,3.5,0.2,0.8,69.0,29.4,0,2018
De'Aaron Fox,20.0,SAC,2026.0,11.2,0.478,-0.6,-4.2,-1.1,11.6,4.4,2.8,0.3,1.0,73.0,27.8,0,2018
Buddy Hield,25.0,SAC,2024.0,16.1,0.557,2.8,1.0,1.5,13.5,1.9,3.8,0.3,1.1,80.0,25.3,0,2018
Lauri Markkanen,20.0,CHI,2020.0,15.6,0.552,3.3,-0.2,0.9,15.2,1.2,7.5,0.6,0.6,68.0,29.7,0,2018
Darren Collison,30.0,IND,2018.0,18.8,0.61,7.6,2.7,2.4,12.4,5.3,2.6,0.2,1.3,69.0,29.2,0,2018
Marvin Williams,31.0,CHO,2006.0,13.9,0.603,5.0,1.0,1.5,9.5,1.2,4.7,0.5,0.7,78.0,25.7,0,2018
Nicolas Batum,29.0,CHO,1981.0,14.4,0.523,3.5,0.4,1.2,11.6,5.5,4.8,0.4,1.0,64.0,31.0,0,2018
Kyle Anderson,24.0,SAS,1978.0,15.9,0.582,6.2,2.9,2.4,7.9,2.7,5.4,0.8,1.6,74.0,26.7,0,2018
Joe Harris,26.0,BRK,1975.0,13.3,0.634,4.0,0.1,1.0,10.8,1.6,3.3,0.3,0.4,78.0,25.3,0,2018
Brandon Ingram,20.0,LAL,1975.0,13.8,0.536,2.8,-1.2,0.4,16.1,3.9,5.3,0.7,0.8,59.0,33.5,0,2018
John Henson,27.0,MIL,1970.0,15.7,0.582,4.9,-0.9,0.5,8.8,1.5,6.8,1.4,0.6,76.0,25.9,0,2018
Blake Griffin,28.0,2TM,1970.0,19.6,0.544,4.9,3.4,2.7,21.4,5.8,7.4,0.3,0.7,58.0,34.0,0,2018
Markieff Morris,28.0,WAS,1968.0,13.2,0.566,3.3,-1.3,0.4,11.5,1.9,5.6,0.5,0.8,73.0,27.0,0,2018
Jeremy Lamb,25.0,CHO,1967.0,17.0,0.559,4.9,1.6,1.8,12.9,2.3,4.1,0.4,0.8,80.0,24.6,0,2018
Josh Jackson,20.0,PHO,1959.0,11.8,0.48,-0.7,-4.2,-1.1,13.1,1.5,4.6,0.5,1.0,77.0,25.4,0,2018
Marco Belinelli,31.0,2TM,1947.0,14.1,0.581,3.7,-0.5,0.8,12.1,1.9,1.9,0.2,0.8,80.0,24.3,0,2018
Darius Miller,27.0,NOP,1944.0,9.3,0.617,3.0,-1.9,0.1,7.8,1.4,2.0,0.2,0.3,82.0,23.7,0,2018
James Johnson,30.0,MIA,1943.0,15.8,0.575,5.0,1.6,1.7,10.8,3.8,4.9,0.7,1.0,73.0,26.6,0,2018
Kyrie Irving,25.0,BOS,1931.0,25.0,0.61,8.9,7.3,4.5,24.4,5.1,3.8,0.3,1.1,60.0,32.2,0,2018
Rondae Hollis-Jefferson,23.0,BRK,1920.0,16.9,0.548,4.1,0.1,1.0,13.9,2.5,6.8,0.7,1.0,68.0,28.2,0,2018
Joel Embiid,23.0,PHI,1912.0,22.9,0.573,6.2,3.3,2.6,22.9,3.2,11.0,1.8,0.6,63.0,30.3,0,2018
Aaron Gordon,22.0,ORL,1909.0,16.5,0.53,2.9,0.3,1.1,17.6,2.3,7.9,0.8,1.0,58.0,32.9,0,2018
Dirk Nowitzki,39.0,DAL,1900.0,16.7,0.575,4.8,2.3,2.1,12.0,1.6,5.7,0.6,0.6,77.0,24.7,0,2018
Stanley Johnson,21.0,DET,1894.0,9.0,0.48,1.8,-2.9,-0.4,8.7,1.6,3.7,0.2,1.4,69.0,27.4,0,2018
Jordan Clarkson,25.0,2TM,1888.0,16.4,0.542,3.0,0.1,1.0,13.9,2.7,2.7,0.1,0.7,81.0,23.3,0,2018
Tim Hardaway Jr.,25.0,NYK,1885.0,14.4,0.533,2.6,-0.6,0.7,17.5,2.7,3.9,0.2,1.1,57.0,33.1,0,2018
Devin Booker,21.0,PHO,1865.0,18.1,0.561,2.4,0.9,1.4,24.9,4.7,4.5,0.3,0.9,54.0,34.5,0,2018
Caris LeVert,23.0,BRK,1864.0,14.2,0.525,2.3,-0.8,0.6,12.1,4.2,3.7,0.3,1.2,71.0,26.3,0,2018
Lance Stephenson,27.0,IND,1850.0,12.4,0.495,1.8,-1.8,0.1,9.2,2.9,5.2,0.2,0.6,82.0,22.6,0,2018
Michael Kidd-Gilchrist,24.0,CHO,1850.0,12.5,0.536,3.3,-2.1,-0.1,9.2,1.0,4.1,0.4,0.7,74.0,25.0,0,2018
Chris Paul,32.0,HOU,1847.0,24.4,0.604,10.2,7.1,4.2,18.6,7.9,5.4,0.2,1.7,58.0,31.8,0,2018
Evan Fournier,25.0,ORL,1837.0,15.5,0.577,3.3,-0.6,0.7,17.8,2.9,3.2,0.3,0.8,57.0,32.2,0,2018
Myles Turner,21.0,IND,1836.0,16.6,0.567,4.7,-0.2,0.8,12.7,1.3,6.4,1.8,0.6,65.0,28.2,0,2018
Frank Kaminsky,24.0,CHO,1835.0,14.4,0.545,3.6,-0.2,0.8,11.1,1.6,3.6,0.2,0.5,79.0,23.2,0,2018
Enes Freedom,25.0,NYK,1830.0,24.0,0.63,7.5,2.2,1.9,14.1,1.5,11.0,0.5,0.5,71.0,25.8,0,2018
Jeff Green,31.0,CLE,1828.0,14.8,0.587,3.9,-1.8,0.1,10.8,1.3,3.2,0.4,0.5,78.0,23.4,0,2018
Rudy Gobert,25.0,UTA,1816.0,20.7,0.657,8.1,3.4,2.5,13.5,1.4,10.7,2.3,0.8,56.0,32.4,0,2018
Pau Gasol,37.0,SAS,1812.0,18.9,0.539,6.0,3.4,2.5,10.1,3.1,8.0,1.0,0.3,77.0,23.5,0,2018
George Hill,31.0,2TM,1812.0,13.3,0.58,3.2,-0.8,0.6,10.0,2.8,2.7,0.4,0.9,67.0,27.0,0,2018
Domantas Sabonis,21.0,IND,1810.0,17.5,0.567,4.7,-1.1,0.4,11.6,2.0,7.7,0.4,0.5,74.0,24.5,0,2018
Elfrid Payton,23.0,2TM,1808.0,16.5,0.538,2.8,-0.2,0.8,12.7,6.2,4.3,0.3,1.3,63.0,28.7,0,2018
Danny Green,30.0,SAS,1791.0,11.3,0.509,2.9,0.4,1.1,8.6,1.6,3.6,1.1,0.9,70.0,25.6,0,2018
Kent Bazemore,28.0,ATL,1789.0,14.5,0.547,2.2,0.6,1.2,12.9,3.5,3.8,0.7,1.5,65.0,27.5,0,2018
John Collins,20.0,ATL,1785.0,18.3,0.62,5.4,-0.2,0.8,10.5,1.3,7.3,1.1,0.6,74.0,24.1,0,2018
Lonzo Ball,20.0,LAL,1780.0,12.5,0.444,2.0,1.0,1.3,10.2,7.2,6.9,0.8,1.7,52.0,34.2,0,2018
Kelly Olynyk,26.0,MIA,1779.0,17.8,0.612,5.5,2.3,1.9,11.5,2.7,5.7,0.5,0.8,76.0,23.4,0,2018
Doug McDermott,26.0,2TM,1768.0,10.4,0.579,2.3,-2.2,-0.1,7.8,1.0,2.5,0.2,0.2,81.0,21.8,0,2018
D.J. Augustin,30.0,ORL,1760.0,15.4,0.615,4.1,-0.2,0.8,10.2,3.8,2.1,0.0,0.7,75.0,23.5,0,2018
Anthony Tolliver,32.0,DET,1757.0,13.9,0.663,5.3,0.9,1.3,8.9,1.1,3.1,0.3,0.4,79.0,22.2,0,2018
Dejounte Murray,21.0,SAS,1743.0,15.1,0.485,3.2,0.5,1.1,8.1,2.9,5.7,0.4,1.2,81.0,21.5,0,2018
DeMarcus Cousins,27.0,NOP,1737.0,22.6,0.583,4.7,4.7,2.9,25.2,5.4,12.9,1.6,1.6,48.0,36.2,0,2018
Brook Lopez,29.0,LAL,1735.0,16.5,0.557,3.8,0.9,1.3,13.0,1.7,4.0,1.3,0.4,74.0,23.4,0,2018
Reggie Bullock,26.0,DET,1732.0,13.6,0.615,4.2,0.7,1.2,11.3,1.5,2.5,0.2,0.8,62.0,27.9,0,2018
Ersan İlyasova,30.0,2TM,1729.0,14.9,0.558,4.0,-0.6,0.6,10.9,1.3,5.9,0.4,0.9,69.0,25.1,0,2018
Jonas Valančiūnas,25.0,TOR,1727.0,22.5,0.628,7.6,2.4,1.9,12.7,1.1,8.6,0.9,0.4,77.0,22.4,0,2018
Ryan Anderson,29.0,HOU,1725.0,12.6,0.592,4.8,0.1,0.9,9.3,0.9,5.0,0.3,0.4,66.0,26.1,0,2018
Frank Ntilikina,19.0,NYK,1706.0,7.0,0.437,-0.9,-5.0,-1.3,5.9,3.2,2.3,0.2,0.8,78.0,21.9,0,2018
T.J. McConnell,25.0,PHI,1706.0,12.5,0.545,3.8,0.0,0.9,6.3,4.0,3.0,0.2,1.2,76.0,22.4,0,2018
Rajon Rondo,31.0,NOP,1705.0,15.3,0.522,3.6,-0.3,0.7,8.3,8.2,4.0,0.2,1.1,65.0,26.2,0,2018
Robin Lopez,29.0,CHI,1690.0,14.7,0.552,1.9,-2.2,-0.1,11.8,1.9,4.5,0.8,0.2,64.0,26.4,0,2018
Jerian Grant,25.0,CHI,1686.0,14.3,0.528,3.3,-1.3,0.3,8.4,4.6,2.3,0.1,0.9,74.0,22.8,0,2018
Nikola Vučević,27.0,ORL,1683.0,19.7,0.533,3.6,2.7,2.0,16.5,3.4,9.2,1.1,1.0,57.0,29.5,0,2018
Justise Winslow,21.0,MIA,1680.0,11.5,0.496,2.6,-1.1,0.4,7.8,2.2,5.4,0.5,0.8,68.0,24.7,0,2018
Pascal Siakam,23.0,TOR,1679.0,14.5,0.549,4.7,1.3,1.4,7.3,2.0,4.5,0.5,0.8,81.0,20.7,0,2018
Dwight Powell,26.0,DAL,1672.0,18.8,0.656,6.6,1.6,1.5,8.5,1.2,5.6,0.4,0.8,79.0,21.2,0,2018
Jarell Martin,23.0,MEM,1661.0,10.5,0.516,1.3,-4.0,-0.8,7.7,1.0,4.4,0.7,0.5,73.0,22.8,0,2018
Tyler Ulis,22.0,PHO,1658.0,10.1,0.465,-0.2,-4.4,-1.0,7.8,4.4,1.8,0.1,1.0,71.0,23.4,0,2018
Mario Hezonja,22.0,ORL,1657.0,13.7,0.544,2.3,-0.5,0.6,9.6,1.4,3.7,0.4,1.1,75.0,22.1,0,2018
Jamal Crawford,37.0,MIN,1653.0,13.0,0.519,1.3,-2.3,-0.1,10.3,2.3,1.2,0.1,0.5,80.0,20.7,0,2018
Michael Beasley,29.0,NYK,1653.0,17.8,0.556,2.4,-0.2,0.7,13.2,1.7,5.6,0.6,0.5,74.0,22.3,0,2018
Kevin Love,29.0,CLE,1651.0,22.4,0.614,6.4,3.3,2.2,17.6,1.7,9.3,0.4,0.7,59.0,28.0,0,2018
Jerami Grant,23.0,OKC,1647.0,16.2,0.607,5.4,0.3,1.0,8.4,0.7,3.9,1.0,0.4,81.0,20.3,0,2018
David Nwaba,25.0,CHI,1646.0,12.2,0.542,2.4,-2.5,-0.2,7.9,1.5,4.7,0.4,0.8,70.0,23.5,0,2018
Bobby Portis,22.0,CHI,1643.0,19.7,0.548,3.5,0.8,1.2,13.2,1.7,6.8,0.3,0.7,73.0,22.5,0,2018
Tomáš Satoranský,26.0,WAS,1643.0,15.4,0.615,5.0,1.2,1.3,7.2,3.9,3.2,0.2,0.7,73.0,22.5,0,2018
Stephen Curry,29.0,GSW,1631.0,28.2,0.675,9.1,7.7,4.0,26.4,6.1,5.1,0.2,1.6,51.0,32.0,0,2018
Troy Daniels,26.0,PHO,1622.0,9.8,0.583,1.4,-2.6,-0.3,8.9,0.6,1.6,0.1,0.3,79.0,20.5,0,2018
Andre Iguodala,34.0,GSW,1622.0,11.2,0.536,3.2,-0.3,0.7,6.0,3.3,3.8,0.6,0.8,64.0,25.3,0,2018
Rodney Hood,25.0,2TM,1616.0,14.3,0.546,2.7,-0.1,0.8,14.7,1.6,2.8,0.2,0.8,60.0,26.9,0,2018
Garrett Temple,31.0,SAC,1615.0,10.3,0.536,1.2,-2.5,-0.2,8.4,1.9,2.3,0.4,0.9,65.0,24.8,0,2018
Marcus Smart,23.0,BOS,1614.0,10.8,0.479,1.9,-1.2,0.3,10.2,4.8,3.5,0.4,1.3,54.0,29.9,0,2018
Tyreke Evans,28.0,MEM,1607.0,21.1,0.561,4.2,4.5,2.6,19.4,5.2,5.1,0.3,1.1,52.0,30.9,0,2018
James Ennis III,27.0,2TM,1604.0,11.6,0.588,3.1,-1.2,0.3,7.1,1.0,3.1,0.3,0.7,72.0,22.3,0,2018
J.J. Barea,33.0,DAL,1603.0,17.8,0.545,3.3,1.2,1.3,11.6,6.3,2.9,0.0,0.5,69.0,23.2,0,2018
Kyle Korver,36.0,CLE,1574.0,13.4,0.652,3.4,0.2,0.9,9.2,1.2,2.3,0.4,0.4,73.0,21.6,0,2018
Luc Mbah a Moute,31.0,HOU,1564.0,10.3,0.595,2.8,-0.2,0.7,7.5,0.9,3.0,0.4,1.2,61.0,25.6,0,2018
Dante Cunningham,30.0,2TM,1562.0,10.0,0.539,2.4,-1.7,0.1,5.7,0.7,4.1,0.4,0.5,73.0,21.4,0,2018
Bradley Beal,25.0,WAS,3028.0,20.8,0.581,7.6,2.9,3.7,25.6,5.5,5.0,0.7,1.5,82.0,36.9,0,2019
James Harden,29.0,HOU,2867.0,30.6,0.616,15.2,11.0,9.3,36.1,7.5,6.6,0.7,2.0,78.0,36.8,0,2019
Kemba Walker,28.0,CHO,2863.0,21.7,0.558,7.4,4.2,4.4,25.6,5.9,4.4,0.4,1.2,82.0,34.9,0,2019
Tobias Harris,26.0,2TM,2847.0,17.2,0.592,7.1,1.6,2.6,20.0,2.8,7.9,0.5,0.6,82.0,34.7,0,2019
Paul George,28.0,OKC,2841.0,23.3,0.583,11.9,7.2,6.6,28.0,4.1,8.2,0.4,2.2,77.0,36.9,0,2019
Damian Lillard,28.0,POR,2838.0,23.7,0.588,12.1,6.4,6.0,25.8,6.9,4.6,0.4,1.1,80.0,35.5,0,2019
P.J. Tucker,33.0,HOU,2802.0,9.2,0.547,5.0,-0.6,1.0,7.3,1.2,5.8,0.5,1.6,82.0,34.2,0,2019
Kevin Durant,30.0,GSW,2702.0,24.2,0.631,11.5,5.5,5.1,26.0,5.9,6.4,1.1,0.7,78.0,34.6,0,2019
Ben Simmons,22.0,PHI,2700.0,20.0,0.582,8.2,3.6,3.8,16.9,7.7,8.8,0.8,1.4,79.0,34.2,0,2019
DeMar DeRozan,29.0,SAS,2688.0,19.6,0.542,6.3,1.1,2.2,21.2,6.2,6.0,0.5,1.1,77.0,34.9,0,2019
LaMarcus Aldridge,33.0,SAS,2687.0,22.9,0.576,9.3,1.8,2.6,21.3,2.4,9.2,1.3,0.5,81.0,33.2,0,2019
Steven Adams,25.0,OKC,2669.0,18.5,0.591,9.1,1.1,2.1,13.9,1.6,9.5,1.0,1.5,80.0,33.4,0,2019
Klay Thompson,28.0,GSW,2652.0,16.6,0.571,5.3,-0.3,1.2,21.5,2.4,3.8,0.6,1.1,78.0,34.0,0,2019
Andre Drummond,25.0,DET,2647.0,23.4,0.555,10.0,2.1,2.7,17.3,1.4,15.6,1.7,1.7,79.0,33.5,0,2019
Aaron Gordon,23.0,ORL,2633.0,15.1,0.538,5.1,0.6,1.7,16.0,3.7,7.4,0.7,0.7,78.0,33.8,0,2019
Russell Westbrook,30.0,OKC,2630.0,21.1,0.501,6.8,5.2,4.7,22.9,10.7,11.1,0.5,1.9,73.0,36.0,0,2019
Blake Griffin,29.0,DET,2622.0,21.0,0.581,8.0,5.1,4.7,24.5,5.4,7.5,0.4,0.7,75.0,35.0,0,2019
Buddy Hield,26.0,SAC,2615.0,17.5,0.587,5.9,2.1,2.7,20.7,2.5,5.0,0.4,0.7,82.0,31.9,0,2019
Jerami Grant,24.0,OKC,2612.0,13.8,0.592,7.3,0.2,1.5,13.6,1.0,5.2,1.3,0.8,80.0,32.7,0,2019
Justin Holiday,29.0,2TM,2607.0,10.0,0.52,2.1,-1.8,0.1,10.5,1.8,3.9,0.4,1.5,82.0,31.8,0,2019
Collin Sexton,20.0,CLE,2605.0,12.0,0.52,-0.6,-4.7,-1.8,16.7,3.0,2.9,0.1,0.5,82.0,31.8,0,2019
Donovan Mitchell,22.0,UTA,2598.0,17.2,0.537,5.0,1.3,2.2,23.8,4.2,4.1,0.4,1.4,77.0,33.7,0,2019
Rudy Gobert,26.0,UTA,2577.0,24.6,0.682,14.4,5.4,4.8,15.9,2.0,12.9,2.3,0.8,81.0,31.8,0,2019
Bojan Bogdanović,29.0,IND,2573.0,16.1,0.613,6.8,0.7,1.7,18.0,2.0,4.1,0.0,0.9,81.0,31.8,0,2019
Joe Ingles,31.0,UTA,2568.0,13.4,0.581,6.0,1.4,2.2,12.1,5.7,4.0,0.2,1.2,82.0,31.3,0,2019
Evan Fournier,26.0,ORL,2553.0,12.3,0.536,3.2,-2.4,-0.3,15.1,3.6,3.2,0.1,0.9,81.0,31.5,0,2019
Pascal Siakam,24.0,TOR,2548.0,18.7,0.628,9.3,2.4,2.8,16.9,3.1,6.9,0.7,0.9,80.0,31.9,0,2019
De'Aaron Fox,21.0,SAC,2546.0,18.1,0.544,5.6,1.5,2.3,17.3,7.3,3.8,0.6,1.6,81.0,31.4,0,2019
Karl-Anthony Towns,23.0,MIN,2545.0,26.3,0.622,10.4,6.0,5.1,24.4,3.4,12.4,1.6,0.9,77.0,33.1,0,2019
Andrew Wiggins,23.0,MIN,2543.0,12.4,0.493,0.6,-3.0,-0.6,18.1,2.5,4.8,0.7,1.0,73.0,34.8,0,2019
Josh Richardson,25.0,MIA,2539.0,14.0,0.536,5.6,0.3,1.5,16.6,4.1,3.6,0.5,1.1,73.0,34.8,0,2019
Harrison Barnes,26.0,2TM,2533.0,12.8,0.55,3.6,-1.4,0.4,16.4,1.5,4.7,0.2,0.6,77.0,32.9,0,2019
Nikola Vučević,28.0,ORL,2510.0,25.5,0.573,10.1,6.6,5.5,20.8,3.8,12.0,1.1,1.0,80.0,31.4,0,2019
Nikola Jokić,23.0,DEN,2504.0,26.3,0.589,11.8,9.1,7.0,20.1,7.3,10.8,0.7,1.4,80.0,31.3,0,2019
Trae Young,20.0,ATL,2503.0,17.0,0.539,3.3,-0.6,0.9,19.1,8.1,3.7,0.2,0.9,81.0,30.9,0,2019
Thaddeus Young,30.0,IND,2489.0,16.2,0.569,6.9,1.5,2.2,12.6,2.5,6.5,0.4,1.5,81.0,30.7,0,2019
Jayson Tatum,20.0,BOS,2455.0,15.1,0.547,5.0,-0.2,1.1,15.7,2.1,6.0,0.7,1.1,79.0,31.1,0,2019
D'Angelo Russell,22.0,BRK,2448.0,19.4,0.533,5.0,3.4,3.4,21.1,7.0,3.9,0.2,1.2,81.0,30.2,0,2019
Jamal Murray,21.0,DEN,2447.0,16.0,0.538,5.1,0.6,1.6,18.2,4.8,4.2,0.4,0.9,75.0,32.6,0,2019
Cedi Osman,23.0,CLE,2444.0,11.5,0.536,1.5,-3.2,-0.8,13.0,2.6,4.7,0.1,0.8,76.0,32.2,0,2019
Marc Gasol,34.0,2TM,2436.0,16.7,0.546,6.0,3.1,3.1,13.6,4.4,7.9,1.1,1.1,79.0,30.8,0,2019
Mikal Bridges,22.0,PHO,2417.0,10.8,0.556,2.9,-1.6,0.3,8.3,2.1,3.2,0.5,1.6,82.0,29.5,0,2019
Jrue Holiday,28.0,NOP,2402.0,19.4,0.555,5.4,3.0,3.1,21.2,7.7,5.0,0.8,1.6,67.0,35.9,0,2019
Khris Middleton,27.0,MIL,2393.0,16.5,0.558,6.1,0.8,1.7,18.3,4.3,6.0,0.1,1.0,77.0,31.1,0,2019
JJ Redick,34.0,PHI,2379.0,15.1,0.602,5.9,0.2,1.3,18.1,2.7,2.4,0.2,0.4,76.0,31.3,0,2019
CJ McCollum,27.0,POR,2375.0,17.0,0.553,5.6,1.0,1.8,21.0,3.0,4.0,0.4,0.8,70.0,33.9,0,2019
Giannis Antetokounmpo,24.0,MIL,2358.0,30.9,0.644,14.4,10.4,7.4,27.7,5.9,12.5,1.5,1.3,72.0,32.8,1,2019
Nicolas Batum,30.0,CHO,2354.0,11.9,0.581,3.7,-0.3,1.0,9.3,3.3,5.2,0.6,0.9,75.0,31.4,0,2019
Trevor Ariza,33.0,2TM,2349.0,12.1,0.534,2.5,-1.3,0.4,12.5,3.7,5.4,0.3,1.3,69.0,34.0,0,2019
Mike Conley,31.0,MEM,2342.0,21.4,0.569,8.0,4.7,3.9,21.1,6.4,3.4,0.3,1.3,70.0,33.5,0,2019
Stephen Curry,30.0,GSW,2331.0,24.4,0.641,9.7,6.6,5.1,27.3,5.2,5.3,0.4,1.3,69.0,33.8,0,2019
Brook Lopez,30.0,MIL,2322.0,14.6,0.597,6.7,2.2,2.4,12.5,1.2,4.9,2.2,0.6,81.0,28.7,0,2019
Luka Dončić,19.0,DAL,2318.0,19.6,0.545,4.9,3.9,3.4,21.2,6.0,7.8,0.3,1.1,72.0,32.2,0,2019
Dennis Schröder,25.0,OKC,2314.0,12.7,0.508,2.9,-2.0,0.0,15.5,4.1,3.6,0.2,0.8,79.0,29.3,0,2019
Kyle Kuzma,23.0,LAL,2314.0,14.0,0.546,3.1,-1.4,0.4,18.7,2.5,5.5,0.4,0.6,70.0,33.1,0,2019
Bryn Forbes,25.0,SAS,2293.0,12.0,0.586,3.8,-1.2,0.5,11.8,2.1,2.9,0.0,0.5,82.0,28.0,0,2019
Joe Harris,27.0,BRK,2293.0,13.5,0.645,5.5,0.5,1.4,13.7,2.4,3.8,0.2,0.5,76.0,30.2,0,2019
Al-Farouq Aminu,28.0,POR,2292.0,13.2,0.568,5.8,0.7,1.5,9.4,1.3,7.5,0.4,0.8,81.0,28.3,0,2019
Reggie Jackson,28.0,DET,2289.0,15.2,0.547,5.0,0.4,1.4,15.4,4.2,2.6,0.1,0.7,82.0,27.9,0,2019
Eric Bledsoe,29.0,MIL,2272.0,19.3,0.577,8.2,3.1,2.9,15.9,5.5,4.6,0.4,1.5,78.0,29.1,0,2019
D.J. Augustin,31.0,ORL,2269.0,15.7,0.616,6.9,0.5,1.4,11.7,5.3,2.5,0.0,0.6,81.0,28.0,0,2019
Jeremy Lamb,26.0,CHO,2250.0,17.3,0.552,5.3,1.2,1.8,15.3,2.2,5.5,0.4,1.1,79.0,28.5,0,2019
Clint Capela,24.0,HOU,2249.0,23.8,0.658,10.8,3.0,2.8,16.6,1.4,12.7,1.5,0.7,67.0,33.6,0,2019
Devin Booker,22.0,PHO,2242.0,20.2,0.584,3.5,1.0,1.7,26.6,6.8,4.1,0.2,0.9,64.0,35.0,0,2019
Julius Randle,24.0,NOP,2232.0,20.9,0.6,6.1,1.5,2.0,21.4,3.1,8.7,0.6,0.7,73.0,30.6,0,2019
Danny Green,31.0,TOR,2216.0,13.0,0.632,5.9,2.0,2.2,10.3,1.6,4.0,0.7,0.9,80.0,27.7,0,2019
Jordan Clarkson,26.0,CLE,2214.0,16.8,0.539,1.8,-0.5,0.8,16.8,2.4,3.3,0.2,0.7,81.0,27.3,0,2019
Kyrie Irving,26.0,BOS,2214.0,24.3,0.592,9.1,7.2,5.1,23.8,6.9,5.0,0.5,1.5,67.0,33.0,0,2019
Willie Cauley-Stein,25.0,SAC,2213.0,18.0,0.566,6.7,1.2,1.8,11.9,2.4,8.4,0.6,1.2,81.0,27.3,0,2019
Kyle Lowry,32.0,TOR,2213.0,16.5,0.562,6.6,2.3,2.4,14.2,8.7,4.8,0.5,1.4,65.0,34.0,0,2019
Marcus Smart,24.0,BOS,2200.0,13.1,0.568,5.3,0.8,1.5,8.9,4.0,2.9,0.4,1.8,80.0,27.5,0,2019
Jimmy Butler,29.0,2TM,2185.0,20.2,0.571,7.9,3.7,3.2,18.7,4.0,5.3,0.6,1.9,65.0,33.6,0,2019
Deandre Ayton,20.0,PHO,2183.0,20.5,0.608,5.8,0.2,1.2,16.3,1.8,10.3,0.9,0.9,71.0,30.7,0,2019
Shai Gilgeous-Alexander,20.0,LAC,2174.0,13.4,0.554,3.3,-0.5,0.8,10.8,3.3,2.8,0.5,1.2,82.0,26.5,0,2019
Zach LaVine,23.0,CHI,2171.0,18.7,0.574,2.8,0.8,1.5,23.7,4.5,4.7,0.4,1.0,63.0,34.5,0,2019
Jae Crowder,28.0,UTA,2166.0,12.1,0.538,4.4,0.3,1.2,11.9,1.7,4.8,0.4,0.8,80.0,27.1,0,2019
Tomáš Satoranský,27.0,WAS,2164.0,14.1,0.59,4.7,-0.7,0.7,8.9,5.0,3.5,0.2,1.0,80.0,27.1,0,2019
Montrezl Harrell,25.0,LAC,2158.0,23.4,0.636,8.7,3.3,2.9,16.6,2.0,6.5,1.3,0.9,82.0,26.3,0,2019
Kevin Knox,19.0,NYK,2158.0,8.7,0.475,-1.3,-5.7,-2.0,12.8,1.1,4.5,0.3,0.6,75.0,28.8,0,2019
Eric Gordon,30.0,HOU,2158.0,12.2,0.549,2.6,-1.3,0.4,16.2,1.9,2.2,0.4,0.6,68.0,31.7,0,2019
Joel Embiid,24.0,PHI,2154.0,26.1,0.593,8.7,4.9,3.8,27.5,3.7,13.6,1.9,0.7,64.0,33.7,0,2019
Terrence Ross,27.0,ORL,2150.0,15.4,0.561,4.3,0.8,1.5,15.1,1.7,3.5,0.4,0.9,81.0,26.5,0,2019
Darren Collison,31.0,IND,2143.0,16.7,0.574,6.8,1.8,2.1,11.2,6.0,3.1,0.1,1.4,76.0,28.2,0,2019
Patrick Beverley,30.0,LAC,2137.0,11.8,0.561,4.8,0.9,1.5,7.6,3.8,5.0,0.6,0.9,78.0,27.4,0,2019
Marvin Williams,32.0,CHO,2133.0,12.6,0.548,3.8,-0.3,0.9,10.1,1.2,5.4,0.8,0.9,75.0,28.4,0,2019
Myles Turner,22.0,IND,2119.0,18.0,0.567,6.3,2.5,2.4,13.3,1.6,7.2,2.7,0.8,74.0,28.6,0,2019
Jeff Green,32.0,WAS,2097.0,13.6,0.608,3.6,-1.4,0.3,12.3,1.8,4.0,0.5,0.6,77.0,27.2,0,2019
Jarrett Allen,20.0,BRK,2096.0,18.5,0.632,7.6,1.6,1.9,10.9,1.4,8.4,1.5,0.5,80.0,26.2,0,2019
Marcus Morris,29.0,BOS,2091.0,14.2,0.568,4.5,-0.9,0.6,13.9,1.5,6.1,0.3,0.6,75.0,27.9,0,2019
Wesley Matthews,32.0,3TM,2091.0,10.3,0.546,2.7,-1.8,0.1,12.2,2.3,2.5,0.2,0.8,69.0,30.3,0,2019
Draymond Green,28.0,GSW,2065.0,12.9,0.526,4.3,1.4,1.8,7.4,6.9,7.3,1.1,1.4,66.0,31.3,0,2019
Cory Joseph,27.0,IND,2063.0,11.0,0.474,3.5,-0.4,0.9,6.5,3.9,3.4,0.3,1.1,82.0,25.2,0,2019
Danilo Gallinari,30.0,LAC,2059.0,21.0,0.633,8.2,4.3,3.3,19.8,2.6,6.1,0.3,0.7,68.0,30.3,0,2019
Tim Hardaway Jr.,26.0,2TM,2057.0,13.6,0.527,1.8,-2.0,0.0,18.1,2.4,3.4,0.1,0.8,65.0,31.6,0,2019
Kevin Huerter,20.0,ATL,2048.0,10.1,0.533,1.5,-2.4,-0.2,9.7,2.9,3.3,0.3,0.9,75.0,27.3,0,2019
DeAndre Jordan,30.0,2TM,2047.0,19.0,0.674,7.1,2.1,2.1,11.0,2.3,13.1,1.1,0.6,69.0,29.7,0,2019
Kawhi Leonard,27.0,TOR,2040.0,25.8,0.606,9.5,7.2,4.7,26.6,3.3,7.3,0.4,1.8,60.0,34.0,0,2019
Garrett Temple,32.0,2TM,2040.0,8.5,0.543,2.2,-2.8,-0.4,7.8,1.4,2.9,0.4,1.0,75.0,27.2,0,2019
Kentavious Caldwell-Pope,25.0,LAL,2035.0,12.9,0.568,4.0,-0.5,0.8,11.4,1.3,2.9,0.2,0.9,82.0,24.8,0,2019
Austin Rivers,26.0,2TM,2028.0,7.7,0.503,1.2,-4.3,-1.1,8.1,2.2,2.1,0.3,0.6,76.0,26.7,0,2019
Dario Šarić,24.0,2TM,2023.0,13.1,0.563,3.5,-1.6,0.2,10.6,1.6,5.6,0.1,0.6,81.0,25.0,0,2019
Serge Ibaka,29.0,TOR,2010.0,18.7,0.582,6.1,0.2,1.2,15.0,1.3,8.1,1.4,0.4,74.0,27.2,0,2019
Damyean Dotson,24.0,NYK,2004.0,10.8,0.526,1.5,-2.6,-0.3,10.7,1.8,3.6,0.1,0.8,73.0,27.5,0,2019
Jonathan Isaac,21.0,ORL,1996.0,13.0,0.537,4.0,-0.4,0.8,9.6,1.1,5.5,1.3,0.8,75.0,26.6,0,2019
Lou Williams,32.0,LAC,1993.0,21.2,0.554,5.1,2.2,2.1,20.0,5.4,3.0,0.1,0.8,75.0,26.6,0,2019
Josh Jackson,21.0,PHO,1988.0,10.6,0.487,-1.7,-4.6,-1.3,11.5,2.3,4.4,0.7,0.9,79.0,25.2,0,2019
Dorian Finney-Smith,25.0,DAL,1985.0,11.0,0.53,3.3,-1.4,0.3,7.5,1.2,4.8,0.4,0.9,81.0,24.5,0,2019
Jusuf Nurkić,24.0,POR,1974.0,23.4,0.57,7.8,3.7,2.8,15.6,3.2,10.4,1.4,1.0,72.0,27.4,0,2019
Al Horford,32.0,BOS,1973.0,20.2,0.605,7.5,5.1,3.6,13.6,4.2,6.7,1.3,0.9,68.0,29.0,0,2019
Monte Morris,23.0,DEN,1970.0,16.2,0.577,6.2,1.5,1.7,10.4,3.6,2.4,0.0,0.9,82.0,24.0,0,2019
Ryan Arcidiacono,24.0,CHI,1961.0,11.6,0.588,3.7,-1.9,0.1,6.7,3.3,2.7,0.0,0.8,81.0,24.2,0,2019
Justise Winslow,22.0,MIA,1959.0,12.8,0.513,2.8,-0.6,0.7,12.6,4.3,5.4,0.3,1.1,66.0,29.7,0,2019
Bogdan Bogdanović,26.0,SAC,1947.0,14.1,0.53,2.7,-0.6,0.7,14.1,3.8,3.5,0.2,1.0,70.0,27.8,0,2019
LeBron James,34.0,LAL,1937.0,25.6,0.588,7.2,8.0,4.9,27.4,8.3,8.5,0.6,1.3,55.0,35.2,0,2019
Kelly Oubre Jr.,23.0,2TM,1935.0,15.2,0.551,2.2,-1.2,0.4,15.2,1.2,4.7,0.9,1.2,69.0,28.0,0,2019
DeAndre' Bembry,24.0,ATL,1931.0,10.8,0.508,0.9,-2.4,-0.2,8.4,2.5,4.4,0.5,1.3,82.0,23.5,0,2019
Terrance Ferguson,20.0,OKC,1931.0,6.4,0.566,2.8,-3.8,-0.9,6.9,1.0,1.9,0.2,0.5,74.0,26.1,0,2019
Spencer Dinwiddie,25.0,BRK,1914.0,16.3,0.58,4.8,0.6,1.3,16.8,4.6,2.4,0.3,0.6,68.0,28.1,0,2019
Bam Adebayo,21.0,MIA,1913.0,17.9,0.623,6.8,1.8,1.8,8.9,2.2,7.3,0.8,0.9,82.0,23.3,0,2019
Jaylen Brown,22.0,BOS,1913.0,13.5,0.547,3.0,-2.1,0.0,13.0,1.4,4.2,0.4,0.9,74.0,25.9,0,2019
Patty Mills,30.0,SAS,1908.0,13.2,0.572,3.5,-0.3,0.8,9.9,3.0,2.2,0.1,0.6,82.0,23.3,0,2019
Avery Bradley,28.0,2TM,1905.0,7.6,0.496,0.3,-3.7,-0.8,9.9,2.4,2.8,0.3,0.7,63.0,30.2,0,2019
Ricky Rubio,28.0,UTA,1899.0,14.0,0.52,3.7,-0.2,0.9,12.7,6.1,3.6,0.1,1.3,68.0,27.9,0,2019
Paul Millsap,33.0,DEN,1895.0,17.9,0.57,6.1,1.7,1.8,12.6,2.0,7.2,0.8,1.2,70.0,27.1,0,2019
Rodney Hood,26.0,2TM,1893.0,12.3,0.545,2.6,-2.0,0.0,11.2,1.8,2.2,0.2,0.8,72.0,26.3,0,2019
Dwyane Wade,37.0,MIA,1885.0,15.8,0.51,2.4,0.6,1.2,15.0,4.2,4.0,0.5,0.8,72.0,26.2,0,2019
Malik Beasley,22.0,DEN,1879.0,14.2,0.599,4.5,0.1,1.0,11.3,1.2,2.5,0.1,0.7,81.0,23.2,0,2019
Reggie Bullock,27.0,2TM,1879.0,10.5,0.563,3.1,-1.1,0.4,11.3,2.0,2.7,0.2,0.6,63.0,29.8,0,2019
Gordon Hayward,28.0,BOS,1863.0,15.6,0.575,4.9,0.8,1.3,11.5,3.4,4.5,0.3,0.9,72.0,25.9,0,2019
Chris Paul,33.0,HOU,1857.0,19.7,0.56,6.6,3.9,2.8,15.6,8.2,4.6,0.3,2.0,58.0,32.0,0,2019
Anthony Davis,25.0,NOP,1850.0,30.3,0.597,9.5,9.4,5.3,25.9,3.9,12.0,2.4,1.6,56.0,33.0,0,2019
Rudy Gay,32.0,SAS,1842.0,17.5,0.583,4.4,1.4,1.6,13.7,2.6,6.8,0.5,0.8,69.0,26.7,0,2019
Domantas Sabonis,22.0,IND,1838.0,21.9,0.63,7.6,3.1,2.4,14.1,2.9,9.3,0.4,0.6,74.0,24.8,0,2019
Malcolm Brogdon,26.0,MIL,1832.0,17.8,0.614,6.5,2.2,1.9,15.6,3.2,4.5,0.2,0.7,64.0,28.6,0,2019
John Collins,21.0,ATL,1829.0,21.8,0.627,6.0,0.9,1.3,19.5,2.0,9.8,0.6,0.4,61.0,30.0,0,2019
Marco Belinelli,32.0,SAS,1815.0,11.9,0.557,2.5,-1.7,0.1,10.5,1.7,2.5,0.1,0.4,79.0,23.0,0,2019
Kelly Olynyk,27.0,MIA,1812.0,14.4,0.61,4.7,0.7,1.2,10.0,1.8,4.7,0.5,0.7,79.0,22.9,0,2019
Landry Shamet,21.0,2TM,1802.0,11.0,0.604,3.6,-1.6,0.2,9.1,1.5,1.7,0.1,0.5,79.0,22.8,0,2019
Larry Nance Jr.,26.0,CLE,1795.0,18.6,0.583,4.9,2.4,2.0,9.4,3.2,8.2,0.6,1.5,67.0,26.8,0,2019
Terry Rozier,24.0,BOS,1791.0,12.9,0.501,3.2,-0.2,0.8,9.0,2.9,3.9,0.3,0.9,79.0,22.7,0,2019
Nemanja Bjelica,30.0,SAC,1788.0,15.4,0.585,4.5,0.9,1.3,9.6,1.9,5.8,0.7,0.7,77.0,23.2,0,2019
Derrick Favors,27.0,UTA,1766.0,21.8,0.624,7.9,3.3,2.4,11.8,1.2,7.4,1.4,0.7,76.0,23.2,0,2019
Fred VanVleet,24.0,TOR,1760.0,13.7,0.539,4.3,0.5,1.1,11.0,4.8,2.6,0.3,0.9,64.0,27.5,0,2019
Brandon Ingram,21.0,LAL,1760.0,13.4,0.555,2.0,-2.0,0.0,18.3,3.0,5.1,0.6,0.5,52.0,33.8,0,2019
Josh Okogie,20.0,MIN,1757.0,9.4,0.492,1.2,-3.1,-0.5,7.7,1.2,2.9,0.4,1.2,74.0,23.7,0,2019
Darius Miller,28.0,NOP,1757.0,8.4,0.55,1.6,-2.9,-0.4,8.2,2.1,1.9,0.3,0.6,69.0,25.5,0,2019
Langston Galloway,27.0,DET,1745.0,10.7,0.534,3.4,-1.5,0.2,8.4,1.1,2.1,0.1,0.5,80.0,21.8,0,2019
Mason Plumlee,28.0,DEN,1731.0,17.8,0.602,5.8,2.1,1.8,7.8,3.0,6.4,0.9,0.8,82.0,21.1,0,2019
Derrick White,24.0,SAS,1728.0,14.8,0.555,3.6,0.9,1.3,9.9,3.9,3.7,0.7,1.0,67.0,25.8,0,2019
Jabari Parker,23.0,2TM,1724.0,15.5,0.56,1.4,-1.5,0.2,14.5,2.4,6.6,0.5,0.7,64.0,26.9,0,2019
Noah Vonleh,23.0,NYK,1722.0,13.9,0.561,3.2,-0.7,0.6,8.4,1.9,7.8,0.8,0.7,68.0,25.3,0,2019
Josh Hart,23.0,LAL,1715.0,9.3,0.526,2.1,-1.3,0.3,7.8,1.4,3.7,0.6,1.0,67.0,25.6,0,2019
DeMarre Carroll,32.0,BRK,1703.0,12.1,0.546,3.1,-1.5,0.2,11.1,1.3,5.2,0.1,0.5,67.0,25.4,0,2019
Delon Wright,26.0,2TM,1699.0,15.5,0.523,4.3,1.5,1.5,8.7,3.3,3.5,0.4,1.2,75.0,22.7,0,2019
Miles Bridges,20.0,CHO,1696.0,13.1,0.548,2.9,-0.8,0.5,7.5,1.2,4.0,0.6,0.7,80.0,21.2,0,2019
Taj Gibson,33.0,MIN,1686.0,17.8,0.612,5.1,-0.1,0.8,10.8,1.2,6.5,0.6,0.8,70.0,24.1,0,2019
Otto Porter Jr.,25.0,2TM,1683.0,15.9,0.569,3.2,0.9,1.2,13.9,2.1,5.6,0.6,1.5,56.0,30.1,0,2019
Lauri Markkanen,21.0,CHI,1682.0,17.1,0.553,2.7,-0.2,0.7,18.7,1.4,9.0,0.6,0.7,52.0,32.3,0,2019
Hassan Whiteside,29.0,MIA,1674.0,23.5,0.564,6.3,2.3,1.8,12.3,0.8,11.3,1.9,0.6,72.0,23.3,0,2019
Royce O'Neale,25.0,UTA,1671.0,9.0,0.589,3.3,-0.5,0.6,5.2,1.5,3.5,0.3,0.7,82.0,20.4,0,2019
JaVale McGee,31.0,LAL,1671.0,21.8,0.634,5.9,1.4,1.4,12.0,0.7,7.5,2.0,0.6,75.0,22.3,0,2019
Dwight Powell,27.0,DAL,1662.0,20.4,0.682,7.5,2.9,2.1,10.6,1.5,5.3,0.6,0.6,77.0,21.6,0,2019
Kent Bazemore,29.0,ATL,1643.0,11.9,0.507,0.7,-2.3,-0.1,11.6,2.3,3.9,0.6,1.3,67.0,24.5,0,2019
Enes Freedom,26.0,2TM,1640.0,22.3,0.594,5.4,1.0,1.2,13.7,1.7,9.8,0.4,0.5,67.0,24.5,0,2019
Gary Harris,24.0,DEN,1639.0,12.2,0.526,2.6,-1.6,0.2,12.9,2.2,2.8,0.3,1.0,57.0,28.8,0,2019
Dāvis Bertāns,26.0,SAS,1632.0,13.0,0.632,4.0,1.3,1.4,8.0,1.3,3.5,0.4,0.5,76.0,21.5,0,2019
Justin Jackson,23.0,2TM,1614.0,11.3,0.561,2.9,-1.6,0.2,7.2,1.2,2.6,0.2,0.4,81.0,19.9,0,2019
Dewayne Dedmon,29.0,ATL,1609.0,16.0,0.602,4.0,0.5,1.0,10.8,1.4,7.5,1.1,1.1,64.0,25.1,0,2019
Emmanuel Mudiay,22.0,NYK,1607.0,14.6,0.531,0.8,-2.0,0.0,14.8,3.9,3.3,0.3,0.7,59.0,27.2,0,2019
Robin Lopez,30.0,CHI,1606.0,15.9,0.598,2.7,-1.9,0.0,9.5,1.2,3.9,1.1,0.1,74.0,21.7,0,2019
Evan Turner,30.0,POR,1605.0,11.6,0.504,2.0,-1.3,0.3,6.8,3.9,4.5,0.2,0.5,73.0,22.0,0,2019
Jalen Brunson,22.0,DAL,1591.0,12.8,0.549,2.6,-1.7,0.1,9.3,3.2,2.3,0.1,0.5,73.0,21.8,0,2019
Andre Iguodala,35.0,GSW,1578.0,13.1,0.587,4.2,1.8,1.5,5.7,3.2,3.7,0.8,0.9,68.0,23.2,0,2019
Marvin Bagley III,19.0,SAC,1567.0,18.9,0.562,3.6,-1.0,0.4,14.9,1.0,7.6,1.0,0.5,62.0,25.3,0,2019
CJ McCollum,28.0,POR,2556.0,17.0,0.541,4.1,0.5,1.6,22.2,4.4,4.2,0.6,0.8,70.0,36.5,0,2020
Devin Booker,23.0,PHO,2512.0,20.6,0.618,7.5,2.2,2.6,26.6,6.5,4.2,0.3,0.7,70.0,35.9,0,2020
James Harden,30.0,HOU,2483.0,29.1,0.626,13.1,9.6,7.3,34.3,7.5,6.6,0.9,1.8,68.0,36.5,0,2020
Harrison Barnes,27.0,SAC,2482.0,13.3,0.574,4.6,-1.3,0.5,14.5,2.2,4.9,0.2,0.6,72.0,34.5,0,2020
Damian Lillard,29.0,POR,2474.0,26.9,0.627,11.6,7.5,5.9,30.0,8.0,4.3,0.3,1.1,66.0,37.5,0,2020
Tobias Harris,27.0,PHI,2469.0,17.2,0.556,6.2,0.8,1.8,19.6,3.2,6.9,0.6,0.7,72.0,34.3,0,2020
P.J. Tucker,34.0,HOU,2467.0,8.3,0.559,4.0,-1.9,0.1,6.9,1.6,6.6,0.5,1.1,72.0,34.3,0,2020
Shai Gilgeous-Alexander,21.0,OKC,2428.0,17.7,0.568,6.1,1.7,2.2,19.0,3.3,5.9,0.7,1.1,70.0,34.7,0,2020
Bam Adebayo,22.0,MIA,2417.0,20.3,0.598,8.5,3.4,3.3,15.9,5.1,10.2,1.3,1.1,72.0,33.6,0,2020
Donovan Mitchell,23.0,UTA,2364.0,18.8,0.558,5.4,1.9,2.3,24.0,4.3,4.4,0.2,1.0,69.0,34.3,0,2020
Nikola Jokić,24.0,DEN,2336.0,24.9,0.605,9.8,7.4,5.5,19.9,7.0,9.7,0.6,1.2,73.0,32.0,0,2020
Rudy Gobert,27.0,UTA,2333.0,21.7,0.699,10.7,3.6,3.3,15.1,1.5,13.5,2.0,0.8,68.0,34.3,0,2020
DeMar DeRozan,30.0,SAS,2316.0,21.6,0.603,7.3,1.9,2.3,22.1,5.6,5.5,0.3,1.0,68.0,34.1,0,2020
LeBron James,35.0,LAL,2316.0,25.5,0.577,9.8,8.4,6.1,25.3,10.2,7.8,0.5,1.2,67.0,34.6,0,2020
Jayson Tatum,21.0,BOS,2265.0,20.4,0.567,6.9,4.0,3.4,23.4,3.0,7.0,0.9,1.4,66.0,34.3,0,2020
Buddy Hield,27.0,SAC,2216.0,16.0,0.566,3.0,1.1,1.7,19.2,3.0,4.6,0.2,0.9,72.0,30.8,0,2020
Devonte' Graham,24.0,CHO,2211.0,15.8,0.537,3.4,0.5,1.4,18.2,7.5,3.4,0.2,1.0,63.0,35.1,0,2020
Chris Paul,34.0,OKC,2208.0,21.7,0.61,8.9,4.4,3.5,17.6,6.7,5.0,0.2,1.6,70.0,31.5,0,2020
T.J. Warren,26.0,IND,2202.0,18.4,0.61,6.5,1.1,1.7,19.8,1.5,4.2,0.5,1.2,67.0,32.9,0,2020
Duncan Robinson,25.0,MIA,2166.0,13.1,0.684,5.3,0.5,1.3,13.5,1.4,3.2,0.3,0.5,73.0,29.7,0,2020
Terry Rozier,25.0,CHO,2164.0,14.8,0.553,3.0,-0.4,0.8,18.0,4.1,4.4,0.2,1.0,63.0,34.3,0,2020
Domantas Sabonis,23.0,IND,2159.0,20.7,0.586,7.5,3.2,2.9,18.5,5.0,12.4,0.5,0.8,62.0,34.8,0,2020
Collin Sexton,21.0,CLE,2143.0,16.3,0.56,2.5,-1.8,0.1,20.8,3.0,3.1,0.1,1.0,65.0,33.0,0,2020
Joe Ingles,32.0,UTA,2137.0,12.6,0.595,4.8,0.7,1.5,9.8,5.2,3.9,0.2,0.9,72.0,29.7,0,2020
Robert Covington,29.0,2TM,2137.0,13.3,0.559,3.7,0.0,1.1,12.4,1.3,6.6,1.3,1.6,70.0,30.5,0,2020
Anthony Davis,26.0,LAL,2131.0,27.4,0.61,11.1,8.0,5.4,26.1,3.2,9.3,2.3,1.5,62.0,34.4,0,2020
Joe Harris,28.0,BRK,2123.0,13.3,0.606,4.3,-0.2,1.0,14.5,2.1,4.3,0.2,0.6,69.0,30.8,0,2020
Dorian Finney-Smith,26.0,DAL,2120.0,12.3,0.595,4.9,-0.2,0.9,9.5,1.6,5.7,0.5,0.6,71.0,29.9,0,2020
Trae Young,21.0,ATL,2120.0,23.9,0.595,5.9,3.9,3.1,29.6,9.3,4.3,0.1,1.1,60.0,35.3,0,2020
Jrue Holiday,29.0,NOP,2117.0,17.0,0.537,3.9,1.8,2.0,19.1,6.7,4.8,0.8,1.6,61.0,34.7,0,2020
Dillon Brooks,24.0,MEM,2112.0,11.3,0.51,1.2,-4.1,-1.1,16.2,2.1,3.3,0.4,0.9,73.0,28.9,0,2020
Pascal Siakam,25.0,TOR,2110.0,17.9,0.554,5.4,1.8,2.0,22.9,3.5,7.3,0.9,1.0,60.0,35.2,0,2020
Brandon Ingram,22.0,NOP,2104.0,18.8,0.587,5.1,2.1,2.2,23.8,4.2,6.1,0.6,1.0,62.0,33.9,0,2020
Kyle Lowry,33.0,TOR,2098.0,17.7,0.59,7.5,3.2,2.8,19.4,7.5,5.0,0.4,1.4,58.0,36.2,0,2020
Tim Hardaway Jr.,27.0,DAL,2091.0,14.5,0.581,4.4,-0.1,1.0,15.8,1.9,3.3,0.1,0.6,71.0,29.5,0,2020
Zach LaVine,24.0,CHI,2085.0,19.4,0.568,4.0,2.5,2.4,25.5,4.2,4.8,0.5,1.5,60.0,34.8,0,2020
Bojan Bogdanović,30.0,UTA,2083.0,15.6,0.603,4.2,0.1,1.1,20.2,2.1,4.1,0.1,0.5,63.0,33.1,0,2020
Julius Randle,25.0,NYK,2080.0,17.5,0.538,2.7,-0.3,0.9,19.5,3.1,9.7,0.3,0.8,64.0,32.5,0,2020
Evan Fournier,27.0,ORL,2076.0,16.4,0.595,4.6,1.0,1.6,18.5,3.2,2.6,0.2,1.1,66.0,31.5,0,2020
Ja Morant,20.0,MEM,2074.0,17.4,0.556,3.8,0.3,1.2,17.8,7.3,3.9,0.3,0.9,67.0,31.0,0,2020
OG Anunoby,22.0,TOR,2066.0,13.2,0.6,5.7,1.2,1.7,10.6,1.6,5.3,0.7,1.4,69.0,29.9,0,2020
Bradley Beal,26.0,WAS,2053.0,23.2,0.579,5.1,2.9,2.5,30.5,6.1,4.2,0.4,1.2,57.0,36.0,0,2020
Royce O'Neale,26.0,UTA,2049.0,9.5,0.578,4.3,0.9,1.5,6.3,2.5,5.5,0.5,0.8,71.0,28.9,0,2020
Russell Westbrook,31.0,HOU,2049.0,21.0,0.536,4.2,1.5,1.8,27.2,7.0,7.9,0.4,1.6,57.0,35.9,0,2020
Luka Dončić,20.0,DAL,2047.0,27.6,0.585,8.8,8.4,5.4,28.8,8.8,9.4,0.2,1.0,61.0,33.6,0,2020
Mikal Bridges,23.0,PHO,2042.0,12.9,0.62,4.8,0.8,1.5,9.1,1.8,4.0,0.6,1.4,73.0,28.0,0,2020
Al Horford,33.0,PHI,2025.0,15.7,0.536,5.4,2.2,2.2,11.9,4.0,6.8,0.9,0.8,67.0,30.2,0,2020
Lonzo Ball,22.0,NOP,2025.0,13.1,0.517,2.4,0.6,1.3,11.8,7.0,6.1,0.6,1.4,63.0,32.1,0,2020
De'Andre Hunter,22.0,ATL,2018.0,8.6,0.521,0.1,-4.7,-1.4,12.3,1.8,4.5,0.3,0.7,63.0,32.0,0,2020
Aaron Gordon,24.0,ORL,2017.0,15.1,0.516,3.7,0.0,1.0,14.4,3.7,7.7,0.6,0.8,62.0,32.5,0,2020
Ben Simmons,23.0,PHI,2017.0,20.4,0.602,6.9,3.6,2.8,16.4,8.0,7.8,0.6,2.1,57.0,35.4,0,2020
Ricky Rubio,29.0,PHO,2016.0,16.5,0.535,4.9,1.0,1.5,13.0,8.8,4.7,0.2,1.4,65.0,31.0,0,2020
Nemanja Bjelica,31.0,SAC,2011.0,15.7,0.602,5.3,1.8,1.9,11.5,2.8,6.4,0.6,0.9,72.0,27.9,0,2020
Hassan Whiteside,30.0,POR,2008.0,25.0,0.644,8.5,3.2,2.6,15.5,1.2,13.5,2.9,0.4,67.0,30.0,0,2020
Dennis Schröder,26.0,OKC,1999.0,16.7,0.575,3.6,-0.1,1.0,18.9,4.0,3.6,0.2,0.7,65.0,30.8,0,2020
Nikola Vučević,29.0,ORL,1998.0,21.9,0.549,6.4,4.2,3.1,19.6,3.6,10.9,0.8,0.9,62.0,32.2,0,2020
Markelle Fultz,21.0,ORL,1996.0,14.3,0.517,2.7,-1.8,0.1,12.1,5.1,3.3,0.2,1.3,72.0,27.7,0,2020
Miles Bridges,21.0,CHO,1995.0,12.1,0.52,1.6,-2.5,-0.3,13.0,1.8,5.6,0.7,0.6,65.0,30.7,0,2020
Spencer Dinwiddie,26.0,BRK,1994.0,17.8,0.541,4.8,1.8,1.9,20.6,6.8,3.5,0.3,0.6,64.0,31.2,0,2020
Kendrick Nunn,24.0,MIA,1962.0,12.9,0.534,2.0,-2.3,-0.1,15.3,3.3,2.7,0.2,0.8,67.0,29.3,0,2020
Jimmy Butler,30.0,MIA,1959.0,23.6,0.585,9.0,5.4,3.7,19.9,6.0,6.7,0.6,1.8,58.0,33.8,0,2020
Marcus Morris,30.0,2TM,1936.0,14.3,0.57,3.6,-0.1,0.9,16.7,1.4,5.0,0.5,0.8,62.0,31.2,0,2020
Jaylen Brown,23.0,BOS,1934.0,16.9,0.583,4.9,0.8,1.4,20.3,2.1,6.4,0.4,1.1,57.0,33.9,0,2020
Kelly Oubre Jr.,24.0,PHO,1933.0,14.9,0.56,3.8,-0.5,0.7,18.7,1.5,6.4,0.7,1.3,56.0,34.5,0,2020
Fred VanVleet,25.0,TOR,1928.0,16.3,0.553,5.8,2.7,2.3,17.6,6.6,3.8,0.3,1.9,54.0,35.7,0,2020
Marcus Smart,25.0,BOS,1919.0,13.8,0.518,4.5,1.4,1.6,12.9,4.9,3.8,0.5,1.7,60.0,32.0,0,2020
Giannis Antetokounmpo,25.0,MIL,1917.0,31.9,0.613,11.1,11.5,6.6,29.5,5.6,13.6,1.0,1.0,63.0,30.4,1,2020
Will Barton,29.0,DEN,1916.0,15.6,0.549,4.2,1.1,1.5,15.1,3.7,6.3,0.5,1.1,58.0,33.0,0,2020
Danuel House Jr.,26.0,HOU,1913.0,11.3,0.572,3.6,-0.7,0.6,10.5,1.3,4.2,0.5,1.1,63.0,30.4,0,2020
Cedi Osman,24.0,CLE,1910.0,10.7,0.552,1.6,-2.6,-0.3,11.0,2.4,3.6,0.2,0.8,65.0,29.4,0,2020
Jamal Murray,22.0,DEN,1904.0,17.7,0.559,4.3,1.2,1.5,18.5,4.8,4.0,0.3,1.1,59.0,32.3,0,2020
Carmelo Anthony,35.0,POR,1902.0,12.4,0.525,1.3,-3.6,-0.8,15.4,1.5,6.3,0.5,0.8,58.0,32.8,0,2020
Jerami Grant,25.0,DEN,1892.0,14.4,0.591,4.4,-0.5,0.7,12.0,1.2,3.5,0.8,0.7,71.0,26.6,0,2020
Maxi Kleber,28.0,DAL,1890.0,13.6,0.605,4.8,0.4,1.1,9.1,1.2,5.2,1.1,0.3,74.0,25.5,0,2020
Terrence Ross,28.0,ORL,1889.0,14.0,0.548,3.0,-0.4,0.8,14.7,1.2,3.2,0.3,1.1,69.0,27.4,0,2020
Andre Drummond,26.0,2TM,1879.0,22.0,0.553,4.2,0.9,1.4,17.7,2.7,15.2,1.6,1.9,57.0,33.0,0,2020
Tomáš Satoranský,28.0,CHI,1878.0,13.5,0.533,3.5,-1.2,0.4,9.9,5.4,3.9,0.1,1.2,65.0,28.9,0,2020
Jae Crowder,29.0,2TM,1875.0,12.5,0.553,3.8,-0.1,0.9,10.5,2.5,5.9,0.4,1.1,65.0,28.8,0,2020
Lou Williams,33.0,LAC,1864.0,17.3,0.546,4.1,0.7,1.3,18.2,5.6,3.1,0.2,0.7,65.0,28.7,0,2020
Andrew Wiggins,24.0,2TM,1858.0,16.4,0.536,1.9,-0.3,0.8,21.8,3.7,5.1,1.0,0.8,54.0,34.4,0,2020
Taurean Prince,25.0,BRK,1857.0,9.1,0.497,0.6,-2.9,-0.4,12.1,1.8,6.0,0.4,0.9,64.0,29.0,0,2020
Khris Middleton,28.0,MIL,1853.0,21.1,0.619,7.9,4.1,2.9,20.9,4.3,6.2,0.1,0.9,62.0,29.9,0,2020
Jarrett Allen,21.0,BRK,1852.0,20.7,0.664,8.2,2.3,2.0,11.1,1.6,9.6,1.3,0.6,70.0,26.5,0,2020
Kawhi Leonard,28.0,LAC,1848.0,26.9,0.589,8.7,8.9,5.1,27.1,4.9,7.1,0.6,1.8,57.0,32.4,0,2020
Jonas Valančiūnas,27.0,MEM,1845.0,22.2,0.631,7.0,2.4,2.0,14.9,1.9,11.3,1.1,0.4,70.0,26.4,0,2020
Danilo Gallinari,31.0,OKC,1834.0,19.5,0.612,6.3,3.3,2.4,18.7,1.9,5.2,0.1,0.7,62.0,29.6,0,2020
Justin Holiday,30.0,IND,1826.0,12.1,0.585,4.2,1.3,1.5,8.3,1.3,3.3,0.6,1.2,73.0,25.0,0,2020
Myles Turner,23.0,IND,1826.0,14.8,0.566,4.2,0.1,1.0,12.1,1.2,6.6,2.1,0.7,62.0,29.5,0,2020
Darius Garland,20.0,CLE,1824.0,8.5,0.498,-1.3,-5.5,-1.7,12.3,3.9,1.9,0.1,0.7,59.0,30.9,0,2020
Brook Lopez,31.0,MIL,1817.0,15.0,0.551,5.5,2.0,1.9,12.0,1.5,4.6,2.4,0.7,68.0,26.7,0,2020
Kristaps Porziņģis,24.0,DAL,1814.0,20.2,0.551,5.2,1.9,1.8,20.4,1.8,9.5,2.0,0.7,57.0,31.8,0,2020
Ish Smith,31.0,WAS,1787.0,13.9,0.509,1.9,-1.3,0.3,10.9,4.9,3.2,0.4,0.9,68.0,26.3,0,2020
Glenn Robinson III,26.0,2TM,1786.0,13.3,0.577,2.9,-1.7,0.1,11.7,1.5,4.4,0.3,0.9,62.0,28.8,0,2020
Troy Brown Jr.,20.0,WAS,1782.0,13.7,0.524,2.4,-1.2,0.3,10.4,2.6,5.6,0.1,1.2,69.0,25.8,0,2020
Gary Harris,25.0,DEN,1780.0,9.7,0.519,1.9,-2.5,-0.2,10.4,2.1,2.9,0.3,1.4,56.0,31.8,0,2020
Kevin Love,31.0,CLE,1780.0,17.9,0.599,3.8,2.0,1.8,17.6,3.2,9.8,0.3,0.6,56.0,31.8,0,2020
Bogdan Bogdanović,27.0,SAC,1766.0,15.2,0.565,3.1,0.6,1.2,15.1,3.4,3.4,0.2,1.0,61.0,29.0,0,2020
Kentavious Caldwell-Pope,26.0,LAL,1762.0,11.0,0.584,3.7,-0.8,0.5,9.3,1.6,2.1,0.2,0.8,69.0,25.5,0,2020
Kevin Huerter,21.0,ATL,1760.0,11.5,0.536,1.6,-1.6,0.2,12.2,3.8,4.1,0.5,0.9,56.0,31.4,0,2020
Cory Joseph,28.0,SAC,1759.0,10.1,0.517,2.3,-2.0,0.0,6.4,3.5,2.6,0.3,0.7,72.0,24.4,0,2020
P.J. Washington,21.0,CHO,1759.0,12.4,0.547,2.0,-1.6,0.2,12.2,2.1,5.4,0.8,0.9,58.0,30.3,0,2020
Josh Hart,24.0,NOP,1755.0,11.9,0.563,3.1,-0.7,0.6,10.1,1.7,6.5,0.4,1.0,65.0,27.0,0,2020
LaMarcus Aldridge,34.0,SAS,1754.0,19.7,0.571,4.5,1.4,1.5,18.9,2.4,7.4,1.6,0.7,53.0,33.1,0,2020
Alec Burks,28.0,2TM,1754.0,16.7,0.561,3.7,0.5,1.1,15.0,2.9,4.3,0.3,0.9,66.0,26.6,0,2020
Montrezl Harrell,26.0,LAC,1749.0,23.2,0.607,7.0,2.9,2.2,18.6,1.7,7.1,1.1,0.6,63.0,27.8,0,2020
Kemba Walker,29.0,BOS,1742.0,20.0,0.575,5.9,4.6,2.9,20.4,4.8,3.9,0.5,0.9,56.0,31.1,0,2020
Gordon Hayward,29.0,BOS,1740.0,18.1,0.595,5.7,2.7,2.0,17.5,4.1,6.7,0.4,0.7,52.0,33.5,0,2020
Garrett Temple,33.0,BRK,1730.0,10.5,0.513,2.4,-1.1,0.4,10.3,2.5,3.5,0.5,0.8,62.0,27.9,0,2020
Tristan Thompson,28.0,CLE,1721.0,16.8,0.54,3.1,-1.5,0.2,12.0,2.1,10.1,0.9,0.6,57.0,30.2,0,2020
Jordan Clarkson,27.0,2TM,1705.0,17.3,0.574,3.4,1.1,1.3,15.2,1.9,2.6,0.2,0.6,71.0,24.0,0,2020
RJ Barrett,19.0,NYK,1704.0,10.7,0.479,-0.5,-4.3,-1.0,14.3,2.6,5.0,0.3,1.0,56.0,30.4,0,2020
Langston Galloway,28.0,DET,1702.0,12.3,0.584,3.1,-0.8,0.5,10.3,1.5,2.3,0.2,0.7,66.0,25.8,0,2020
Josh Richardson,26.0,PHI,1693.0,12.0,0.533,2.1,-1.8,0.1,13.7,2.9,3.2,0.7,0.9,55.0,30.8,0,2020
Kent Bazemore,30.0,2TM,1688.0,9.3,0.499,0.6,-3.0,-0.5,8.8,1.4,4.3,0.6,1.1,68.0,24.8,0,2020
Danny Green,32.0,LAL,1687.0,10.8,0.552,3.4,0.5,1.1,8.0,1.3,3.3,0.5,1.3,68.0,24.8,0,2020
Dejounte Murray,23.0,SAS,1687.0,16.2,0.524,2.6,0.4,1.0,10.9,4.1,5.8,0.3,1.7,66.0,25.6,0,2020
Steven Adams,26.0,OKC,1680.0,20.5,0.604,6.5,2.9,2.1,10.9,2.3,9.3,1.1,0.8,63.0,26.7,0,2020
Derrick White,25.0,SAS,1677.0,16.4,0.593,4.2,1.3,1.4,11.3,3.5,3.3,0.9,0.6,68.0,24.7,0,2020
Coby White,19.0,CHI,1674.0,11.9,0.506,0.9,-2.9,-0.4,13.2,2.7,3.5,0.1,0.8,65.0,25.8,0,2020
Malcolm Brogdon,27.0,IND,1666.0,17.7,0.541,4.0,1.8,1.6,16.5,7.1,4.9,0.2,0.6,54.0,30.9,0,2020
Goran Dragić,33.0,MIA,1663.0,16.3,0.573,3.5,-0.1,0.8,16.2,5.1,3.2,0.2,0.7,59.0,28.2,0,2020
Eric Paschall,23.0,GSW,1654.0,14.5,0.571,2.1,-2.7,-0.3,14.0,2.1,4.6,0.2,0.5,60.0,27.6,0,2020
Eric Bledsoe,30.0,MIL,1646.0,17.6,0.571,5.4,1.8,1.6,14.9,5.4,4.6,0.4,0.9,61.0,27.0,0,2020
Tony Snell,28.0,DET,1641.0,9.7,0.598,2.6,-1.8,0.1,8.0,2.2,1.9,0.3,0.5,59.0,27.8,0,2020
Monte Morris,24.0,DEN,1636.0,14.9,0.545,3.8,-0.2,0.7,9.0,3.5,1.9,0.2,0.8,73.0,22.4,0,2020
Wesley Matthews,33.0,MIL,1635.0,8.1,0.547,3.2,-1.8,0.1,7.4,1.4,2.5,0.1,0.6,67.0,24.4,0,2020
Bruce Brown,23.0,DET,1634.0,11.9,0.518,2.1,-1.2,0.3,8.9,4.0,4.7,0.5,1.1,58.0,28.2,0,2020
De'Aaron Fox,22.0,SAC,1634.0,20.6,0.558,4.0,1.8,1.6,21.1,6.8,3.8,0.5,1.5,51.0,32.0,0,2020
Dario Šarić,25.0,PHO,1632.0,14.2,0.592,3.6,-0.4,0.7,10.7,1.9,6.2,0.2,0.6,66.0,24.7,0,2020
Jaren Jackson Jr.,20.0,MEM,1622.0,16.3,0.593,3.5,0.4,1.0,17.4,1.4,4.6,1.6,0.7,57.0,28.5,0,2020
Ben McLemore,26.0,HOU,1619.0,11.8,0.622,3.3,-0.5,0.6,10.1,0.8,2.2,0.2,0.6,71.0,22.8,0,2020
Aaron Holiday,23.0,IND,1617.0,11.6,0.521,2.1,-1.6,0.2,9.5,3.4,2.4,0.2,0.8,66.0,24.5,0,2020
Austin Rivers,27.0,HOU,1594.0,10.4,0.542,2.4,-2.5,-0.2,8.8,1.7,2.6,0.1,0.7,68.0,23.4,0,2020
Thaddeus Young,31.0,CHI,1591.0,13.3,0.521,1.9,-1.2,0.3,10.3,1.8,4.9,0.4,1.4,64.0,24.9,0,2020
Dāvis Bertāns,27.0,WAS,1583.0,15.5,0.628,3.5,0.9,1.1,15.4,1.7,4.5,0.6,0.7,54.0,29.3,0,2020
JJ Redick,35.0,NOP,1581.0,15.4,0.644,4.1,0.7,1.1,15.3,2.0,2.5,0.2,0.3,60.0,26.4,0,2020
Bryn Forbes,26.0,SAS,1579.0,11.1,0.57,1.5,-2.7,-0.3,11.2,1.7,2.0,0.0,0.5,63.0,25.1,0,2020
Seth Curry,29.0,DAL,1576.0,15.5,0.643,4.3,0.8,1.2,12.4,1.9,2.3,0.1,0.6,64.0,24.6,0,2020
Delon Wright,27.0,DAL,1570.0,15.4,0.554,4.4,1.9,1.5,6.9,3.3,3.8,0.3,1.2,73.0,21.5,0,2020
Daniel Theis,27.0,BOS,1566.0,17.9,0.631,6.5,2.4,1.7,9.2,1.7,6.6,1.3,0.6,65.0,24.1,0,2020
Julius Randle,26.0,NYK,2667.0,19.7,0.567,7.8,3.8,3.9,24.1,6.0,10.2,0.3,0.9,71.0,37.6,0,2021
RJ Barrett,20.0,NYK,2511.0,13.4,0.535,4.1,-1.2,0.5,17.6,3.0,5.8,0.3,0.7,72.0,34.9,0,2021
Nikola Jokić,25.0,DEN,2488.0,31.3,0.647,15.6,12.1,8.8,26.4,8.3,10.8,0.7,1.3,72.0,34.6,1,2021
Buddy Hield,28.0,SAC,2433.0,12.8,0.567,2.2,-0.6,0.9,16.6,3.6,4.7,0.4,0.9,71.0,34.3,0,2021
Damian Lillard,30.0,POR,2398.0,25.6,0.623,10.4,6.3,5.0,28.8,7.5,4.2,0.3,0.9,67.0,35.8,0,2021
Terry Rozier,26.0,CHO,2383.0,17.1,0.575,5.2,1.6,2.2,20.4,4.2,4.4,0.4,1.3,69.0,34.5,0,2021
Russell Westbrook,32.0,WAS,2369.0,19.5,0.509,3.7,3.7,3.4,22.2,11.7,11.5,0.4,1.4,65.0,36.4,0,2021
Andrew Wiggins,25.0,GSW,2364.0,15.0,0.568,3.9,-0.4,1.0,18.6,2.4,4.9,1.0,0.9,71.0,33.3,0,2021
Mikal Bridges,24.0,PHO,2348.0,16.4,0.667,8.0,3.3,3.1,13.5,2.1,4.3,0.9,1.1,72.0,32.6,0,2021
Nikola Vučević,30.0,2TM,2348.0,22.9,0.56,6.3,5.3,4.4,23.4,3.8,11.7,0.7,0.9,70.0,33.5,0,2021
Anthony Edwards,19.0,MIN,2314.0,13.9,0.523,0.8,-2.1,-0.1,19.3,2.9,4.7,0.5,1.1,72.0,32.1,0,2021
Jayson Tatum,22.0,BOS,2290.0,21.3,0.576,6.5,3.9,3.4,26.4,4.3,7.4,0.5,1.2,64.0,35.8,0,2021
Devin Booker,24.0,PHO,2270.0,19.2,0.587,4.9,0.3,1.3,25.6,4.3,4.2,0.2,0.8,67.0,33.9,0,2021
Khris Middleton,29.0,MIL,2269.0,18.2,0.588,6.4,1.3,1.9,20.4,5.4,6.0,0.1,1.1,68.0,33.4,0,2021
Duncan Robinson,26.0,MIA,2262.0,11.0,0.628,3.7,-1.0,0.6,13.1,1.8,3.5,0.3,0.6,72.0,31.4,0,2021
Luka Dončić,21.0,DAL,2262.0,25.3,0.587,7.7,6.8,5.1,27.7,8.6,8.0,0.5,1.0,66.0,34.3,0,2021
Robert Covington,30.0,POR,2243.0,11.2,0.553,3.7,0.2,1.2,8.5,1.7,6.7,1.2,1.4,70.0,32.0,0,2021
Royce O'Neale,27.0,UTA,2241.0,9.9,0.599,5.6,1.0,1.7,7.0,2.5,6.8,0.5,0.8,71.0,31.6,0,2021
Domantas Sabonis,24.0,IND,2231.0,20.6,0.601,6.9,3.8,3.3,20.3,6.7,12.0,0.5,1.2,62.0,36.0,0,2021
Bojan Bogdanović,31.0,UTA,2216.0,14.0,0.588,5.2,-0.4,0.9,17.0,1.9,3.9,0.1,0.6,72.0,30.8,0,2021
Norman Powell,27.0,2TM,2205.0,16.2,0.618,4.7,0.4,1.3,18.6,1.9,3.1,0.3,1.2,69.0,32.0,0,2021
Chris Paul,35.0,PHO,2199.0,21.4,0.599,9.2,4.6,3.6,16.4,8.9,4.5,0.3,1.4,70.0,31.4,0,2021
Rudy Gobert,28.0,UTA,2187.0,23.5,0.683,11.3,4.9,3.8,14.3,1.3,13.5,2.7,0.6,71.0,30.8,0,2021
Justin Holiday,31.0,IND,2183.0,10.4,0.571,3.1,-1.0,0.6,10.5,1.7,3.6,0.6,1.0,72.0,30.3,0,2021
Isaac Okoro,20.0,CLE,2173.0,7.9,0.514,0.9,-5.1,-1.7,9.6,1.9,3.1,0.4,0.9,67.0,32.4,0,2021
Coby White,20.0,CHI,2156.0,12.0,0.54,2.4,-2.4,-0.2,15.1,4.8,4.1,0.2,0.6,69.0,31.2,0,2021
Stephen Curry,32.0,GSW,2152.0,26.3,0.655,9.0,8.7,5.8,32.0,5.8,5.5,0.1,1.2,63.0,34.2,0,2021
Bradley Beal,27.0,WAS,2147.0,22.7,0.593,5.9,3.4,2.9,31.3,4.4,4.7,0.4,1.2,60.0,35.8,0,2021
Bam Adebayo,23.0,MIA,2143.0,22.7,0.626,8.8,4.9,3.7,18.7,5.4,9.0,1.0,1.2,64.0,33.5,0,2021
Joe Harris,29.0,BRK,2141.0,14.1,0.663,5.2,0.4,1.3,14.1,1.9,3.6,0.2,0.7,69.0,31.0,0,2021
Dejounte Murray,24.0,SAS,2139.0,16.5,0.509,3.3,0.8,1.5,15.7,5.4,7.1,0.1,1.5,67.0,31.9,0,2021
Kevin Huerter,22.0,ATL,2126.0,12.2,0.541,3.6,-0.3,1.0,11.9,3.5,3.3,0.3,1.2,69.0,30.8,0,2021
Trae Young,22.0,ATL,2125.0,23.0,0.589,7.2,3.7,3.0,25.3,9.4,3.9,0.2,0.8,63.0,33.7,0,2021
Deandre Ayton,22.0,PHO,2115.0,20.3,0.653,8.4,1.2,1.7,14.4,1.4,10.5,1.2,0.6,69.0,30.7,0,2021
Collin Sexton,22.0,CLE,2115.0,18.0,0.573,3.5,-0.2,1.0,24.3,4.4,3.1,0.2,1.0,60.0,35.3,0,2021
Eric Bledsoe,31.0,NOP,2111.0,11.5,0.533,2.3,-2.0,0.0,12.2,3.8,3.4,0.3,0.8,71.0,29.7,0,2021
Harrison Barnes,28.0,SAC,2102.0,15.4,0.626,4.5,0.2,1.1,16.1,3.5,6.6,0.2,0.7,58.0,36.2,0,2021
Brandon Ingram,23.0,NOP,2093.0,19.2,0.584,5.3,2.2,2.2,23.8,4.9,4.9,0.6,0.7,61.0,34.3,0,2021
DeMar DeRozan,31.0,SAS,2056.0,22.0,0.591,7.4,3.1,2.6,21.6,6.9,4.2,0.2,0.9,61.0,33.7,0,2021
Ja Morant,21.0,MEM,2053.0,16.7,0.537,3.2,-0.4,0.8,19.1,7.4,4.0,0.2,0.9,63.0,32.6,0,2021
Jae'Sean Tate,25.0,HOU,2043.0,13.8,0.576,3.8,-1.4,0.3,11.3,2.5,5.3,0.5,1.2,70.0,29.2,0,2021
De'Aaron Fox,23.0,SAC,2036.0,20.7,0.565,4.2,1.8,2.0,25.2,7.2,3.5,0.5,1.5,58.0,35.1,0,2021
Zach LaVine,25.0,CHI,2034.0,21.5,0.634,5.9,4.0,3.1,27.4,4.9,5.0,0.5,0.8,58.0,35.1,0,2021
Zion Williamson,20.0,NOP,2026.0,27.1,0.649,8.7,5.8,4.0,27.0,3.7,7.2,0.6,0.9,61.0,33.2,0,2021
Tobias Harris,28.0,PHI,2014.0,20.0,0.597,7.1,3.7,2.9,19.5,3.5,6.8,0.8,0.9,62.0,32.5,0,2021
Giannis Antetokounmpo,26.0,MIL,2013.0,29.2,0.633,10.2,9.0,5.6,28.1,5.9,11.0,1.2,1.2,61.0,33.0,0,2021
Pascal Siakam,26.0,TOR,2006.0,17.7,0.547,4.2,0.8,1.4,21.4,4.5,7.2,0.7,1.1,56.0,35.8,0,2021
Jaylen Brown,24.0,BOS,1999.0,19.9,0.586,4.8,2.5,2.3,24.7,3.4,6.0,0.6,1.2,58.0,34.5,0,2021
Dillon Brooks,25.0,MEM,1997.0,12.1,0.515,1.4,-3.7,-0.9,17.2,2.3,2.9,0.4,1.2,67.0,29.8,0,2021
Kelly Olynyk,29.0,2TM,1997.0,16.4,0.61,5.1,1.2,1.6,13.5,2.9,7.0,0.6,1.1,70.0,28.5,0,2021
Tim Hardaway Jr.,28.0,DAL,1985.0,15.7,0.589,4.3,0.4,1.2,16.6,1.8,3.3,0.2,0.4,70.0,28.4,0,2021
Patrick Williams,19.0,CHI,1983.0,10.5,0.562,2.5,-2.4,-0.2,9.2,1.4,4.6,0.6,0.9,71.0,27.9,0,2021
Draymond Green,30.0,GSW,1982.0,13.3,0.53,4.6,1.7,1.9,7.0,8.9,7.1,0.8,1.7,63.0,31.5,0,2021
Keldon Johnson,21.0,SAS,1968.0,13.8,0.557,3.3,-1.6,0.2,12.8,1.8,6.0,0.3,0.6,69.0,28.5,0,2021
Dennis Schröder,27.0,LAL,1956.0,13.8,0.543,3.8,-1.1,0.4,15.4,5.8,3.5,0.2,1.1,61.0,32.1,0,2021
Kyle Kuzma,25.0,LAL,1954.0,12.7,0.546,3.3,-0.4,0.8,12.9,1.9,6.1,0.6,0.5,68.0,28.7,0,2021
P.J. Washington,22.0,CHO,1954.0,13.4,0.549,2.7,-0.9,0.6,12.9,2.5,6.5,1.2,1.1,64.0,30.5,0,2021
Reggie Bullock,29.0,NYK,1949.0,11.1,0.606,4.6,-0.1,0.9,10.9,1.5,3.4,0.2,0.8,65.0,30.0,0,2021
Danny Green,33.0,PHI,1934.0,12.1,0.582,4.6,1.9,1.9,9.5,1.7,3.8,0.8,1.3,69.0,28.0,0,2021
Miles Bridges,22.0,CHO,1932.0,14.7,0.625,4.2,0.2,1.1,12.7,2.2,6.0,0.8,0.7,66.0,29.3,0,2021
Malcolm Brogdon,28.0,IND,1930.0,17.9,0.561,4.2,2.1,2.0,21.2,5.9,5.3,0.3,0.9,56.0,34.5,0,2021
Dorian Finney-Smith,27.0,DAL,1921.0,12.0,0.609,4.4,0.1,1.0,9.8,1.7,5.4,0.4,0.9,60.0,32.0,0,2021
Michael Porter Jr.,22.0,DEN,1912.0,20.6,0.663,6.9,3.1,2.5,19.0,1.1,7.3,0.9,0.7,61.0,31.3,0,2021
Saddiq Bey,21.0,DET,1909.0,12.6,0.567,3.3,-0.5,0.7,12.2,1.4,4.5,0.2,0.7,70.0,27.3,0,2021
Jrue Holiday,30.0,MIL,1907.0,20.0,0.592,6.6,3.4,2.6,17.7,6.1,4.5,0.6,1.6,59.0,32.3,0,2021
Brook Lopez,32.0,MIL,1902.0,15.4,0.611,5.3,0.0,0.9,12.3,0.7,5.0,1.5,0.6,70.0,27.2,0,2021
Kentavious Caldwell-Pope,27.0,LAL,1902.0,10.7,0.588,4.2,-0.5,0.7,9.7,1.9,2.7,0.4,0.9,67.0,28.4,0,2021
Fred VanVleet,26.0,TOR,1899.0,16.8,0.534,4.3,2.5,2.2,19.6,6.3,4.2,0.7,1.7,52.0,36.5,0,2021
Clint Capela,26.0,ATL,1898.0,24.3,0.601,8.2,2.7,2.2,15.2,0.8,14.3,2.0,0.7,63.0,30.1,0,2021
Kyle Anderson,27.0,MEM,1887.0,17.2,0.578,5.6,3.3,2.5,12.4,3.6,5.7,0.8,1.2,69.0,27.3,0,2021
Kyrie Irving,28.0,BRK,1886.0,24.4,0.614,7.4,5.5,3.6,26.9,6.0,4.8,0.7,1.4,54.0,34.9,0,2021
Ben Simmons,24.0,PHI,1877.0,18.3,0.584,6.0,2.9,2.3,14.3,6.9,7.2,0.6,1.6,58.0,32.4,0,2021
Joe Ingles,33.0,UTA,1867.0,15.9,0.672,7.0,3.5,2.6,12.1,4.7,3.6,0.2,0.7,67.0,27.9,0,2021
Jarrett Allen,22.0,2TM,1864.0,20.1,0.661,6.4,1.1,1.4,12.8,1.7,10.0,1.4,0.5,63.0,29.6,0,2021
Dwayne Bacon,25.0,ORL,1853.0,9.9,0.49,0.5,-5.1,-1.5,10.9,1.3,3.1,0.1,0.6,72.0,25.7,0,2021
John Collins,23.0,ATL,1848.0,20.6,0.645,6.7,2.3,2.0,17.6,1.2,7.4,1.0,0.5,63.0,29.3,0,2021
Jakob Poeltl,25.0,SAS,1845.0,17.5,0.612,5.7,0.8,1.3,8.6,1.9,7.9,1.8,0.7,69.0,26.7,0,2021
Jeff Green,34.0,BRK,1835.0,13.0,0.624,4.1,-0.8,0.5,11.0,1.6,3.9,0.4,0.5,68.0,27.0,0,2021
Nicolas Batum,32.0,LAC,1835.0,12.9,0.617,5.0,2.1,1.9,8.1,2.2,4.7,0.6,1.0,67.0,27.4,0,2021
Jerami Grant,26.0,DET,1829.0,16.9,0.556,3.2,1.1,1.4,22.3,2.8,4.6,1.1,0.6,54.0,33.9,0,2021
Paul George,30.0,LAC,1821.0,20.5,0.598,5.3,4.2,2.9,23.3,5.2,6.6,0.4,1.1,54.0,33.7,0,2021
Jordan Clarkson,28.0,UTA,1818.0,17.1,0.549,4.2,1.4,1.6,18.4,2.5,4.0,0.1,0.9,68.0,26.7,0,2021
Donte DiVincenzo,24.0,MIL,1814.0,13.0,0.542,3.6,0.2,1.0,10.4,3.1,5.8,0.2,1.1,66.0,27.5,0,2021
Gary Trent Jr.,22.0,2TM,1802.0,12.1,0.534,1.7,-2.3,-0.1,15.3,1.4,2.6,0.2,1.0,58.0,31.1,0,2021
Rui Hachimura,22.0,WAS,1797.0,11.4,0.549,2.1,-3.1,-0.5,13.8,1.4,5.5,0.1,0.8,57.0,31.5,0,2021
T.J. McConnell,28.0,IND,1796.0,16.9,0.583,4.8,1.4,1.5,8.6,6.6,3.7,0.3,1.9,69.0,26.0,0,2021
Josh Richardson,27.0,DAL,1790.0,11.9,0.537,2.4,-1.7,0.1,12.1,2.6,3.3,0.4,1.0,59.0,30.3,0,2021
Darius Garland,21.0,CLE,1790.0,14.2,0.547,1.2,-2.1,-0.1,17.4,6.1,2.4,0.1,1.2,54.0,33.1,0,2021
Richaun Holmes,27.0,SAC,1782.0,20.2,0.669,6.1,0.6,1.2,14.2,1.7,8.3,1.6,0.6,61.0,29.2,0,2021
Théo Maledon,19.0,OKC,1778.0,8.2,0.489,-0.8,-5.0,-1.3,10.1,3.5,3.2,0.2,0.9,65.0,27.4,0,2021
Kawhi Leonard,29.0,LAC,1773.0,26.0,0.622,8.8,7.3,4.2,24.8,5.2,6.5,0.4,1.6,52.0,34.1,0,2021
Ricky Rubio,30.0,MIN,1772.0,13.5,0.516,3.1,-1.9,0.0,8.6,6.4,3.3,0.1,1.4,68.0,26.1,0,2021
Donovan Mitchell,24.0,UTA,1771.0,21.3,0.569,6.2,4.3,2.8,26.4,5.2,4.4,0.3,1.0,53.0,33.4,0,2021
Enes Freedom,28.0,POR,1758.0,22.4,0.636,7.5,0.6,1.2,11.2,1.2,11.0,0.7,0.5,72.0,24.4,0,2021
Jonas Valančiūnas,28.0,MEM,1755.0,24.4,0.636,7.8,3.0,2.2,17.1,1.8,12.5,0.9,0.6,62.0,28.3,0,2021
Delon Wright,28.0,2TM,1748.0,16.3,0.562,4.3,2.2,1.8,10.2,4.4,4.3,0.5,1.6,63.0,27.7,0,2021
Lonzo Ball,23.0,NOP,1747.0,15.2,0.551,3.2,1.7,1.6,14.6,5.7,4.8,0.6,1.5,55.0,31.8,0,2021
Tyrese Haliburton,20.0,SAC,1746.0,16.2,0.585,3.5,1.4,1.5,13.0,5.3,3.0,0.5,1.3,58.0,30.1,0,2021
Jimmy Butler,31.0,MIA,1745.0,26.5,0.607,9.3,7.7,4.3,21.5,7.1,6.9,0.3,2.1,52.0,33.6,0,2021
Will Barton,30.0,DEN,1736.0,11.8,0.538,2.2,-1.9,0.1,12.7,3.2,4.0,0.4,0.9,56.0,31.0,0,2021
Darius Bazley,20.0,OKC,1714.0,9.7,0.491,-0.9,-4.4,-1.0,13.7,1.8,7.2,0.5,0.5,55.0,31.2,0,2021
Jamal Murray,23.0,DEN,1704.0,18.3,0.592,4.6,2.0,1.7,21.2,4.8,4.0,0.3,1.3,48.0,35.5,0,2021
Jalen Brunson,24.0,DAL,1697.0,17.1,0.618,5.1,0.9,1.2,12.6,3.5,3.4,0.0,0.5,68.0,25.0,0,2021
Carmelo Anthony,36.0,POR,1690.0,14.6,0.547,2.6,-1.1,0.4,13.4,1.5,3.1,0.6,0.7,69.0,24.5,0,2021
Karl-Anthony Towns,25.0,MIN,1689.0,23.1,0.612,5.4,4.5,2.8,24.8,4.5,10.6,1.1,0.8,50.0,33.8,0,2021
Kelly Oubre Jr.,25.0,GSW,1687.0,13.3,0.529,2.2,-1.9,0.0,15.4,1.3,6.0,0.8,1.0,55.0,30.7,0,2021
Patty Mills,32.0,SAS,1685.0,11.8,0.57,2.2,-1.2,0.4,10.8,2.4,1.7,0.0,0.6,68.0,24.8,0,2021
Devonte' Graham,25.0,CHO,1659.0,14.6,0.552,3.4,0.7,1.1,14.8,5.4,2.7,0.1,0.9,55.0,30.2,0,2021
Thaddeus Young,32.0,CHI,1652.0,20.3,0.578,5.1,3.3,2.2,12.1,4.3,6.2,0.6,1.1,68.0,24.3,0,2021
Kendrick Nunn,25.0,MIA,1650.0,14.2,0.596,2.9,-0.5,0.6,14.6,2.6,3.2,0.3,0.9,56.0,29.5,0,2021
Jae Crowder,30.0,PHO,1648.0,11.8,0.574,3.3,1.1,1.3,10.1,2.1,4.7,0.5,0.8,60.0,27.5,0,2021
Seth Curry,30.0,PHI,1638.0,12.9,0.607,4.0,-0.3,0.7,12.5,2.7,2.4,0.1,0.8,57.0,28.7,0,2021
Tyler Herro,21.0,MIA,1635.0,13.3,0.543,1.7,-1.3,0.3,15.1,3.4,5.0,0.3,0.6,54.0,30.3,0,2021
Doug McDermott,29.0,IND,1619.0,15.6,0.635,3.8,-0.6,0.6,13.6,1.3,3.3,0.1,0.3,66.0,24.5,0,2021
Ivica Zubac,23.0,LAC,1609.0,19.1,0.693,6.9,1.0,1.2,9.0,1.3,7.2,0.9,0.3,72.0,22.3,0,2021
James Harden,31.0,2TM,1609.0,24.5,0.618,7.0,7.2,3.7,24.6,10.8,7.9,0.8,1.2,44.0,36.6,0,2021
Steven Adams,27.0,NOP,1605.0,15.1,0.596,4.0,-0.3,0.7,7.6,1.9,8.9,0.7,0.9,58.0,27.7,0,2021
Kyle Lowry,34.0,TOR,1601.0,16.5,0.593,4.1,1.6,1.5,17.2,7.3,5.4,0.3,1.0,46.0,34.8,0,2021
Daniel Theis,28.0,2TM,1601.0,15.0,0.609,4.3,0.0,0.8,9.6,1.7,5.5,0.9,0.6,65.0,24.6,0,2021
CJ McCollum,29.0,POR,1600.0,20.8,0.577,4.7,3.9,2.4,23.1,4.7,3.9,0.4,0.9,47.0,34.0,0,2021
Joel Embiid,26.0,PHI,1585.0,30.3,0.636,8.8,7.5,3.8,28.5,2.8,10.6,1.4,1.0,51.0,31.1,0,2021
Marcus Smart,26.0,BOS,1581.0,13.8,0.539,3.3,-0.3,0.7,13.1,5.7,3.5,0.5,1.5,48.0,32.9,0,2021
Montrezl Harrell,27.0,LAL,1580.0,22.7,0.65,7.3,3.0,2.0,13.5,1.1,6.2,0.7,0.7,69.0,22.9,0,2021
Pat Connaughton,28.0,MIL,1575.0,11.3,0.578,3.5,0.0,0.8,6.8,1.2,4.8,0.3,0.7,69.0,22.8,0,2021
Mikal Bridges,25.0,PHO,2854.0,14.4,0.627,8.9,1.6,2.6,14.2,2.3,4.2,0.4,1.2,82.0,34.8,0,2022
Miles Bridges,23.0,CHO,2837.0,17.9,0.593,7.2,1.5,2.5,20.2,3.8,7.0,0.8,0.9,80.0,35.5,0,2022
DeMar DeRozan,32.0,CHI,2743.0,23.1,0.59,8.8,2.5,3.1,27.9,4.9,5.2,0.3,0.9,76.0,36.1,0,2022
Jayson Tatum,23.0,BOS,2731.0,21.8,0.578,9.6,5.0,4.8,26.9,4.4,8.0,0.6,1.0,76.0,35.9,0,2022
Saddiq Bey,22.0,DET,2704.0,14.0,0.529,4.0,-0.3,1.2,16.1,2.8,5.4,0.2,0.9,82.0,33.0,0,2022
Tyrese Haliburton,21.0,2TM,2695.0,18.2,0.595,7.0,2.6,3.1,15.3,8.2,4.0,0.6,1.7,77.0,35.0,0,2022
Russell Westbrook,33.0,LAL,2678.0,15.0,0.512,1.7,-1.6,0.2,18.5,7.1,7.4,0.3,1.0,78.0,34.3,0,2022
Trae Young,23.0,ATL,2652.0,25.4,0.603,10.0,5.2,4.8,28.4,9.7,3.7,0.1,0.9,76.0,34.9,0,2022
Tyrese Maxey,21.0,PHI,2650.0,16.2,0.594,7.3,0.6,1.8,17.5,4.3,3.2,0.4,0.7,75.0,35.3,0,2022
Dorian Finney-Smith,28.0,DAL,2644.0,12.5,0.604,6.6,0.8,1.9,11.0,1.9,4.7,0.5,1.1,80.0,33.1,0,2022
Scottie Barnes,20.0,TOR,2617.0,16.3,0.552,6.6,0.9,1.9,15.3,3.5,7.5,0.7,1.1,74.0,35.4,0,2022
Harrison Barnes,29.0,SAC,2580.0,15.7,0.623,6.0,0.2,1.4,16.4,2.4,5.6,0.2,0.7,77.0,33.5,0,2022
Pascal Siakam,27.0,TOR,2578.0,20.3,0.565,8.1,3.5,3.6,22.8,5.3,8.5,0.6,1.3,68.0,37.9,0,2022
Julius Randle,27.0,NYK,2544.0,15.7,0.509,3.1,0.5,1.6,20.1,5.1,9.9,0.5,0.7,72.0,35.3,0,2022
Tobias Harris,29.0,PHI,2543.0,15.9,0.566,5.6,0.0,1.3,17.2,3.5,6.8,0.6,0.6,73.0,34.8,0,2022
Jalen Brunson,25.0,DAL,2524.0,17.1,0.583,7.5,0.9,1.9,16.3,4.8,3.9,0.0,0.8,79.0,31.9,0,2022
Buddy Hield,29.0,2TM,2499.0,12.9,0.548,1.9,-1.2,0.5,15.6,2.8,4.4,0.3,0.9,81.0,30.9,0,2022
Nikola Jokić,26.0,DEN,2476.0,32.8,0.661,15.2,13.7,9.8,27.1,7.9,13.8,0.9,1.5,74.0,33.5,1,2022
Karl-Anthony Towns,26.0,MIN,2476.0,24.1,0.64,10.3,5.0,4.4,24.6,3.6,9.8,1.1,1.0,74.0,33.5,0,2022
Anthony Edwards,20.0,MIN,2466.0,16.5,0.56,4.3,1.2,2.0,21.3,3.8,4.8,0.6,1.5,72.0,34.3,0,2022
Fred VanVleet,27.0,TOR,2462.0,17.3,0.552,6.7,3.6,3.5,20.3,6.7,4.4,0.5,1.7,65.0,37.9,0,2022
Terry Rozier,27.0,CHO,2458.0,17.6,0.566,5.9,1.7,2.3,19.3,4.5,4.3,0.3,1.3,73.0,33.7,0,2022
Gary Trent Jr.,23.0,TOR,2448.0,14.7,0.546,5.6,0.2,1.3,18.3,2.0,2.7,0.3,1.7,70.0,35.0,0,2022
Darius Garland,22.0,CLE,2430.0,19.0,0.576,6.3,2.6,2.8,21.7,8.6,3.3,0.1,1.3,68.0,35.7,0,2022
Franz Wagner,20.0,ORL,2429.0,14.7,0.559,4.0,-0.7,0.8,15.2,2.9,4.5,0.4,0.9,79.0,30.7,0,2022
LaMelo Ball,20.0,CHO,2422.0,19.7,0.554,5.8,3.4,3.3,20.1,7.6,6.7,0.4,1.6,75.0,32.3,0,2022
James Harden,32.0,2TM,2419.0,20.9,0.583,7.6,4.0,3.7,22.0,10.3,7.7,0.6,1.3,65.0,37.2,0,2022
Nikola Vučević,31.0,CHI,2418.0,18.2,0.533,4.5,0.9,1.8,17.6,3.2,11.0,1.0,1.0,73.0,33.1,0,2022
RJ Barrett,21.0,NYK,2417.0,13.7,0.511,2.3,-1.6,0.2,20.0,3.0,5.8,0.2,0.6,70.0,34.5,0,2022
Royce O'Neale,28.0,UTA,2406.0,10.3,0.608,5.5,0.8,1.7,7.4,2.5,4.8,0.4,1.1,77.0,31.2,0,2022
Keldon Johnson,22.0,SAS,2392.0,15.2,0.574,4.9,-0.5,0.9,17.0,2.1,6.1,0.2,0.8,75.0,31.9,0,2022
Aaron Gordon,26.0,DEN,2376.0,15.3,0.602,5.2,-0.6,0.9,15.0,2.5,5.9,0.6,0.6,75.0,31.7,0,2022
Dejounte Murray,25.0,SAS,2366.0,22.3,0.533,7.3,5.4,4.4,21.1,9.2,8.3,0.3,2.0,68.0,34.8,0,2022
Evan Fournier,29.0,NYK,2358.0,12.3,0.554,3.7,-0.7,0.7,14.1,2.1,2.6,0.3,1.0,80.0,29.5,0,2022
Patty Mills,33.0,BRK,2346.0,10.4,0.563,2.8,-1.7,0.2,11.4,2.3,1.9,0.2,0.6,81.0,29.0,0,2022
Devin Booker,25.0,PHO,2345.0,21.3,0.576,7.6,4.1,3.6,26.8,4.8,5.0,0.4,1.1,68.0,34.5,0,2022
Reggie Jackson,31.0,LAC,2337.0,12.1,0.488,0.4,-3.0,-0.6,16.8,4.8,3.6,0.2,0.7,75.0,31.2,0,2022
Herbert Jones,23.0,NOP,2335.0,12.3,0.573,4.6,-0.5,0.9,9.5,2.1,3.8,0.8,1.7,78.0,29.9,0,2022
Evan Mobley,20.0,CLE,2331.0,16.1,0.549,5.2,0.6,1.5,15.0,2.5,8.3,1.7,0.8,69.0,33.8,0,2022
Andrew Wiggins,26.0,GSW,2330.0,15.0,0.56,5.1,0.4,1.4,17.2,2.2,4.5,0.7,1.0,73.0,31.9,0,2022
Kentavious Caldwell-Pope,28.0,WAS,2329.0,12.6,0.568,2.8,-1.5,0.3,13.2,1.9,3.4,0.3,1.1,77.0,30.2,0,2022
Zach LaVine,26.0,CHI,2328.0,20.0,0.605,5.8,2.4,2.6,24.4,4.5,4.6,0.3,0.6,67.0,34.7,0,2022
Alec Burks,30.0,NYK,2318.0,13.7,0.559,6.1,0.8,1.7,11.7,3.0,4.9,0.3,1.0,81.0,28.6,0,2022
Terance Mann,25.0,LAC,2317.0,13.4,0.572,5.5,-0.6,0.8,10.8,2.6,5.2,0.3,0.7,81.0,28.6,0,2022
Luka Dončić,22.0,DAL,2301.0,25.1,0.571,7.6,8.2,5.9,28.4,8.7,9.1,0.6,1.2,65.0,35.4,0,2022
Joel Embiid,27.0,PHI,2297.0,31.2,0.616,12.0,9.2,6.5,30.6,4.2,11.7,1.5,1.1,68.0,33.8,0,2022
Marcus Smart,27.0,BOS,2296.0,13.6,0.54,5.6,0.5,1.5,12.1,5.9,3.8,0.3,1.7,71.0,32.3,0,2022
Jordan Poole,22.0,GSW,2283.0,16.1,0.598,6.0,1.0,1.7,18.5,4.0,3.4,0.3,0.8,76.0,30.0,0,2022
Will Barton,31.0,DEN,2277.0,13.4,0.548,3.2,-0.5,0.9,14.7,3.9,4.8,0.4,0.8,71.0,32.1,0,2022
Desmond Bane,23.0,MEM,2266.0,17.6,0.592,7.2,2.7,2.7,18.2,2.7,4.4,0.4,1.2,76.0,29.8,0,2022
Donovan Mitchell,25.0,UTA,2266.0,21.6,0.572,7.2,4.3,3.6,25.9,5.3,4.2,0.2,1.5,67.0,33.8,0,2022
Jonas Valančiūnas,29.0,NOP,2240.0,21.2,0.617,7.3,1.9,2.2,17.8,2.6,11.4,0.8,0.6,74.0,30.3,0,2022
Monte Morris,26.0,DEN,2239.0,14.7,0.583,5.4,0.0,1.1,12.6,4.4,3.0,0.2,0.7,75.0,29.9,0,2022
Jaylen Brown,25.0,BOS,2220.0,18.9,0.574,5.8,2.1,2.2,23.6,3.5,6.1,0.3,1.1,66.0,33.6,0,2022
Stephen Curry,33.0,GSW,2211.0,21.4,0.601,8.0,5.8,4.4,25.5,6.3,5.2,0.4,1.3,64.0,34.5,0,2022
Jrue Holiday,31.0,MIL,2208.0,19.8,0.593,6.9,3.2,2.9,18.3,6.8,4.5,0.4,1.6,67.0,33.0,0,2022
Giannis Antetokounmpo,27.0,MIL,2204.0,32.1,0.633,12.9,11.2,7.4,29.9,5.8,11.6,1.4,1.1,67.0,32.9,0,2022
Kyle Kuzma,26.0,WAS,2204.0,15.2,0.547,2.0,-0.2,1.0,17.1,3.5,8.5,0.9,0.6,66.0,33.4,0,2022
Derrick White,27.0,2TM,2199.0,14.8,0.549,5.1,0.9,1.6,13.2,4.9,3.5,0.8,0.9,75.0,29.3,0,2022
Kevin Huerter,23.0,ATL,2188.0,11.9,0.57,2.8,-1.2,0.4,12.1,2.7,3.4,0.4,0.7,74.0,29.6,0,2022
Devonte' Graham,26.0,NOP,2162.0,12.1,0.514,2.8,-1.0,0.5,11.9,4.2,2.3,0.2,0.9,76.0,28.4,0,2022
Tyler Herro,22.0,MIA,2151.0,16.2,0.561,3.8,0.7,1.5,20.7,4.0,5.0,0.1,0.7,66.0,32.6,0,2022
CJ McCollum,30.0,2TM,2145.0,18.3,0.553,3.6,1.9,2.1,22.1,5.1,4.3,0.4,1.1,62.0,34.6,0,2022
Jordan Clarkson,29.0,UTA,2141.0,14.9,0.532,3.5,-0.6,0.7,16.0,2.5,3.5,0.2,0.8,79.0,27.1,0,2022
Khris Middleton,30.0,MIL,2141.0,18.1,0.577,5.3,1.6,1.9,20.1,5.4,5.4,0.3,1.2,66.0,32.4,0,2022
Malik Monk,23.0,LAL,2139.0,14.4,0.597,3.6,-0.5,0.8,13.8,2.9,3.4,0.4,0.8,76.0,28.1,0,2022
Chris Paul,36.0,PHO,2139.0,20.8,0.581,9.4,5.4,4.0,14.7,10.8,4.4,0.3,1.9,65.0,32.9,0,2022
Jalen Green,19.0,HOU,2138.0,12.5,0.547,0.7,-2.9,-0.5,17.3,2.6,3.4,0.3,0.7,67.0,31.9,0,2022
Domantas Sabonis,25.0,2TM,2136.0,21.9,0.637,7.1,4.1,3.2,18.9,5.2,12.1,0.4,1.0,62.0,34.5,0,2022
Seth Curry,31.0,2TM,2135.0,13.7,0.615,4.2,-0.6,0.8,15.0,3.6,3.1,0.2,0.8,64.0,33.4,0,2022
Kyle Lowry,35.0,MIA,2133.0,15.0,0.6,6.4,2.0,2.1,13.4,7.5,4.5,0.3,1.1,63.0,33.9,0,2022
Bojan Bogdanović,32.0,UTA,2131.0,15.7,0.599,5.2,0.0,1.1,18.1,1.7,4.3,0.0,0.5,69.0,30.9,0,2022
Jaren Jackson Jr.,22.0,MEM,2126.0,17.0,0.535,5.4,-0.1,1.0,16.3,1.1,5.8,2.3,0.9,78.0,27.3,0,2022
Rudy Gobert,29.0,UTA,2120.0,24.7,0.732,11.7,4.6,3.6,15.6,1.1,14.7,2.1,0.7,66.0,32.1,0,2022
Ayo Dosunmu,22.0,CHI,2110.0,11.2,0.596,3.0,-2.0,0.0,8.8,3.3,2.8,0.4,0.8,77.0,27.4,0,2022
Christian Wood,26.0,HOU,2094.0,19.1,0.595,4.9,1.6,1.9,17.9,2.3,10.1,1.0,0.8,68.0,30.8,0,2022
Cade Cunningham,20.0,DET,2088.0,13.1,0.504,-0.5,-1.6,0.2,17.4,5.6,5.5,0.7,1.2,64.0,32.6,0,2022
De'Aaron Fox,24.0,SAC,2084.0,17.4,0.549,2.5,-0.6,0.7,23.2,5.6,3.9,0.4,1.2,59.0,35.3,0,2022
LeBron James,37.0,LAL,2084.0,26.2,0.619,7.5,7.7,5.1,30.3,6.2,8.2,1.1,1.3,56.0,37.2,0,2022
D'Angelo Russell,25.0,MIN,2077.0,16.3,0.544,4.4,0.8,1.4,18.1,7.1,3.3,0.3,1.0,65.0,32.0,0,2022
Davion Mitchell,23.0,SAC,2076.0,10.8,0.489,0.1,-3.8,-0.9,11.5,4.2,2.2,0.3,0.7,75.0,27.7,0,2022
Cole Anthony,21.0,ORL,2059.0,13.5,0.519,1.6,-1.2,0.4,16.3,5.7,5.4,0.3,0.7,65.0,31.7,0,2022
Mike Conley,34.0,UTA,2058.0,17.2,0.572,6.7,3.1,2.7,13.7,5.3,3.0,0.3,1.3,72.0,28.6,0,2022
Justin Holiday,32.0,2TM,2057.0,9.5,0.543,1.4,-2.2,-0.1,10.1,1.7,2.6,0.4,0.8,74.0,27.8,0,2022
Jae'Sean Tate,26.0,HOU,2056.0,14.3,0.567,3.0,-1.8,0.1,11.8,2.8,5.4,0.5,0.9,78.0,26.4,0,2022
Kevin Durant,33.0,BRK,2047.0,25.6,0.634,8.4,7.2,4.8,29.9,6.4,7.4,0.9,0.9,55.0,37.2,0,2022
Duncan Robinson,27.0,MIA,2043.0,10.6,0.573,3.9,-0.6,0.7,10.9,1.6,2.6,0.2,0.5,79.0,25.9,0,2022
Clint Capela,27.0,ATL,2042.0,21.4,0.604,8.3,2.0,2.1,11.1,1.2,11.9,1.3,0.7,74.0,27.6,0,2022
Bobby Portis,26.0,MIL,2028.0,17.7,0.571,5.5,0.2,1.1,14.6,1.2,9.1,0.7,0.7,72.0,28.2,0,2022
Al Horford,35.0,BOS,2005.0,16.7,0.574,7.6,4.3,3.2,10.2,3.4,7.7,1.3,0.7,69.0,29.1,0,2022
Steven Adams,28.0,MEM,1999.0,17.6,0.56,6.8,2.0,2.0,6.9,3.4,10.0,0.8,0.9,76.0,26.3,0,2022
Kelly Oubre Jr.,26.0,CHO,1999.0,14.9,0.56,3.3,-1.4,0.3,15.0,1.1,4.0,0.4,1.0,76.0,26.3,0,2022
Deni Avdija,21.0,WAS,1984.0,11.6,0.536,2.4,-1.7,0.1,8.4,2.0,5.2,0.5,0.7,82.0,24.2,0,2022
P.J. Tucker,36.0,MIA,1981.0,11.3,0.593,5.0,0.6,1.3,7.6,2.1,5.5,0.2,0.8,71.0,27.9,0,2022
Isaac Okoro,21.0,CLE,1981.0,10.4,0.589,4.2,-1.7,0.1,8.8,1.8,3.0,0.3,0.8,67.0,29.6,0,2022
Spencer Dinwiddie,28.0,2TM,1980.0,15.1,0.543,4.1,0.3,1.1,13.7,5.2,4.2,0.2,0.7,67.0,29.6,0,2022
Malik Beasley,25.0,MIN,1976.0,11.9,0.544,2.9,-0.7,0.7,12.1,1.5,2.9,0.2,0.5,79.0,25.0,0,2022
Jakob Poeltl,26.0,SAS,1970.0,20.8,0.613,6.9,1.6,1.7,13.5,2.8,9.3,1.7,0.7,68.0,29.0,0,2022
Shai Gilgeous-Alexander,23.0,OKC,1942.0,20.9,0.557,4.6,3.4,2.7,24.5,5.9,5.0,0.8,1.3,56.0,34.7,0,2022
Robert Covington,31.0,2TM,1940.0,12.4,0.572,3.2,0.2,1.1,8.5,1.3,5.5,1.3,1.5,71.0,27.3,0,2022
Devin Vassell,21.0,SAS,1937.0,13.3,0.54,3.3,-0.5,0.7,12.3,1.9,4.3,0.6,1.1,71.0,27.3,0,2022
Jimmy Butler,32.0,MIA,1931.0,23.6,0.592,9.2,6.3,4.0,21.4,5.5,5.9,0.5,1.6,57.0,33.9,0,2022
Darius Bazley,21.0,OKC,1924.0,12.6,0.515,1.8,-1.8,0.1,10.8,1.4,6.3,1.0,0.8,69.0,27.9,0,2022
Luke Kennard,25.0,LAC,1919.0,13.3,0.619,4.5,0.5,1.2,11.9,2.1,3.3,0.1,0.6,70.0,27.4,0,2022
Kevin Porter Jr.,21.0,HOU,1907.0,13.5,0.531,0.8,-1.6,0.2,15.6,6.2,4.4,0.4,1.1,61.0,31.3,0,2022
Reggie Bullock,30.0,DAL,1902.0,9.2,0.558,3.2,-1.4,0.3,8.6,1.2,3.5,0.2,0.6,68.0,28.0,0,2022
Ja Morant,22.0,MEM,1889.0,24.4,0.575,6.7,6.1,3.9,27.4,6.7,5.7,0.4,1.2,57.0,33.1,0,2022
Jae Crowder,31.0,PHO,1886.0,11.3,0.541,4.3,1.1,1.5,9.4,1.9,5.3,0.4,1.4,67.0,28.1,0,2022
Jarred Vanderbilt,22.0,MIN,1880.0,15.3,0.612,6.0,0.2,1.1,6.9,1.3,8.4,0.6,1.3,74.0,25.4,0,2022
Lauri Markkanen,24.0,CLE,1878.0,14.7,0.582,5.0,0.4,1.1,14.8,1.3,5.7,0.5,0.7,61.0,30.8,0,2022
Grant Williams,23.0,BOS,1875.0,11.2,0.635,5.1,-0.4,0.8,7.8,1.0,3.6,0.7,0.5,77.0,24.4,0,2022
Brandon Ingram,24.0,NOP,1869.0,18.7,0.554,3.9,2.0,1.9,22.7,5.6,5.8,0.5,0.6,55.0,34.0,0,2022
Cody Martin,26.0,CHO,1866.0,12.7,0.579,3.9,-0.5,0.7,7.7,2.5,4.0,0.5,1.2,71.0,26.3,0,2022
Ivica Zubac,24.0,LAC,1852.0,19.2,0.66,7.2,0.7,1.3,10.3,1.6,8.5,1.0,0.5,76.0,24.4,0,2022
Wendell Carter Jr.,22.0,ORL,1852.0,18.4,0.601,5.0,1.6,1.7,15.0,2.8,10.5,0.7,0.6,62.0,29.9,0,2022
Jeff Green,35.0,DEN,1849.0,12.5,0.627,3.9,-2.5,-0.2,10.3,1.3,3.1,0.4,0.4,75.0,24.7,0,2022
Mitchell Robinson,23.0,NYK,1848.0,20.7,0.722,8.5,2.2,2.0,8.5,0.5,8.6,1.8,0.8,72.0,25.7,0,2022
Bogdan Bogdanović,29.0,ATL,1848.0,15.4,0.562,3.7,1.3,1.5,15.1,3.1,4.0,0.2,1.1,63.0,29.3,0,2022
Dennis Schröder,28.0,2TM,1837.0,13.0,0.539,2.9,-1.9,0.0,13.5,4.6,3.3,0.1,0.8,64.0,28.7,0,2022
Bam Adebayo,24.0,MIA,1825.0,21.8,0.608,7.2,3.8,2.7,19.1,3.4,10.1,0.8,1.4,56.0,32.6,0,2022
Mo Bamba,23.0,ORL,1824.0,16.5,0.582,4.5,0.7,1.2,10.6,1.2,8.1,1.7,0.5,71.0,25.7,0,2022
Isaiah Stewart,20.0,DET,1816.0,14.0,0.55,3.4,-3.3,-0.6,8.3,1.2,8.7,1.1,0.3,71.0,25.6,0,2022
Jarrett Allen,23.0,CLE,1810.0,23.0,0.698,8.5,3.9,2.7,16.1,1.6,10.8,1.3,0.8,56.0,32.3,0,2022
Grayson Allen,26.0,MIL,1805.0,12.7,0.609,4.2,0.4,1.1,11.1,1.5,3.4,0.3,0.7,66.0,27.3,0,2022
Robert Williams,24.0,BOS,1804.0,22.1,0.745,9.9,5.5,3.4,10.0,2.0,9.6,2.2,0.9,61.0,29.6,0,2022
Jaden McDaniels,21.0,MIN,1803.0,10.3,0.553,2.4,-2.9,-0.4,9.2,1.1,4.2,0.8,0.7,70.0,25.8,0,2022
Immanuel Quickley,22.0,NYK,1802.0,14.6,0.543,4.2,0.2,1.0,11.3,3.5,3.2,0.0,0.7,78.0,23.1,0,2022
Corey Kispert,22.0,WAS,1801.0,10.9,0.586,2.3,-2.3,-0.1,8.2,1.1,2.7,0.3,0.5,77.0,23.4,0,2022
Dwight Powell,30.0,DAL,1798.0,18.1,0.725,8.2,0.9,1.3,8.7,1.2,4.9,0.5,0.5,82.0,21.9,0,2022
Mason Plumlee,31.0,CHO,1793.0,14.7,0.603,4.7,0.0,0.9,6.5,3.1,7.7,0.7,0.8,73.0,24.6,0,2022
Carmelo Anthony,37.0,LAL,1793.0,14.8,0.579,3.6,-0.5,0.7,13.3,1.0,4.2,0.8,0.7,69.0,26.0,0,2022
Josh Hart,26.0,2TM,1791.0,16.1,0.61,4.4,0.9,1.3,14.9,4.1,7.2,0.2,1.1,54.0,33.2,0,2022
Caris LeVert,27.0,2TM,1781.0,15.1,0.525,2.2,-1.2,0.4,17.0,4.3,3.7,0.4,0.9,58.0,30.7,0,2022
Bruce Brown,25.0,BRK,1774.0,15.0,0.575,4.8,0.7,1.2,9.0,2.1,4.8,0.7,1.1,72.0,24.6,0,2022
P.J. Washington,23.0,CHO,1768.0,13.6,0.588,3.4,-0.1,0.9,10.3,2.3,5.2,0.9,0.9,65.0,27.2,0,2022
Chuma Okeke,23.0,ORL,1749.0,12.0,0.501,2.2,-0.1,0.8,8.6,1.7,5.0,0.6,1.4,70.0,25.0,0,2022
Georges Niang,28.0,PHI,1736.0,10.7,0.594,2.8,-1.9,0.0,9.2,1.3,2.7,0.2,0.4,76.0,22.8,0,2022
Kevon Looney,25.0,GSW,1732.0,15.7,0.586,6.8,0.9,1.3,6.0,2.0,7.3,0.6,0.6,82.0,21.1,0,2022
Cameron Johnson,25.0,PHO,1730.0,15.2,0.625,5.6,2.7,2.1,12.5,1.5,4.1,0.2,0.9,66.0,26.2,0,2022
Gary Harris,27.0,ORL,1730.0,10.9,0.571,2.2,-2.4,-0.2,11.1,1.8,2.0,0.1,1.0,61.0,28.4,0,2022
OG Anunoby,24.0,TOR,1728.0,14.8,0.549,3.7,0.5,1.1,17.1,2.6,5.5,0.5,1.5,48.0,36.0,0,2022
Precious Achiuwa,22.0,TOR,1725.0,12.7,0.503,2.5,-2.6,-0.2,9.1,1.1,6.5,0.6,0.5,73.0,23.6,0,2022
Deandre Ayton,23.0,PHO,1713.0,21.9,0.656,7.3,2.8,2.1,17.2,1.4,10.2,0.7,0.7,58.0,29.5,0,2022
Garrison Mathews,25.0,HOU,1712.0,11.0,0.602,2.8,-2.3,-0.1,10.0,1.0,2.9,0.4,0.9,65.0,26.3,0,2022
Josh Giddey,19.0,OKC,1700.0,13.3,0.478,0.4,-0.9,0.5,12.5,6.4,7.8,0.4,0.9,54.0,31.5,0,2022
Pat Connaughton,29.0,MIL,1691.0,13.4,0.62,4.4,1.2,1.4,9.9,1.3,4.2,0.2,0.9,65.0,26.0,0,2022
Chris Boucher,29.0,TOR,1690.0,17.9,0.57,6.0,0.1,0.9,9.4,0.3,6.2,0.9,0.6,80.0,21.1,0,2022
Matisse Thybulle,24.0,PHI,1685.0,11.2,0.594,3.7,1.1,1.3,5.7,1.1,2.3,1.1,1.7,66.0,25.5,0,2022
Anfernee Simons,22.0,POR,1681.0,15.3,0.583,1.9,-0.7,0.5,17.3,3.9,2.6,0.1,0.5,57.0,29.5,0,2022
Coby White,21.0,CHI,1675.0,12.6,0.564,2.4,-2.1,0.0,12.7,2.9,3.0,0.2,0.5,61.0,27.5,0,2022
Danilo Gallinari,33.0,ATL,1672.0,14.3,0.579,3.6,-0.2,0.8,11.7,1.5,4.7,0.2,0.4,66.0,25.3,0,2022
Eric Gordon,33.0,HOU,1670.0,12.1,0.614,1.4,-2.3,-0.1,13.4,2.7,2.0,0.3,0.5,57.0,29.3,0,2022
Kevin Love,33.0,CLE,1665.0,19.6,0.594,5.7,4.5,2.7,13.6,2.2,7.2,0.2,0.4,74.0,22.5,0,2022
Luguentz Dort,22.0,OKC,1665.0,12.3,0.541,1.4,-2.3,-0.1,17.2,1.7,4.2,0.4,0.9,51.0,32.6,0,2022
John Collins,24.0,ATL,1663.0,18.7,0.61,5.1,1.5,1.5,16.2,1.8,7.8,1.0,0.6,54.0,30.8,0,2022
De'Anthony Melton,23.0,MEM,1657.0,15.2,0.529,3.7,1.9,1.6,10.8,2.7,4.5,0.5,1.4,73.0,22.7,0,2022
KJ Martin,21.0,HOU,1656.0,14.3,0.603,2.9,-1.2,0.4,8.8,1.3,3.8,0.5,0.4,79.0,21.0,0,2022
Killian Hayes,20.0,DET,1647.0,9.3,0.461,0.5,-3.5,-0.6,6.9,4.2,3.2,0.5,1.2,66.0,25.0,0,2022
Montrezl Harrell,28.0,2TM,1641.0,23.2,0.68,7.3,3.9,2.4,13.1,2.0,6.1,0.6,0.4,71.0,23.1,0,2022
Lonnie Walker IV,23.0,SAS,1612.0,12.3,0.512,1.2,-2.5,-0.2,12.1,2.2,2.6,0.3,0.6,70.0,23.0,0,2022
Cory Joseph,30.0,DET,1600.0,11.4,0.579,2.5,-2.1,0.0,8.0,3.6,2.7,0.3,0.6,65.0,24.6,0,2022
Josh Richardson,28.0,2TM,1600.0,12.8,0.573,3.5,0.1,0.9,10.2,1.8,2.8,0.4,0.9,65.0,24.6,0,2022
Torrey Craig,31.0,2TM,1596.0,11.0,0.556,2.3,-1.8,0.1,6.6,1.2,4.0,0.5,0.6,78.0,20.5,0,2022
Gabe Vincent,25.0,MIA,1589.0,10.6,0.551,2.5,-1.4,0.2,8.7,3.1,1.9,0.2,0.9,68.0,23.4,0,2022
Max Strus,25.0,MIA,1587.0,12.7,0.614,3.6,0.9,1.2,10.6,1.4,3.0,0.2,0.4,68.0,23.3,0,2022
Jusuf Nurkić,27.0,POR,1579.0,20.0,0.586,3.6,0.3,0.9,15.0,2.8,11.1,0.6,1.1,56.0,28.2,0,2022
De'Andre Hunter,24.0,ATL,1577.0,10.6,0.547,1.1,-3.9,-0.8,13.4,1.3,3.3,0.4,0.7,53.0,29.8,0,2022
Amir Coffey,24.0,LAC,1567.0,13.0,0.598,3.8,-0.3,0.7,9.0,1.8,2.9,0.2,0.6,69.0,22.7,0,2022
Oshae Brissett,23.0,IND,1564.0,12.9,0.53,2.2,-2.2,-0.1,9.1,1.1,5.3,0.4,0.7,67.0,23.3,0,2022
Marcus Morris,32.0,LAC,1564.0,13.7,0.549,2.4,-1.4,0.3,15.4,2.1,4.4,0.3,0.5,54.0,29.0,0,2022
Gordon Hayward,31.0,CHO,1564.0,15.1,0.57,2.8,-0.7,0.5,15.9,3.6,4.6,0.4,1.0,49.0,31.9,0,2022
Mikal Bridges,26.0,2TM,2963.0,16.8,0.587,7.5,1.7,2.8,20.1,3.3,4.4,0.7,1.1,83.0,35.7,0,2023
Anthony Edwards,21.0,MIN,2842.0,17.4,0.564,3.8,1.0,2.1,24.6,4.4,5.8,0.7,1.6,79.0,36.0,0,2023
Zach LaVine,27.0,CHI,2768.0,19.0,0.607,7.1,1.9,2.7,24.8,4.2,4.5,0.2,0.9,77.0,35.9,0,2023
Nikola Vučević,32.0,CHI,2746.0,19.1,0.594,8.3,2.7,3.2,17.6,3.2,11.0,0.7,0.7,82.0,33.5,0,2023
Julius Randle,28.0,NYK,2737.0,20.3,0.581,8.1,3.7,3.9,25.1,4.1,10.0,0.3,0.6,77.0,35.5,0,2023
Domantas Sabonis,26.0,SAC,2736.0,23.5,0.668,12.6,5.8,5.4,19.1,7.3,12.3,0.5,0.8,79.0,34.6,0,2023
Jayson Tatum,24.0,BOS,2732.0,23.7,0.607,10.5,5.5,5.1,30.1,4.6,8.8,0.7,1.1,74.0,36.9,0,2023
Spencer Dinwiddie,29.0,2TM,2725.0,16.0,0.573,6.3,0.7,1.8,17.3,6.5,3.4,0.3,0.8,79.0,34.5,0,2023
Evan Mobley,21.0,CLE,2715.0,17.9,0.591,8.5,1.7,2.5,16.2,2.8,9.0,1.5,0.8,79.0,34.4,0,2023
Dejounte Murray,26.0,ATL,2693.0,17.0,0.54,4.7,1.0,2.1,20.5,6.1,5.3,0.3,1.5,74.0,36.4,0,2023
DeMar DeRozan,33.0,CHI,2682.0,20.6,0.592,8.5,2.0,2.6,24.5,5.1,4.6,0.5,1.1,74.0,36.2,0,2023
Scottie Barnes,21.0,TOR,2678.0,15.5,0.524,5.0,0.4,1.6,15.3,4.8,6.6,0.8,1.1,77.0,34.8,0,2023
Harrison Barnes,30.0,SAC,2662.0,14.1,0.632,6.5,-1.0,0.7,15.0,1.6,4.5,0.1,0.7,82.0,32.5,0,2023
Pascal Siakam,28.0,TOR,2652.0,20.3,0.565,7.8,3.1,3.4,24.2,5.8,7.8,0.5,0.9,71.0,37.4,0,2023
CJ McCollum,31.0,NOP,2649.0,15.6,0.541,4.3,0.8,1.9,20.9,5.7,4.4,0.5,0.9,75.0,35.3,0,2023
Franz Wagner,21.0,ORL,2609.0,15.9,0.589,5.4,-0.1,1.3,18.6,3.5,4.1,0.2,1.0,80.0,32.6,0,2023
Jalen Green,20.0,HOU,2602.0,14.5,0.538,1.8,-2.1,0.0,22.1,3.7,3.7,0.2,0.8,76.0,34.2,0,2023
Bam Adebayo,25.0,MIA,2598.0,20.1,0.592,7.4,1.5,2.3,20.4,3.2,9.2,0.8,1.2,75.0,34.6,0,2023
Trae Young,24.0,ATL,2541.0,22.0,0.573,6.7,3.3,3.4,26.2,10.2,3.0,0.1,1.1,73.0,34.8,0,2023
Fred VanVleet,28.0,TOR,2535.0,17.0,0.54,6.5,2.5,2.9,19.3,7.2,4.1,0.6,1.8,69.0,36.7,0,2023
Buddy Hield,30.0,IND,2482.0,15.4,0.614,4.4,1.9,2.4,16.8,2.8,5.0,0.3,1.2,80.0,31.0,0,2023
RJ Barrett,22.0,NYK,2475.0,12.9,0.531,2.2,-3.1,-0.7,19.6,2.8,5.0,0.2,0.4,73.0,33.9,0,2023
Jordan Poole,23.0,GSW,2458.0,14.6,0.573,3.2,-1.9,0.1,20.4,4.5,2.7,0.3,0.8,82.0,30.0,0,2023
Josh Hart,27.0,2TM,2454.0,14.1,0.622,6.0,0.9,1.8,9.8,3.8,7.8,0.3,1.2,76.0,32.3,0,2023
Jabari Smith Jr.,19.0,HOU,2451.0,11.2,0.514,1.9,-3.7,-1.1,12.8,1.3,7.2,0.9,0.5,79.0,31.0,0,2023
Trey Murphy III,22.0,NOP,2448.0,15.2,0.65,7.6,1.8,2.3,14.5,1.4,3.6,0.5,1.1,79.0,31.0,0,2023
Darius Garland,23.0,CLE,2447.0,18.8,0.587,7.6,2.4,2.7,21.6,7.8,2.7,0.1,1.2,69.0,35.5,0,2023
Tobias Harris,30.0,PHI,2436.0,14.8,0.602,5.9,0.7,1.7,14.7,2.5,5.7,0.5,0.9,74.0,32.9,0,2023
De'Aaron Fox,25.0,SAC,2435.0,21.8,0.599,7.4,2.5,2.7,25.0,6.1,4.2,0.3,1.1,73.0,33.4,0,2023
Donovan Mitchell,26.0,CLE,2432.0,22.9,0.614,8.9,6.3,5.0,28.3,4.4,4.3,0.4,1.5,68.0,35.8,0,2023
Paolo Banchero,20.0,ORL,2430.0,14.9,0.529,2.4,-1.5,0.3,20.0,3.7,6.9,0.5,0.8,72.0,33.8,0,2023
Jaden McDaniels,22.0,MIN,2416.0,12.0,0.611,4.4,-1.2,0.5,12.1,1.9,3.9,1.0,0.9,79.0,30.6,0,2023
Shai Gilgeous-Alexander,24.0,OKC,2416.0,27.2,0.626,11.4,7.3,5.6,31.4,5.5,4.8,1.0,1.6,68.0,35.5,0,2023
Royce O'Neale,29.0,BRK,2409.0,9.2,0.538,2.9,-1.1,0.5,8.8,3.7,5.1,0.6,0.9,76.0,31.7,0,2023
Jaylen Brown,26.0,BOS,2405.0,19.1,0.581,5.0,1.3,2.0,26.6,3.5,6.9,0.4,1.1,67.0,35.9,0,2023
Luka Dončić,23.0,DAL,2391.0,28.7,0.609,10.2,8.9,6.6,32.4,8.0,8.6,0.5,1.4,66.0,36.2,0,2023
OG Anunoby,25.0,TOR,2386.0,14.6,0.586,4.7,0.4,1.5,16.8,2.0,5.0,0.7,1.9,67.0,35.6,0,2023
Keegan Murray,22.0,SAC,2382.0,12.3,0.597,4.3,-0.6,0.8,12.2,1.2,4.6,0.5,0.8,80.0,29.8,0,2023
Kentavious Caldwell-Pope,29.0,DEN,2381.0,11.5,0.598,4.5,-1.0,0.6,10.8,2.4,2.7,0.5,1.5,76.0,31.3,0,2023
P.J. Washington,24.0,CHO,2380.0,12.9,0.542,2.6,-1.3,0.4,15.7,2.4,4.9,1.1,0.9,73.0,32.6,0,2023
Jalen Brunson,26.0,NYK,2379.0,21.2,0.597,8.7,3.9,3.5,24.0,6.2,3.5,0.2,0.9,68.0,35.0,0,2023
Brook Lopez,34.0,MIL,2373.0,18.4,0.63,8.0,2.1,2.5,15.9,1.3,6.7,2.5,0.5,78.0,30.4,0,2023
Josh Giddey,20.0,OKC,2367.0,17.1,0.533,4.0,1.2,1.9,16.6,6.2,7.9,0.4,0.8,76.0,31.1,0,2023
Reggie Bullock,31.0,DAL,2364.0,7.7,0.577,2.8,-2.6,-0.4,7.2,1.4,3.6,0.2,0.7,78.0,30.3,0,2023
Immanuel Quickley,23.0,NYK,2344.0,16.3,0.578,6.7,1.7,2.1,14.9,3.4,4.2,0.2,1.0,81.0,28.9,0,2023
Tyler Herro,23.0,MIA,2337.0,15.3,0.566,3.5,0.6,1.6,20.1,4.2,5.4,0.2,0.8,67.0,34.9,0,2023
Patrick Williams,21.0,CHI,2323.0,11.2,0.576,3.5,-1.3,0.4,10.2,1.2,4.0,0.9,0.9,82.0,28.3,0,2023
Nikola Jokić,27.0,DEN,2323.0,31.5,0.701,14.9,13.0,8.8,24.5,9.8,11.8,0.7,1.3,69.0,33.7,0,2023
Derrick White,28.0,BOS,2319.0,15.4,0.604,7.4,2.4,2.6,12.4,3.9,3.6,0.9,0.7,82.0,28.3,0,2023
Jaden Ivey,20.0,DET,2304.0,12.1,0.528,0.0,-3.3,-0.7,16.3,5.2,3.9,0.2,0.8,74.0,31.1,0,2023
D'Angelo Russell,26.0,2TM,2304.0,16.3,0.605,5.1,1.5,2.0,17.8,6.2,3.0,0.4,1.0,71.0,32.5,0,2023
Draymond Green,32.0,GSW,2297.0,12.2,0.592,4.7,0.8,1.6,8.5,6.8,7.2,0.8,1.0,73.0,31.5,0,2023
KJ Martin,22.0,HOU,2292.0,15.4,0.635,4.9,-0.7,0.7,12.7,1.5,5.5,0.4,0.5,82.0,28.0,0,2023
Joel Embiid,28.0,PHI,2284.0,31.4,0.655,12.3,9.2,6.4,33.1,4.2,10.2,1.7,1.0,66.0,34.6,1,2023
Bruce Brown,26.0,DEN,2280.0,13.3,0.571,4.3,-0.5,0.9,11.5,3.4,4.1,0.6,1.1,80.0,28.5,0,2023
Klay Thompson,32.0,GSW,2279.0,14.7,0.576,3.1,-0.3,1.0,21.9,2.4,4.1,0.4,0.7,69.0,33.0,0,2023
Jalen Williams,21.0,OKC,2276.0,15.6,0.601,5.6,0.3,1.3,14.1,3.3,4.5,0.5,1.4,75.0,30.3,0,2023
Lauri Markkanen,25.0,UTA,2273.0,22.1,0.64,8.2,3.8,3.3,25.6,1.9,8.6,0.6,0.6,66.0,34.4,0,2023
Max Strus,26.0,MIA,2272.0,10.8,0.557,3.4,-1.7,0.2,11.5,2.1,3.2,0.2,0.5,80.0,28.4,0,2023
Luguentz Dort,23.0,OKC,2272.0,11.3,0.513,2.9,-3.0,-0.6,13.7,2.1,4.6,0.3,1.0,74.0,30.7,0,2023
Nic Claxton,23.0,BRK,2271.0,20.8,0.691,9.2,3.1,2.9,12.6,1.9,9.2,2.5,0.9,76.0,29.9,0,2023
Jerami Grant,28.0,POR,2246.0,16.0,0.606,4.1,-0.2,1.0,20.5,2.4,4.5,0.8,0.8,63.0,35.7,0,2023
Kyrie Irving,30.0,2TM,2241.0,22.4,0.613,7.4,4.1,3.5,27.1,5.5,5.1,0.8,1.1,60.0,37.4,0,2023
Kyle Kuzma,27.0,WAS,2239.0,14.3,0.544,0.9,-1.7,0.2,21.2,3.7,7.2,0.5,0.6,64.0,35.0,0,2023
Caris LeVert,28.0,CLE,2237.0,12.4,0.546,4.4,-0.2,1.0,12.1,3.9,3.8,0.3,1.0,74.0,30.2,0,2023
Bennedict Mathurin,20.0,IND,2222.0,13.1,0.566,1.8,-3.7,-1.0,16.7,1.5,4.1,0.2,0.6,78.0,28.5,0,2023
Terry Rozier,28.0,CHO,2221.0,14.7,0.517,1.7,-0.6,0.8,21.1,5.1,4.1,0.3,1.2,63.0,35.3,0,2023
Jarrett Allen,24.0,CLE,2220.0,19.9,0.67,9.5,2.4,2.4,14.3,1.7,9.8,1.2,0.8,68.0,32.6,0,2023
Dillon Brooks,27.0,MEM,2214.0,9.4,0.494,1.6,-3.9,-1.1,14.3,2.6,3.3,0.2,0.9,73.0,30.3,0,2023
Kevin Huerter,24.0,SAC,2203.0,15.2,0.617,4.9,1.0,1.7,15.2,2.9,3.3,0.3,1.1,75.0,29.4,0,2023
Jrue Holiday,32.0,MIL,2183.0,19.2,0.586,6.7,3.1,2.8,19.3,7.4,5.1,0.4,1.2,67.0,32.6,0,2023
Alperen Şengün,20.0,HOU,2171.0,19.7,0.599,5.2,1.4,1.9,14.8,3.9,9.0,0.9,0.9,75.0,28.9,0,2023
Anfernee Simons,23.0,POR,2171.0,14.8,0.581,2.5,-1.1,0.5,21.1,4.1,2.6,0.2,0.7,62.0,35.0,0,2023
Ivica Zubac,25.0,LAC,2170.0,16.7,0.661,6.7,-0.9,0.6,10.8,1.0,9.9,1.3,0.4,76.0,28.6,0,2023
Killian Hayes,21.0,DET,2154.0,10.2,0.455,-0.5,-3.8,-1.0,10.3,6.2,2.9,0.4,1.4,76.0,28.3,0,2023
Tim Hardaway Jr.,30.0,DAL,2152.0,12.1,0.554,2.3,-1.8,0.1,14.4,1.8,3.5,0.2,0.7,71.0,30.3,0,2023
De'Anthony Melton,24.0,PHI,2150.0,12.7,0.566,4.2,0.9,1.6,10.1,2.6,4.1,0.5,1.6,77.0,27.9,0,2023
Rudy Gobert,30.0,MIN,2148.0,18.9,0.675,7.8,0.7,1.4,13.4,1.2,11.6,1.4,0.8,70.0,30.7,0,2023
Jimmy Butler,33.0,MIA,2138.0,27.6,0.647,12.3,8.7,5.8,22.9,5.3,5.9,0.3,1.8,64.0,33.4,0,2023
James Harden,33.0,PHI,2135.0,21.6,0.607,8.4,5.4,4.0,21.0,10.7,6.1,0.5,1.2,58.0,36.8,0,2023
Jamal Murray,25.0,DEN,2133.0,18.0,0.571,5.1,1.3,1.8,20.0,6.2,4.0,0.2,1.0,65.0,32.8,0,2023
John Collins,25.0,ATL,2130.0,13.6,0.593,4.2,-1.3,0.4,13.1,1.2,6.5,1.0,0.6,71.0,30.0,0,2023
Saddiq Bey,23.0,2TM,2129.0,14.6,0.564,3.9,-0.3,0.9,13.8,1.5,4.7,0.2,0.9,77.0,27.6,0,2023
De'Andre Hunter,25.0,ATL,2126.0,11.5,0.563,2.5,-3.3,-0.7,15.4,1.4,4.2,0.3,0.5,67.0,31.7,0,2023
Russell Westbrook,34.0,2TM,2126.0,16.1,0.513,1.9,0.2,1.2,15.9,7.5,5.8,0.5,1.0,73.0,29.1,0,2023
Quentin Grimes,22.0,NYK,2121.0,11.7,0.619,4.8,-0.1,1.0,11.3,2.1,3.2,0.4,0.7,71.0,29.9,0,2023
Kristaps Porziņģis,27.0,WAS,2120.0,23.1,0.627,7.7,4.3,3.4,23.2,2.7,8.4,1.5,0.9,65.0,32.6,0,2023
Gary Trent Jr.,24.0,TOR,2118.0,15.0,0.56,4.5,0.2,1.2,17.4,1.6,2.6,0.2,1.6,66.0,32.1,0,2023
Damian Lillard,32.0,POR,2107.0,26.7,0.645,9.0,7.1,4.9,32.2,7.3,4.8,0.3,0.9,58.0,36.3,0,2023
Ayo Dosunmu,23.0,CHI,2098.0,10.2,0.567,2.9,-2.5,-0.2,8.6,2.6,2.8,0.3,0.8,80.0,26.2,0,2023
Corey Kispert,23.0,WAS,2093.0,11.5,0.657,3.8,-1.5,0.2,11.1,1.2,2.8,0.1,0.4,74.0,28.3,0,2023
Malik Beasley,26.0,2TM,2093.0,10.9,0.531,1.4,-2.0,0.0,12.7,1.5,3.5,0.1,0.8,81.0,25.8,0,2023
Caleb Martin,27.0,MIA,2077.0,11.4,0.571,3.7,-1.2,0.4,9.6,1.6,4.8,0.4,1.0,71.0,29.3,0,2023
Andrew Nembhard,23.0,IND,2073.0,10.0,0.528,1.2,-3.2,-0.6,9.5,4.5,2.7,0.2,0.9,75.0,27.6,0,2023
Keldon Johnson,23.0,SAS,2063.0,15.3,0.551,1.3,-1.8,0.1,22.0,2.9,5.0,0.2,0.7,63.0,32.7,0,2023
Aaron Gordon,27.0,DEN,2055.0,19.5,0.617,6.8,2.1,2.1,16.3,3.0,6.6,0.8,0.8,68.0,30.2,0,2023
Mason Plumlee,32.0,2TM,2054.0,19.6,0.689,7.9,2.2,2.2,10.8,3.1,8.9,0.6,0.6,79.0,26.0,0,2023
Grant Williams,24.0,BOS,2045.0,10.3,0.605,4.4,-1.1,0.5,8.1,1.7,4.6,0.4,0.5,79.0,25.9,0,2023
Deandre Ayton,24.0,PHO,2035.0,19.9,0.617,6.2,0.9,1.5,18.0,1.7,10.0,0.8,0.6,67.0,30.4,0,2023
Mike Conley,35.0,2TM,2029.0,14.7,0.583,5.5,0.9,1.5,11.9,6.7,2.7,0.2,1.1,67.0,30.3,0,2023
Giannis Antetokounmpo,28.0,MIL,2024.0,29.0,0.605,8.6,8.5,5.4,31.1,5.7,11.8,0.8,0.8,63.0,32.1,0,2023
Kevin Porter Jr.,22.0,HOU,2024.0,16.2,0.565,2.9,0.6,1.3,19.2,5.7,5.3,0.3,1.4,59.0,34.3,0,2023
Deni Avdija,22.0,WAS,2020.0,11.2,0.535,2.3,-2.3,-0.1,9.2,2.8,6.4,0.4,0.9,76.0,26.6,0,2023
Tyrese Maxey,22.0,PHI,2016.0,17.0,0.605,5.4,0.6,1.3,20.3,3.5,2.9,0.1,0.8,60.0,33.6,0,2023
Dorian Finney-Smith,29.0,2TM,2009.0,9.2,0.523,2.1,-2.0,0.0,8.3,1.5,4.8,0.5,0.8,66.0,30.4,0,2023
Jordan Clarkson,30.0,UTA,1988.0,14.7,0.558,1.7,-1.4,0.3,20.8,4.4,4.0,0.2,0.5,61.0,32.6,0,2023
Dennis Schröder,29.0,LAL,1986.0,11.5,0.545,2.8,-2.9,-0.4,12.6,4.5,2.5,0.2,0.8,66.0,30.1,0,2023
Tre Jones,23.0,SAS,1984.0,16.0,0.534,3.4,-1.0,0.5,12.9,6.6,3.6,0.1,1.3,68.0,29.2,0,2023
Grayson Allen,27.0,MIL,1972.0,12.3,0.612,5.1,0.1,1.0,10.4,2.3,3.3,0.2,0.9,72.0,27.4,0,2023
Jonas Valančiūnas,30.0,NOP,1968.0,19.3,0.61,5.8,-0.4,0.8,14.1,1.8,10.2,0.7,0.3,79.0,24.9,0,2023
Eric Gordon,34.0,2TM,1965.0,11.8,0.587,2.3,-1.9,0.1,12.4,2.7,1.9,0.4,0.6,69.0,28.5,0,2023
Kevon Looney,26.0,GSW,1958.0,17.8,0.639,8.7,2.1,2.0,7.0,2.5,9.3,0.6,0.6,82.0,23.9,0,2023
Kyle Anderson,29.0,MIN,1957.0,14.8,0.583,5.1,2.5,2.2,9.4,4.9,5.3,0.9,1.1,69.0,28.4,0,2023
Marcus Smart,28.0,BOS,1957.0,12.1,0.538,3.7,-1.0,0.5,11.5,6.3,3.1,0.4,1.5,61.0,32.1,0,2023
LeBron James,38.0,LAL,1954.0,23.9,0.583,5.6,6.1,4.0,28.9,6.8,8.3,0.6,0.9,55.0,35.5,0,2023
Herbert Jones,24.0,NOP,1951.0,12.1,0.567,4.2,-0.3,0.8,9.8,2.5,4.1,0.6,1.6,66.0,29.6,0,2023
Torrey Craig,32.0,PHO,1948.0,11.6,0.566,4.0,-0.6,0.7,7.4,1.5,5.4,0.8,0.6,79.0,24.7,0,2023
Ja Morant,23.0,MEM,1948.0,23.3,0.557,6.0,5.7,3.8,26.2,8.1,5.9,0.3,1.1,61.0,31.9,0,2023
Kelly Olynyk,31.0,UTA,1942.0,14.4,0.643,4.3,0.4,1.2,12.5,3.7,6.2,0.5,0.9,68.0,28.6,0,2023
Stephen Curry,34.0,GSW,1941.0,24.1,0.656,7.8,7.5,4.7,29.4,6.3,6.1,0.4,0.9,56.0,34.7,0,2023
Tyus Jones,26.0,MEM,1940.0,16.0,0.546,5.7,1.6,1.7,10.3,5.2,2.5,0.1,1.0,80.0,24.3,0,2023
Paul George,32.0,LAC,1939.0,19.6,0.588,4.6,2.8,2.3,23.8,5.1,6.1,0.4,1.5,56.0,34.6,0,2023
Al Horford,36.0,BOS,1922.0,13.8,0.631,6.3,3.3,2.5,9.8,3.0,6.2,1.0,0.5,63.0,30.5,0,2023
Jalen McDaniels,25.0,2TM,1913.0,11.8,0.557,2.7,-2.1,-0.1,9.4,1.6,4.3,0.4,1.0,80.0,23.9,0,2023
Jakob Poeltl,27.0,2TM,1906.0,21.0,0.635,6.0,1.9,1.9,12.5,2.7,9.1,1.2,0.9,72.0,26.5,0,2023
Anthony Davis,29.0,LAL,1904.0,27.8,0.627,9.0,6.3,4.0,25.9,2.6,12.5,2.0,1.1,56.0,34.0,0,2023
Donte DiVincenzo,26.0,GSW,1894.0,12.8,0.593,4.2,0.7,1.3,9.4,3.5,4.5,0.1,1.3,72.0,26.3,0,2023
Bojan Bogdanović,33.0,DET,1893.0,17.4,0.627,3.5,0.8,1.4,21.6,2.6,3.8,0.1,0.6,59.0,32.1,0,2023
Chris Paul,37.0,PHO,1889.0,17.7,0.555,6.2,3.2,2.5,13.9,8.9,4.3,0.4,1.5,59.0,32.0,0,2023
Tyrese Haliburton,22.0,IND,1883.0,23.6,0.624,7.6,7.2,4.4,20.7,10.4,3.7,0.4,1.6,56.0,33.6,0,2023
Jarred Vanderbilt,23.0,2TM,1879.0,15.1,0.604,5.2,1.1,1.5,7.9,2.4,7.5,0.3,1.1,78.0,24.1,0,2023
Terance Mann,26.0,LAC,1872.0,13.4,0.619,4.3,-0.2,0.8,8.8,2.3,3.4,0.3,0.5,81.0,23.1,0,2023
Troy Brown Jr.,23.0,LAL,1860.0,9.6,0.561,2.9,-1.0,0.5,7.1,1.3,4.1,0.2,0.8,76.0,24.5,0,2023
Onyeka Okongwu,22.0,ATL,1849.0,19.4,0.678,7.1,0.8,1.3,9.9,1.0,7.2,1.3,0.7,80.0,23.1,0,2023
Austin Reaves,24.0,LAL,1843.0,14.9,0.687,5.4,0.7,1.2,13.0,3.4,3.0,0.3,0.5,64.0,28.8,0,2023
Desmond Bane,24.0,MEM,1841.0,19.1,0.606,5.8,3.5,2.5,21.5,4.4,5.0,0.4,1.0,58.0,31.7,0,2023
Devin Booker,26.0,PHO,1835.0,22.0,0.601,6.0,4.2,2.9,27.8,5.5,4.5,0.3,1.0,53.0,34.6,0,2023
Marcus Morris,33.0,LAC,1825.0,10.5,0.534,2.0,-1.9,0.0,11.2,1.8,4.0,0.3,0.6,65.0,28.1,0,2023
Myles Turner,26.0,IND,1825.0,20.0,0.651,5.4,2.1,1.9,18.0,1.4,7.5,2.3,0.6,62.0,29.4,0,2023
Bobby Portis,27.0,MIL,1818.0,17.8,0.575,5.3,0.7,1.2,14.1,1.5,9.6,0.2,0.4,70.0,26.0,0,2023
Aaron Nesmith,23.0,IND,1816.0,10.5,0.566,2.0,-3.0,-0.4,10.1,1.3,3.8,0.5,0.8,73.0,24.9,0,2023
Patrick Beverley,34.0,2TM,1816.0,8.9,0.534,3.0,-1.2,0.3,6.2,2.9,3.7,0.6,0.9,67.0,27.1,0,2023
Jevon Carter,27.0,MIL,1810.0,10.9,0.56,3.5,-0.6,0.6,8.0,2.4,2.5,0.4,0.8,81.0,22.3,0,2023
Michael Porter Jr.,24.0,DEN,1798.0,16.8,0.621,4.3,0.2,1.0,17.4,1.0,5.5,0.5,0.6,62.0,29.0,0,2023
Naji Marshall,25.0,NOP,1792.0,11.4,0.539,2.5,-1.9,0.1,9.1,2.5,3.6,0.2,0.7,77.0,23.3,0,2023
Jaren Jackson Jr.,23.0,MEM,1787.0,21.6,0.613,6.6,2.8,2.2,18.6,1.0,6.8,3.0,1.0,63.0,28.4,0,2023
Shaedon Sharpe,19.0,POR,1779.0,11.5,0.568,1.2,-3.3,-0.6,9.9,1.2,3.0,0.3,0.5,80.0,22.2,0,2023
Markelle Fultz,24.0,ORL,1778.0,16.6,0.564,3.7,0.5,1.2,14.0,5.7,3.9,0.4,1.5,60.0,29.6,0,2023
Tari Eason,21.0,HOU,1767.0,15.2,0.525,2.6,-1.7,0.1,9.3,1.1,6.0,0.6,1.2,82.0,21.5,0,2023
Gabe Vincent,26.0,MIA,1759.0,9.0,0.533,1.4,-3.4,-0.6,9.4,2.5,2.1,0.1,0.9,68.0,25.9,0,2023
Kawhi Leonard,31.0,LAC,1748.0,23.9,0.623,7.1,6.1,3.5,23.8,3.9,6.5,0.5,1.4,52.0,33.6,0,2023
Malcolm Brogdon,30.0,BOS,1744.0,18.2,0.615,5.8,2.8,2.1,14.9,3.7,4.2,0.3,0.7,67.0,26.0,0,2023
Christian Wood,27.0,DAL,1738.0,20.6,0.624,4.8,1.7,1.6,16.6,1.8,7.3,1.1,0.4,67.0,25.9,0,2023
Coby White,22.0,CHI,1730.0,12.5,0.572,3.1,-0.8,0.5,9.7,2.8,2.9,0.1,0.7,74.0,23.4,0,2023
Clint Capela,28.0,ATL,1730.0,22.1,0.656,7.2,2.2,1.8,12.0,0.9,11.0,1.2,0.7,65.0,26.6,0,2023
Malik Monk,24.0,SAC,1719.0,16.6,0.587,3.2,0.3,1.0,13.5,3.9,2.6,0.3,0.6,77.0,22.3,0,2023
Kyle Lowry,36.0,MIA,1718.0,12.6,0.565,3.4,0.2,0.9,11.2,5.1,4.1,0.4,1.0,55.0,31.2,0,2023
Nicolas Batum,34.0,LAC,1709.0,11.0,0.594,3.6,0.5,1.0,6.1,1.6,3.8,0.6,0.7,78.0,21.9,0,2023
Walker Kessler,21.0,UTA,1703.0,21.5,0.702,7.1,2.9,2.1,9.2,0.9,8.4,2.3,0.4,74.0,23.0,0,2023
Monte Morris,27.0,WAS,1695.0,15.0,0.579,4.2,0.5,1.1,10.3,5.3,3.4,0.2,0.7,62.0,27.3,0,2023
Wendell Carter Jr.,23.0,ORL,1690.0,17.3,0.621,4.6,1.0,1.3,15.2,2.3,8.7,0.6,0.5,57.0,29.6,0,2023
Santi Aldama,22.0,MEM,1682.0,13.9,0.591,4.6,0.5,1.1,9.0,1.3,4.8,0.6,0.6,77.0,21.8,0,2023
Bradley Beal,29.0,WAS,1673.0,19.7,0.593,3.4,1.8,1.6,23.2,5.4,3.9,0.7,0.9,50.0,33.5,0,2023
Kevin Durant,34.0,2TM,1672.0,25.9,0.677,6.8,7.1,3.9,29.1,5.0,6.7,1.4,0.7,47.0,35.6,0,2023
Jalen Duren,19.0,DET,1670.0,17.3,0.655,4.5,-0.8,0.5,9.1,1.1,8.9,0.9,0.7,67.0,24.9,0,2023
Reggie Jackson,32.0,2TM,1657.0,10.0,0.514,0.6,-3.9,-0.8,10.2,3.4,2.1,0.1,0.7,68.0,24.4,0,2023
Isaac Okoro,22.0,CLE,1652.0,10.7,0.614,4.2,-0.3,0.7,6.4,1.1,2.5,0.4,0.7,76.0,21.7,0,2023
Isaiah Hartenstein,24.0,NYK,1626.0,14.2,0.567,4.6,-0.3,0.7,5.0,1.2,6.5,0.8,0.6,82.0,19.8,0,2023
Daniel Gafford,24.0,WAS,1604.0,19.7,0.739,6.1,1.0,1.2,9.0,1.1,5.6,1.3,0.4,78.0,20.6,0,2023
Mitchell Robinson,24.0,NYK,1591.0,18.9,0.652,6.5,2.4,1.7,7.4,0.9,9.4,1.8,0.9,59.0,27.0,0,2023
Drew Eubanks,25.0,POR,1584.0,16.2,0.666,4.4,0.1,0.8,6.6,1.3,5.4,1.3,0.5,78.0,20.3,0,2023
Gordon Hayward,32.0,CHO,1577.0,13.5,0.563,2.0,-1.4,0.2,14.7,4.1,4.3,0.2,0.8,50.0,31.5,0,2023
Alex Caruso,28.0,CHI,1575.0,11.5,0.588,3.6,1.1,1.2,5.6,2.9,2.9,0.7,1.5,67.0,23.5,0,2023
Shake Milton,26.0,PHI,1567.0,12.7,0.575,2.9,-2.0,0.0,8.4,3.2,2.5,0.2,0.3,76.0,20.6,0,2023
Norman Powell,29.0,LAC,1567.0,17.1,0.612,3.5,0.3,0.9,17.0,1.8,2.9,0.3,0.8,60.0,26.1,0,2023
DeMar DeRozan,34.0,CHI,2989.0,19.7,0.584,9.2,1.8,2.8,24.0,5.3,4.3,0.6,1.1,79.0,37.8,0,2024
Domantas Sabonis,27.0,SAC,2928.0,23.2,0.637,12.6,6.5,6.2,19.4,8.2,13.7,0.6,0.9,82.0,35.7,0,2024
Coby White,23.0,CHI,2881.0,14.5,0.57,4.7,-0.7,0.9,19.1,5.1,4.5,0.2,0.7,79.0,36.5,0,2024
Mikal Bridges,27.0,BRK,2854.0,14.9,0.56,4.2,-0.4,1.2,19.6,3.6,4.5,0.4,1.0,82.0,34.8,0,2024
Paolo Banchero,21.0,ORL,2799.0,17.3,0.546,5.3,1.3,2.3,22.6,5.4,6.9,0.6,0.9,80.0,35.0,0,2024
Kevin Durant,35.0,PHO,2791.0,21.2,0.626,8.3,4.0,4.3,27.1,5.0,6.6,1.2,0.9,75.0,37.2,0,2024
Dejounte Murray,27.0,ATL,2783.0,17.7,0.555,4.9,1.7,2.6,22.5,6.4,5.3,0.3,1.4,78.0,35.7,0,2024
Anthony Edwards,22.0,MIN,2770.0,19.7,0.575,7.5,3.3,3.7,25.9,5.1,5.4,0.5,1.3,79.0,35.1,0,2024
Nikola Jokić,28.0,DEN,2737.0,31.0,0.65,17.0,13.2,10.6,26.4,9.0,12.4,0.9,1.4,79.0,34.6,1,2024
Jalen Brunson,27.0,NYK,2726.0,23.4,0.592,11.2,5.8,5.4,28.7,6.7,3.6,0.2,0.9,77.0,35.4,0,2024
Josh Hart,28.0,NYK,2707.0,11.8,0.522,5.7,0.0,1.4,9.4,4.1,8.3,0.3,0.9,81.0,33.4,0,2024
Anthony Davis,30.0,LAL,2700.0,25.8,0.621,11.8,5.1,4.9,24.7,3.5,12.6,2.3,1.2,76.0,35.5,0,2024
Fred VanVleet,29.0,HOU,2684.0,16.7,0.568,8.4,3.4,3.6,17.4,8.1,3.8,0.8,1.4,73.0,36.8,0,2024
De'Aaron Fox,26.0,SAC,2659.0,20.1,0.567,6.5,2.7,3.2,26.6,5.6,4.6,0.4,2.0,74.0,35.9,0,2024
Pascal Siakam,29.0,2TM,2657.0,19.7,0.601,6.9,1.9,2.7,21.7,4.3,7.1,0.3,0.8,80.0,33.2,0,2024
Jayson Tatum,25.0,BOS,2645.0,22.3,0.604,10.4,5.1,4.7,26.9,4.9,8.1,0.6,1.0,74.0,35.7,0,2024
Austin Reaves,25.0,LAL,2629.0,15.5,0.613,5.9,0.4,1.6,15.9,5.5,4.3,0.3,0.8,82.0,32.1,0,2024
Tyrese Maxey,23.0,PHI,2626.0,19.8,0.573,8.1,3.1,3.4,25.9,6.2,3.7,0.5,1.0,70.0,37.5,0,2024
Luka Dončić,24.0,DAL,2624.0,28.1,0.617,12.0,9.9,8.0,33.9,9.8,9.2,0.5,1.4,70.0,37.5,0,2024
Nikola Vučević,33.0,CHI,2610.0,17.7,0.54,5.4,0.1,1.4,18.0,3.3,10.5,0.8,0.7,76.0,34.3,0,2024
Jalen Green,21.0,HOU,2601.0,14.7,0.541,3.1,-0.5,1.0,19.6,3.5,5.2,0.3,0.8,82.0,31.7,0,2024
Rudy Gobert,31.0,MIN,2593.0,19.3,0.675,11.6,1.8,2.5,14.0,1.3,12.9,2.1,0.7,76.0,34.1,0,2024
Keegan Murray,23.0,SAC,2588.0,13.3,0.569,5.2,-0.9,0.8,15.2,1.7,5.5,0.8,1.0,77.0,33.6,0,2024
Miles Bridges,25.0,CHO,2581.0,15.4,0.556,2.2,-1.1,0.6,21.0,3.3,7.3,0.5,0.9,69.0,37.4,0,2024
Damian Lillard,33.0,MIL,2579.0,19.6,0.59,7.7,2.1,2.7,24.3,7.0,4.4,0.2,1.0,73.0,35.3,0,2024
Giannis Antetokounmpo,29.0,MIL,2567.0,29.9,0.649,13.2,9.0,7.2,30.4,6.5,11.5,1.1,1.2,73.0,35.2,0,2024
Michael Porter Jr.,25.0,DEN,2565.0,15.5,0.601,6.2,0.1,1.3,16.7,1.5,7.0,0.7,0.5,81.0,31.7,0,2024
Shai Gilgeous-Alexander,25.0,OKC,2553.0,29.3,0.636,14.6,9.0,7.1,30.1,6.2,5.5,0.9,2.0,75.0,34.0,0,2024
Grayson Allen,28.0,PHO,2513.0,13.8,0.679,6.9,1.3,2.0,13.5,3.0,3.9,0.6,0.9,75.0,33.5,0,2024
LeBron James,39.0,LAL,2504.0,23.7,0.63,8.5,6.5,5.4,25.7,8.3,7.3,0.5,1.3,71.0,35.3,0,2024
Paul George,33.0,LAC,2502.0,19.3,0.613,7.3,3.2,3.3,22.6,3.5,5.2,0.5,1.5,74.0,33.8,0,2024
Dennis Schröder,30.0,2TM,2486.0,13.3,0.55,3.3,-1.8,0.1,14.0,6.1,3.0,0.2,0.8,80.0,31.1,0,2024
D'Angelo Russell,27.0,LAL,2484.0,16.0,0.588,5.1,0.9,1.8,18.0,6.3,3.1,0.5,0.9,76.0,32.7,0,2024
James Harden,34.0,LAC,2470.0,18.6,0.612,8.4,4.1,3.8,16.6,8.5,5.1,0.8,1.1,72.0,34.3,0,2024
Devin Booker,27.0,PHO,2447.0,21.9,0.611,9.2,3.0,3.1,27.1,6.9,4.5,0.4,0.9,68.0,36.0,0,2024
Jarrett Allen,25.0,CLE,2442.0,21.8,0.664,10.7,3.0,3.1,16.5,2.7,10.5,1.1,0.7,77.0,31.7,0,2024
Jabari Smith Jr.,20.0,HOU,2424.0,13.8,0.571,5.6,-0.4,1.0,13.7,1.6,8.1,0.8,0.7,76.0,31.9,0,2024
Stephen Curry,35.0,GSW,2421.0,20.6,0.616,7.2,5.2,4.4,26.4,5.1,4.5,0.4,0.7,74.0,32.7,0,2024
Bam Adebayo,26.0,MIA,2416.0,19.8,0.576,7.2,2.4,2.7,19.3,3.9,10.4,0.9,1.1,71.0,34.0,0,2024
Chet Holmgren,21.0,OKC,2413.0,20.4,0.632,8.9,3.4,3.3,16.5,2.4,7.9,2.3,0.6,82.0,29.4,0,2024
Brook Lopez,35.0,MIL,2411.0,14.8,0.608,5.9,1.0,1.8,12.5,1.6,5.2,2.4,0.5,79.0,30.5,0,2024
Kentavious Caldwell-Pope,30.0,DEN,2402.0,10.7,0.602,4.8,-1.4,0.4,10.1,2.4,2.4,0.6,1.3,76.0,31.6,0,2024
Bogdan Bogdanović,31.0,ATL,2401.0,14.7,0.569,3.9,0.2,1.4,16.9,3.1,3.4,0.3,1.2,79.0,30.4,0,2024
Brandon Miller,21.0,CHO,2383.0,13.0,0.552,0.8,-2.6,-0.3,17.3,2.4,4.3,0.6,0.9,74.0,32.2,0,2024
Harrison Barnes,31.0,SAC,2381.0,11.9,0.611,4.7,-1.8,0.1,12.2,1.2,3.0,0.1,0.7,82.0,29.0,0,2024
Derrick White,29.0,BOS,2381.0,16.9,0.611,8.5,3.8,3.5,15.2,5.2,4.2,1.2,1.0,73.0,32.6,0,2024
Tobias Harris,31.0,PHI,2368.0,16.5,0.576,5.9,0.9,1.7,17.2,3.1,6.5,0.7,1.0,70.0,33.8,0,2024
Donte DiVincenzo,27.0,NYK,2360.0,16.0,0.597,6.6,3.4,3.2,15.5,2.7,3.7,0.4,1.3,81.0,29.1,0,2024
Jordan Poole,24.0,WAS,2346.0,12.1,0.529,-0.6,-3.9,-1.2,17.4,4.4,2.7,0.3,1.1,78.0,30.1,0,2024
Jaylen Brown,27.0,BOS,2343.0,18.6,0.58,5.9,0.7,1.6,23.0,3.6,5.5,0.5,1.2,70.0,33.5,0,2024
Malik Beasley,27.0,MIL,2337.0,10.3,0.603,3.5,-1.8,0.1,11.3,1.4,3.7,0.1,0.7,79.0,29.6,0,2024
Franz Wagner,22.0,ORL,2337.0,17.6,0.575,6.4,1.2,1.9,19.7,3.7,5.3,0.4,1.1,72.0,32.5,0,2024
Kawhi Leonard,32.0,LAC,2330.0,23.2,0.626,8.9,5.5,4.4,23.7,3.6,6.1,0.9,1.6,68.0,34.3,0,2024
Herbert Jones,25.0,NOP,2321.0,13.2,0.636,6.3,0.6,1.6,11.0,2.6,3.6,0.8,1.4,76.0,30.5,0,2024
Aaron Gordon,28.0,DEN,2297.0,16.8,0.607,7.1,1.3,1.9,13.9,3.5,6.5,0.6,0.8,73.0,31.5,0,2024
Klay Thompson,33.0,GSW,2284.0,13.9,0.576,3.6,-0.4,0.9,17.9,2.3,3.3,0.5,0.6,77.0,29.7,0,2024
Kyle Kuzma,28.0,WAS,2281.0,15.7,0.547,0.2,-1.1,0.5,22.2,4.2,6.6,0.7,0.5,70.0,32.6,0,2024
Jrue Holiday,33.0,BOS,2263.0,14.4,0.597,6.3,2.1,2.4,12.5,4.8,5.4,0.8,0.9,69.0,32.8,0,2024
Deni Avdija,23.0,WAS,2257.0,14.9,0.597,3.2,-0.9,0.6,14.7,3.8,7.2,0.5,0.8,75.0,30.1,0,2024
Devin Vassell,23.0,SAS,2248.0,15.7,0.578,3.6,0.0,1.1,19.5,4.1,3.8,0.3,1.1,68.0,33.1,0,2024
Luguentz Dort,24.0,OKC,2246.0,11.1,0.593,4.6,-1.6,0.2,10.9,1.4,3.6,0.6,0.9,79.0,28.4,0,2024
Max Strus,27.0,CLE,2239.0,11.7,0.553,3.9,-0.6,0.8,12.2,4.0,4.8,0.4,0.9,70.0,32.0,0,2024
Dillon Brooks,28.0,HOU,2227.0,9.4,0.549,2.7,-3.6,-0.9,12.7,1.7,3.4,0.1,0.9,72.0,30.9,0,2024
Tyrese Haliburton,23.0,IND,2224.0,23.3,0.605,9.0,6.9,5.0,20.1,10.9,3.9,0.7,1.2,69.0,32.2,0,2024
Jalen Williams,22.0,OKC,2223.0,19.1,0.621,7.3,2.3,2.4,19.1,4.5,4.0,0.6,1.1,71.0,31.3,0,2024
P.J. Washington,25.0,2TM,2221.0,12.2,0.537,1.9,-2.1,-0.1,12.9,1.9,5.6,0.8,1.0,73.0,30.4,0,2024
Jaden Ivey,21.0,DET,2217.0,12.4,0.536,0.5,-3.1,-0.6,15.4,3.8,3.4,0.5,0.7,77.0,28.8,0,2024
Ayo Dosunmu,24.0,CHI,2212.0,13.4,0.604,4.1,-0.8,0.7,12.2,3.2,2.8,0.5,0.9,76.0,29.1,0,2024
Zion Williamson,23.0,NOP,2207.0,22.8,0.61,7.5,3.8,3.3,22.9,5.0,5.8,0.7,1.1,70.0,31.5,0,2024
Mike Conley,36.0,MIN,2193.0,15.8,0.627,8.2,3.4,3.0,11.4,5.9,2.9,0.2,1.2,76.0,28.9,0,2024
Jeremy Sochan,20.0,SAS,2193.0,11.4,0.513,1.4,-3.4,-0.8,11.6,3.4,6.4,0.5,0.8,74.0,29.6,0,2024
Buddy Hield,31.0,2TM,2160.0,13.3,0.578,3.5,0.4,1.3,12.1,2.8,3.2,0.5,0.8,84.0,25.7,0,2024
CJ McCollum,32.0,NOP,2159.0,17.9,0.592,5.9,3.1,2.8,20.0,4.6,4.3,0.6,0.9,66.0,32.7,0,2024
Spencer Dinwiddie,30.0,2TM,2152.0,11.7,0.543,3.6,-1.9,0.1,10.5,4.7,2.7,0.3,0.7,76.0,28.3,0,2024
Tre Jones,24.0,SAS,2138.0,14.7,0.591,4.9,-0.4,0.9,10.0,6.2,3.8,0.1,1.0,77.0,27.8,0,2024
Grant Williams,25.0,2TM,2130.0,10.6,0.588,2.6,-2.6,-0.3,10.3,2.3,4.2,0.5,0.6,76.0,28.0,0,2024
Jaren Jackson Jr.,24.0,MEM,2124.0,17.4,0.552,3.0,0.4,1.3,22.5,2.3,5.5,1.6,1.2,66.0,32.2,0,2024
Tim Hardaway Jr.,31.0,DAL,2120.0,12.1,0.542,2.2,-2.9,-0.5,14.4,1.8,3.2,0.1,0.5,79.0,26.8,0,2024
Nic Claxton,24.0,BRK,2116.0,18.7,0.629,6.7,1.2,1.7,11.8,2.1,9.9,2.1,0.6,71.0,29.8,0,2024
Jaime Jaquez Jr.,22.0,MIA,2113.0,12.9,0.574,4.0,-1.9,0.1,11.9,2.6,3.8,0.3,1.0,75.0,28.2,0,2024
Taurean Prince,29.0,LAL,2108.0,8.8,0.579,1.9,-2.8,-0.4,8.9,1.5,2.9,0.4,0.7,78.0,27.0,0,2024
Victor Wembanyama,20.0,SAS,2106.0,23.1,0.565,3.7,5.2,3.8,21.4,3.9,10.6,3.6,1.2,71.0,29.7,0,2024
Jaden McDaniels,23.0,MIN,2105.0,9.4,0.571,3.4,-2.6,-0.3,10.5,1.4,3.1,0.6,0.9,72.0,29.2,0,2024
Brandon Ingram,26.0,NOP,2103.0,18.2,0.578,5.1,1.2,1.7,20.8,5.7,5.1,0.6,0.8,64.0,32.9,0,2024
Scottie Barnes,22.0,TOR,2094.0,19.5,0.566,4.3,3.7,3.0,19.9,6.1,8.2,1.5,1.3,60.0,34.9,0,2024
Jusuf Nurkić,29.0,PHO,2078.0,17.4,0.559,5.8,1.1,1.6,10.9,4.0,11.0,1.1,1.1,76.0,27.3,0,2024
Myles Turner,27.0,IND,2076.0,19.3,0.626,5.8,0.9,1.5,17.1,1.3,6.9,1.9,0.5,77.0,27.0,0,2024
Collin Sexton,25.0,UTA,2075.0,19.9,0.607,5.5,1.9,2.0,18.7,4.9,2.6,0.2,0.8,78.0,26.6,0,2024
Cam Thomas,22.0,BRK,2075.0,16.1,0.554,2.5,-1.2,0.4,22.5,2.9,3.2,0.2,0.7,66.0,31.4,0,2024
Cade Cunningham,22.0,DET,2074.0,17.1,0.546,1.8,0.3,1.2,22.7,7.5,4.3,0.4,0.9,62.0,33.5,0,2024
Corey Kispert,24.0,WAS,2067.0,12.8,0.62,2.1,-2.1,-0.1,13.4,2.0,2.8,0.2,0.5,80.0,25.8,0,2024
Saddiq Bey,24.0,ATL,2062.0,13.1,0.549,3.5,-1.8,0.1,13.7,1.5,6.5,0.2,0.8,63.0,32.7,0,2024
Kelly Oubre Jr.,28.0,PHI,2055.0,13.5,0.535,3.0,-2.3,-0.1,15.4,1.5,5.0,0.7,1.1,68.0,30.2,0,2024
Alperen Şengün,21.0,HOU,2046.0,22.0,0.585,6.9,4.9,3.5,21.1,5.0,9.3,0.7,1.2,63.0,32.5,0,2024
Jimmy Butler,34.0,MIA,2042.0,22.0,0.626,9.1,4.6,3.4,20.8,5.0,5.3,0.3,1.3,60.0,34.0,0,2024
Alex Caruso,29.0,CHI,2040.0,14.5,0.613,4.9,2.5,2.3,10.1,3.5,3.8,1.0,1.7,71.0,28.7,0,2024
Terry Rozier,29.0,2TM,2040.0,17.3,0.555,3.9,1.5,1.8,19.8,5.6,4.0,0.3,1.0,61.0,33.4,0,2024
Keldon Johnson,24.0,SAS,2038.0,14.2,0.565,3.0,-1.7,0.2,15.7,2.8,5.5,0.3,0.7,69.0,29.5,0,2024
Kyrie Irving,31.0,DAL,2030.0,21.9,0.608,6.9,4.9,3.6,25.6,5.2,5.0,0.5,1.3,58.0,35.0,0,2024
Karl-Anthony Towns,28.0,MIN,2026.0,18.8,0.625,6.3,2.5,2.3,21.8,3.0,8.3,0.7,0.7,62.0,32.7,0,2024
Jalen Suggs,22.0,ORL,2025.0,14.1,0.602,4.7,1.0,1.5,12.6,2.7,3.1,0.6,1.4,75.0,27.0,0,2024
Keyonte George,20.0,UTA,2023.0,10.4,0.533,-0.3,-4.4,-1.2,13.0,4.4,2.8,0.1,0.5,75.0,27.0,0,2024
Josh Giddey,21.0,OKC,2011.0,16.6,0.547,4.3,1.5,1.8,12.3,4.8,6.4,0.6,0.6,80.0,25.1,0,2024
Bobby Portis,28.0,MIL,2008.0,17.5,0.581,4.7,-0.8,0.6,13.8,1.3,7.4,0.4,0.8,82.0,24.5,0,2024
Aaron Nesmith,24.0,IND,1995.0,12.8,0.631,4.1,-0.5,0.8,12.2,1.5,3.8,0.7,0.9,72.0,27.7,0,2024
Gary Trent Jr.,25.0,TOR,1994.0,12.0,0.548,1.7,-2.6,-0.3,13.7,1.7,2.6,0.1,1.1,71.0,28.1,0,2024
Norman Powell,30.0,LAC,1990.0,13.9,0.626,4.1,-0.8,0.6,13.9,1.1,2.6,0.3,0.6,76.0,26.2,0,2024
Immanuel Quickley,24.0,2TM,1985.0,16.7,0.577,4.7,1.3,1.7,17.0,4.9,3.8,0.1,0.7,68.0,29.2,0,2024
Brandin Podziemski,20.0,GSW,1968.0,13.0,0.54,4.1,-0.1,0.9,9.2,3.7,5.8,0.2,0.8,74.0,26.6,0,2024
Naz Reid,24.0,MIN,1964.0,16.0,0.595,4.9,1.5,1.7,13.5,1.3,5.2,0.9,0.8,81.0,24.2,0,2024
Caris LeVert,29.0,CLE,1958.0,14.6,0.524,3.6,0.2,1.1,14.0,5.1,4.1,0.5,1.1,68.0,28.8,0,2024
Royce O'Neale,30.0,2TM,1954.0,11.1,0.548,3.4,0.0,1.0,7.7,2.8,4.8,0.6,0.7,79.0,24.7,0,2024
Jonathan Kuminga,21.0,GSW,1949.0,17.0,0.598,4.6,-0.4,0.8,16.1,2.2,4.8,0.5,0.7,74.0,26.3,0,2024
Donovan Mitchell,27.0,CLE,1942.0,22.1,0.595,6.4,5.8,3.9,26.6,6.1,5.1,0.5,1.8,55.0,35.3,0,2024
Trae Young,25.0,ATL,1942.0,20.3,0.585,4.6,2.6,2.2,25.7,10.8,2.8,0.2,1.3,54.0,36.0,0,2024
Dorian Finney-Smith,30.0,BRK,1934.0,10.1,0.546,2.6,-2.0,0.0,8.5,1.6,4.7,0.6,0.8,68.0,28.4,0,2024
Tyus Jones,27.0,WAS,1933.0,16.5,0.578,4.5,0.7,1.3,12.0,7.3,2.7,0.3,1.1,66.0,29.3,0,2024
Jonas Valančiūnas,31.0,NOP,1925.0,19.8,0.619,7.1,1.2,1.6,12.2,2.1,8.8,0.8,0.4,82.0,23.5,0,2024
Nickeil Alexander-Walker,25.0,MIN,1921.0,10.9,0.578,4.3,0.2,1.1,8.0,2.5,2.0,0.5,0.8,82.0,23.4,0,2024
Andrew Wiggins,28.0,GSW,1920.0,12.7,0.544,2.8,-2.5,-0.3,13.2,1.7,4.5,0.6,0.6,71.0,27.0,0,2024
Duncan Robinson,29.0,MIA,1905.0,12.2,0.612,3.6,-0.9,0.6,12.9,2.8,2.5,0.2,0.7,68.0,28.0,0,2024
John Collins,26.0,UTA,1901.0,17.5,0.621,4.4,-0.9,0.5,15.1,1.1,8.5,0.9,0.6,68.0,28.0,0,2024
Darius Garland,24.0,CLE,1901.0,14.5,0.56,2.7,-1.0,0.5,18.0,6.5,2.7,0.1,1.3,57.0,33.4,0,2024
Isaiah Hartenstein,25.0,NYK,1896.0,18.9,0.67,8.1,3.5,2.6,7.8,2.5,8.3,1.1,1.2,75.0,25.3,0,2024
Eric Gordon,35.0,PHO,1893.0,10.8,0.58,2.5,-1.7,0.1,11.0,2.0,1.8,0.4,1.0,68.0,27.8,0,2024
Jalen Johnson,22.0,ATL,1889.0,16.3,0.584,3.8,1.2,1.5,16.0,3.6,8.7,0.8,1.2,56.0,33.7,0,2024
Isaac Okoro,23.0,CLE,1887.0,11.4,0.599,4.2,-1.1,0.4,9.4,1.9,3.0,0.5,0.8,69.0,27.3,0,2024
Clint Capela,29.0,ATL,1883.0,20.7,0.59,6.3,0.1,1.0,11.5,1.2,10.6,1.5,0.6,73.0,25.8,0,2024
Terance Mann,27.0,LAC,1873.0,12.0,0.615,4.2,-1.5,0.2,8.8,1.6,3.4,0.2,0.6,75.0,25.0,0,2024
Malik Monk,25.0,SAC,1872.0,16.0,0.564,3.5,0.6,1.2,15.4,5.1,2.9,0.5,0.6,72.0,26.0,0,2024
Bruce Brown,27.0,2TM,1866.0,11.6,0.563,2.2,-3.3,-0.6,10.8,2.9,4.2,0.3,0.9,67.0,27.9,0,2024
Jamal Murray,26.0,DEN,1861.0,20.7,0.586,5.9,4.1,2.9,21.2,6.5,4.1,0.7,1.0,59.0,31.5,0,2024
RJ Barrett,23.0,2TM,1838.0,16.4,0.58,2.9,-0.8,0.6,20.2,3.3,5.4,0.4,0.5,58.0,31.7,0,2024
Georges Niang,30.0,CLE,1831.0,9.9,0.583,2.4,-2.9,-0.4,9.4,1.2,3.4,0.2,0.4,82.0,22.3,0,2024
Jerami Grant,29.0,POR,1830.0,15.4,0.573,2.7,-0.1,0.9,21.0,2.8,3.5,0.6,0.8,54.0,33.9,0,2024
Rui Hachimura,25.0,LAL,1826.0,15.0,0.628,4.1,-0.9,0.5,13.6,1.2,4.3,0.4,0.6,68.0,26.9,0,2024
Payton Pritchard,26.0,BOS,1825.0,15.3,0.597,6.1,1.0,1.4,9.6,3.4,3.2,0.1,0.5,82.0,22.3,0,2024
Lauri Markkanen,26.0,UTA,1820.0,21.5,0.631,6.2,3.6,2.6,23.2,2.0,8.2,0.5,0.9,55.0,33.1,0,2024
Reggie Jackson,33.0,DEN,1817.0,11.7,0.521,2.1,-3.2,-0.6,10.2,3.8,1.9,0.2,0.5,82.0,22.2,0,2024
Cole Anthony,23.0,ORL,1817.0,14.6,0.545,3.6,0.1,1.0,11.6,2.9,3.8,0.5,0.8,81.0,22.4,0,2024
Daniel Gafford,25.0,2TM,1815.0,21.7,0.731,7.8,2.6,2.1,11.0,1.6,7.6,2.1,0.9,74.0,24.5,0,2024
Ivica Zubac,26.0,LAC,1794.0,19.3,0.671,6.8,0.8,1.3,11.7,1.4,9.2,1.2,0.3,68.0,26.4,0,2024
Deandre Ayton,25.0,POR,1784.0,18.9,0.587,3.9,0.3,1.0,16.7,1.6,11.1,0.8,1.0,55.0,32.4,0,2024
Derrick Jones Jr.,26.0,DAL,1783.0,11.7,0.592,3.1,-1.5,0.2,8.6,1.0,3.3,0.7,0.7,76.0,23.5,0,2024
Kyle Anderson,30.0,MIN,1782.0,12.7,0.513,4.5,1.1,1.4,6.4,4.2,3.5,0.6,0.9,79.0,22.6,0,2024
Jalen Duren,20.0,DET,1777.0,18.7,0.653,4.8,-0.1,0.9,13.8,2.4,11.6,0.8,0.5,61.0,29.1,0,2024
Bradley Beal,30.0,PHO,1767.0,16.3,0.607,3.9,0.4,1.1,18.2,5.0,4.4,0.5,1.0,53.0,33.3,0,2024
Scoot Henderson,19.0,POR,1765.0,9.5,0.489,-1.7,-5.8,-1.7,14.0,5.4,3.1,0.2,0.8,62.0,28.5,0,2024
Nick Richards,26.0,CHO,1759.0,16.7,0.717,5.1,-2.3,-0.1,9.7,0.8,8.0,1.1,0.4,67.0,26.3,0,2024
Kelly Olynyk,32.0,2TM,1759.0,17.4,0.661,4.9,1.8,1.7,9.8,4.4,5.3,0.4,0.9,78.0,22.6,0,2024
Caleb Martin,28.0,MIA,1756.0,10.8,0.531,2.4,-2.0,0.0,10.0,2.2,4.4,0.5,0.7,64.0,27.4,0,2024
Sam Hauser,26.0,BOS,1741.0,13.0,0.629,4.9,1.2,1.4,9.0,1.0,3.5,0.3,0.5,79.0,22.0,0,2024
Al Horford,37.0,BOS,1740.0,15.0,0.65,6.2,3.6,2.5,8.6,2.6,6.4,1.0,0.6,65.0,26.8,0,2024
Toumani Camara,23.0,POR,1739.0,10.6,0.547,2.0,-3.1,-0.5,7.5,1.2,4.9,0.5,0.9,70.0,24.8,0,2024
Obi Toppin,25.0,IND,1730.0,16.5,0.677,4.8,1.5,1.5,10.3,1.6,3.9,0.5,0.6,82.0,21.1,0,2024
Bilal Coulibaly,19.0,WAS,1715.0,8.9,0.543,0.4,-4.2,-0.9,8.4,1.7,4.1,0.8,0.9,63.0,27.2,0,2024
OG Anunoby,26.0,2TM,1702.0,12.8,0.595,2.6,-0.6,0.6,14.7,2.1,4.2,0.7,1.4,50.0,34.0,0,2024
Jabari Walker,21.0,POR,1700.0,13.0,0.546,2.9,-3.3,-0.6,8.9,1.0,7.1,0.3,0.6,72.0,23.6,0,2024
Andrew Nembhard,24.0,IND,1697.0,11.3,0.573,2.0,-2.2,-0.1,9.2,4.1,2.1,0.1,0.9,68.0,25.0,0,2024
Cason Wallace,20.0,OKC,1692.0,12.0,0.612,4.0,0.1,0.9,6.8,1.5,2.3,0.5,0.9,82.0,20.6,0,2024
Trey Murphy III,23.0,NOP,1690.0,16.3,0.612,5.4,2.5,1.9,14.8,2.2,4.9,0.5,0.9,57.0,29.6,0,2024
Kristaps Porziņģis,28.0,BOS,1690.0,23.2,0.647,7.9,5.1,3.0,20.1,2.0,7.2,1.9,0.7,57.0,29.6,0,2024
Kyle Lowry,37.0,2TM,1690.0,10.9,0.594,3.5,-1.0,0.4,8.1,4.2,3.2,0.4,1.0,60.0,28.2,0,2024
Jordan Clarkson,31.0,UTA,1682.0,12.7,0.521,0.2,-4.5,-1.1,17.1,5.0,3.4,0.1,0.6,55.0,30.6,0,2024
De'Andre Hunter,26.0,ATL,1681.0,12.7,0.595,2.2,-2.4,-0.2,15.6,1.5,3.9,0.3,0.7,57.0,29.5,0,2024
Pat Connaughton,31.0,MIL,1676.0,9.6,0.574,2.8,-1.6,0.2,5.6,2.1,3.1,0.3,0.5,76.0,22.1,0,2024
Christian Braun,22.0,DEN,1655.0,12.1,0.554,3.4,-1.9,0.0,7.3,1.6,3.7,0.4,0.5,82.0,20.2,0,2024
Simone Fontecchio,28.0,2TM,1644.0,12.1,0.6,2.1,-1.0,0.4,10.5,1.5,3.7,0.3,0.7,66.0,24.9,0,2024
Ochai Agbaji,23.0,2TM,1641.0,7.7,0.497,0.1,-4.4,-1.0,5.8,1.1,2.8,0.6,0.6,78.0,21.0,0,2024
Julius Randle,29.0,NYK,1630.0,18.9,0.569,3.8,1.9,1.6,24.0,5.0,9.2,0.3,0.5,46.0,35.4,0,2024
Precious Achiuwa,24.0,2TM,1624.0,14.6,0.545,3.4,-1.4,0.2,7.6,1.3,6.6,0.9,0.6,74.0,21.9,0,2024
Santi Aldama,23.0,MEM,1618.0,13.1,0.539,2.4,-0.2,0.7,10.7,2.3,5.8,0.9,0.7,61.0,26.5,0,2024
Cameron Johnson,27.0,BRK,1599.0,14.5,0.582,3.3,0.4,1.0,13.4,2.4,4.3,0.3,0.8,58.0,27.6,0,2024
Malaki Branham,20.0,SAS,1594.0,8.7,0.526,-0.3,-5.6,-1.5,9.2,2.1,2.0,0.1,0.4,75.0,21.3,0,2024
Paul Reed,24.0,PHI,1590.0,17.4,0.58,5.1,0.4,0.9,7.3,1.3,6.0,1.0,0.8,82.0,19.4,0,2024
Ausar Thompson,21.0,DET,1583.0,12.8,0.522,1.8,-2.2,-0.1,8.8,1.9,6.4,0.9,1.1,63.0,25.1,0,2024
Anfernee Simons,24.0,POR,1582.0,15.9,0.568,2.2,0.2,0.8,22.6,5.5,3.6,0.1,0.5,46.0,34.4,0,2024
Kevin Huerter,25.0,SAC,1562.0,12.4,0.564,2.9,-0.8,0.5,10.2,2.6,3.5,0.4,0.7,64.0,24.4,0,2024
Mikal Bridges,28.0,NYK,3036.0,14.0,0.585,5.7,-0.5,1.2,17.6,3.7,3.2,0.5,0.9,82.0,37.0,0,2025
Josh Hart,29.0,NYK,2897.0,16.5,0.611,9.2,2.8,3.6,13.6,5.9,9.6,0.4,1.5,77.0,37.6,0,2025
Anthony Edwards,23.0,MIN,2871.0,20.1,0.595,8.4,4.3,4.6,27.6,4.5,5.7,0.6,1.2,79.0,36.3,0,2025
Devin Booker,28.0,PHO,2795.0,19.3,0.589,6.4,0.4,1.7,25.6,7.1,4.1,0.2,0.9,75.0,37.3,0,2025
James Harden,35.0,LAC,2789.0,20.0,0.582,8.3,4.3,4.4,22.8,8.7,5.8,0.7,1.5,79.0,35.3,0,2025
DeMar DeRozan,35.0,SAC,2768.0,17.7,0.569,7.1,-0.1,1.3,22.2,4.4,3.9,0.4,0.8,77.0,35.9,0,2025
Trae Young,26.0,ATL,2739.0,18.3,0.567,5.7,0.5,1.7,24.2,11.6,3.1,0.2,1.2,76.0,36.0,0,2025
Tyler Herro,25.0,MIA,2725.0,19.7,0.605,7.4,3.1,3.5,23.9,5.5,5.2,0.2,0.9,77.0,35.4,0,2025
OG Anunoby,27.0,NYK,2706.0,15.4,0.591,6.5,0.7,1.9,18.0,2.2,4.8,0.9,1.5,74.0,36.6,0,2025
Jalen Green,22.0,HOU,2697.0,15.1,0.544,5.1,0.5,1.7,21.0,3.4,4.6,0.3,0.9,82.0,32.9,0,2025
Christian Braun,23.0,DEN,2675.0,16.0,0.665,8.0,0.3,1.6,15.4,2.6,5.2,0.5,1.1,79.0,33.9,0,2025
Bam Adebayo,27.0,MIA,2674.0,18.9,0.561,7.5,2.0,2.7,18.1,4.3,9.6,0.7,1.3,78.0,34.3,0,2025
Ivica Zubac,27.0,LAC,2624.0,22.3,0.641,11.7,3.1,3.4,16.8,2.7,12.6,1.1,0.7,80.0,32.8,0,2025
Jayson Tatum,26.0,BOS,2624.0,21.7,0.582,9.5,5.2,4.8,26.8,6.0,8.7,0.5,1.1,72.0,36.4,0,2025
Jaden McDaniels,24.0,MIN,2614.0,13.3,0.562,6.3,0.0,1.4,12.2,2.0,5.7,0.9,1.3,82.0,31.9,0,2025
Keegan Murray,24.0,SAC,2610.0,12.0,0.553,4.4,-1.6,0.2,12.4,1.4,6.7,0.9,0.8,76.0,34.3,0,2025
Zach LaVine,29.0,2TM,2602.0,17.3,0.639,5.1,0.7,1.8,23.3,4.2,4.3,0.2,0.8,74.0,35.2,0,2025
Shai Gilgeous-Alexander,26.0,OKC,2598.0,30.7,0.637,16.7,11.5,8.9,32.7,6.4,5.0,1.0,1.7,76.0,34.2,1,2025
Michael Porter Jr.,26.0,DEN,2593.0,16.2,0.617,6.4,-0.1,1.2,18.2,2.1,7.0,0.5,0.6,77.0,33.7,0,2025
Derrick White,30.0,BOS,2574.0,16.6,0.606,8.5,3.5,3.6,16.4,4.8,4.5,1.1,0.9,76.0,33.9,0,2025
Dyson Daniels,21.0,ATL,2571.0,15.6,0.545,5.0,1.5,2.3,14.1,4.4,5.9,0.7,3.0,76.0,33.8,0,2025
Nikola Jokić,29.0,DEN,2571.0,32.0,0.663,16.4,13.3,9.8,29.6,10.2,12.7,0.6,1.8,70.0,36.7,0,2025
Austin Reaves,26.0,LAL,2550.0,18.1,0.616,7.6,1.9,2.6,20.2,5.8,4.5,0.3,1.1,73.0,34.9,0,2025
Toumani Camara,24.0,POR,2548.0,12.5,0.572,5.2,-0.1,1.2,11.3,2.2,5.8,0.6,1.5,78.0,32.7,0,2025
Pascal Siakam,30.0,IND,2548.0,19.2,0.599,7.5,1.7,2.4,20.2,3.4,6.9,0.5,0.9,78.0,32.7,0,2025
Brook Lopez,36.0,MIL,2546.0,14.8,0.624,6.6,0.8,1.8,13.0,1.8,5.0,1.9,0.6,80.0,31.8,0,2025
Karl-Anthony Towns,29.0,NYK,2517.0,23.4,0.63,10.1,3.6,3.5,24.4,3.1,12.8,0.7,1.0,72.0,35.0,0,2025
Bub Carrington,19.0,WAS,2458.0,9.0,0.514,0.2,-4.6,-1.6,9.8,4.4,4.2,0.3,0.7,82.0,30.0,0,2025
Cade Cunningham,23.0,DET,2452.0,20.6,0.565,5.9,3.9,3.7,26.1,9.1,6.1,0.8,1.0,70.0,35.0,0,2025
Tyrese Haliburton,24.0,IND,2451.0,21.8,0.616,10.4,5.8,4.9,18.6,9.2,3.5,0.7,1.4,73.0,33.6,0,2025
Coby White,24.0,CHI,2450.0,15.5,0.601,4.5,-0.9,0.7,20.4,4.5,3.7,0.2,0.9,74.0,33.1,0,2025
LeBron James,40.0,LAL,2444.0,22.7,0.604,7.7,5.6,4.7,24.4,8.2,7.8,0.6,1.0,70.0,34.9,0,2025
Domantas Sabonis,28.0,SAC,2429.0,22.9,0.655,10.1,5.2,4.4,19.1,6.0,13.9,0.4,0.7,70.0,34.7,0,2025
Jamal Murray,27.0,DEN,2418.0,17.8,0.584,6.2,0.8,1.7,21.4,6.0,3.9,0.5,1.4,67.0,36.1,0,2025
Alperen Şengün,22.0,HOU,2395.0,21.4,0.545,8.3,4.4,3.9,19.1,4.9,10.3,0.8,1.1,76.0,31.5,0,2025
Rudy Gobert,32.0,MIN,2389.0,18.3,0.687,10.1,1.9,2.4,12.0,1.8,10.9,1.4,0.8,72.0,33.2,0,2025
Dillon Brooks,29.0,HOU,2388.0,11.0,0.555,5.1,-1.4,0.4,14.0,1.7,3.7,0.2,0.8,75.0,31.8,0,2025
Tobias Harris,32.0,DET,2306.0,13.9,0.571,5.2,0.1,1.2,13.7,2.2,5.9,0.8,1.0,73.0,31.6,0,2025
Darius Garland,25.0,CLE,2301.0,19.9,0.6,8.1,3.1,3.0,20.6,6.7,2.9,0.1,1.2,75.0,30.7,0,2025
Jalen Brunson,28.0,NYK,2301.0,21.6,0.605,8.3,3.3,3.1,26.0,7.3,2.9,0.1,0.9,65.0,35.4,0,2025
Jarrett Allen,26.0,CLE,2296.0,22.1,0.724,11.6,4.2,3.6,13.5,1.9,9.7,0.9,0.9,82.0,28.0,0,2025
Chris Paul,39.0,SAS,2292.0,14.7,0.58,5.7,0.8,1.6,8.8,7.4,3.6,0.3,1.3,82.0,28.0,0,2025
Anfernee Simons,25.0,POR,2292.0,14.9,0.557,4.2,-0.1,1.1,19.3,4.8,2.7,0.1,0.9,70.0,32.7,0,2025
Giannis Antetokounmpo,30.0,MIL,2289.0,30.5,0.625,11.5,9.5,6.6,30.4,6.5,11.9,1.2,0.9,67.0,34.2,0,2025
Malik Beasley,28.0,DET,2283.0,14.4,0.59,4.7,0.8,1.6,16.3,1.7,2.6,0.1,0.9,82.0,27.8,0,2025
Kentavious Caldwell-Pope,31.0,ORL,2279.0,9.9,0.574,4.6,-1.4,0.3,8.7,1.8,2.2,0.4,1.3,77.0,29.6,0,2025
Nikola Vučević,34.0,CHI,2278.0,20.3,0.611,7.3,2.6,2.7,18.5,3.5,10.1,0.7,0.8,73.0,31.2,0,2025
Payton Pritchard,27.0,BOS,2271.0,17.6,0.633,8.6,3.5,3.2,14.3,3.5,3.8,0.2,0.9,80.0,28.4,0,2025
Kevin Durant,36.0,PHO,2265.0,21.2,0.642,5.2,3.2,3.0,26.6,4.2,6.0,1.2,0.8,62.0,36.5,0,2025
Shaedon Sharpe,21.0,POR,2252.0,14.5,0.551,3.0,-1.3,0.4,18.5,2.8,4.5,0.2,0.9,72.0,31.3,0,2025
Stephen Curry,36.0,GSW,2252.0,21.5,0.618,7.9,6.3,4.8,24.5,6.0,4.4,0.4,1.1,70.0,32.2,0,2025
De'Aaron Fox,27.0,2TM,2241.0,18.3,0.56,4.3,0.4,1.3,23.5,6.3,4.8,0.4,1.5,62.0,36.1,0,2025
Jalen Williams,23.0,OKC,2237.0,20.3,0.573,7.8,4.0,3.4,21.6,5.1,5.3,0.7,1.6,69.0,32.4,0,2025
Donovan Mitchell,28.0,CLE,2232.0,20.9,0.575,7.6,3.7,3.2,24.0,5.0,4.5,0.2,1.3,71.0,31.4,0,2025
Harrison Barnes,32.0,SAS,2230.0,14.9,0.656,5.6,0.0,1.2,12.3,1.7,3.8,0.2,0.5,82.0,27.2,0,2025
Julius Randle,30.0,MIN,2226.0,17.5,0.593,6.2,1.3,1.8,18.7,4.7,7.1,0.2,0.7,69.0,32.3,0,2025
Amen Thompson,22.0,HOU,2225.0,18.7,0.602,8.0,4.1,3.4,14.1,3.8,8.2,1.3,1.4,69.0,32.2,0,2025
Jaren Jackson Jr.,25.0,MEM,2207.0,19.6,0.591,6.4,2.3,2.4,22.2,2.0,5.6,1.5,1.2,74.0,29.8,0,2025
Desmond Bane,26.0,MEM,2205.0,17.9,0.6,6.5,3.2,2.9,19.2,5.3,6.1,0.4,1.2,69.0,32.0,0,2025
Naz Reid,25.0,MIN,2200.0,15.8,0.577,5.7,1.6,2.0,14.2,2.3,6.0,0.9,0.7,80.0,27.5,0,2025
Tyus Jones,28.0,PHO,2174.0,14.5,0.585,4.4,0.1,1.1,10.2,5.3,2.4,0.1,0.9,81.0,26.8,0,2025
Myles Turner,28.0,IND,2174.0,16.1,0.612,4.7,0.4,1.3,15.6,1.5,6.5,2.0,0.8,72.0,30.2,0,2025
Evan Mobley,23.0,CLE,2167.0,22.3,0.633,9.0,4.6,3.6,18.5,3.2,9.3,1.6,0.9,71.0,30.5,0,2025
Taurean Prince,30.0,MIL,2166.0,9.8,0.613,3.5,-1.7,0.1,8.2,1.9,3.6,0.2,1.0,80.0,27.1,0,2025
Stephon Castle,20.0,SAS,2162.0,13.7,0.522,1.1,-3.2,-0.6,14.7,4.1,3.7,0.3,0.9,81.0,26.7,0,2025
Deni Avdija,24.0,POR,2161.0,17.7,0.605,5.6,2.1,2.2,16.9,3.9,7.3,0.5,1.0,72.0,30.0,0,2025
Jaylen Brown,28.0,BOS,2158.0,17.8,0.555,5.2,0.0,1.1,22.2,4.5,5.8,0.3,1.2,63.0,34.3,0,2025
Tim Hardaway Jr.,32.0,DET,2153.0,9.8,0.567,3.5,-2.1,0.0,11.0,1.6,2.4,0.1,0.5,77.0,28.0,0,2025
Bennedict Mathurin,22.0,IND,2149.0,13.6,0.579,3.0,-2.9,-0.5,16.1,1.9,5.3,0.3,0.7,72.0,29.8,0,2025
Spencer Dinwiddie,31.0,DAL,2136.0,13.0,0.553,3.7,-1.6,0.2,11.0,4.4,2.6,0.2,0.9,79.0,27.0,0,2025
Scottie Barnes,23.0,TOR,2134.0,17.8,0.523,3.5,2.4,2.3,19.3,5.8,7.7,1.0,1.4,65.0,32.8,0,2025
Max Christie,21.0,2TM,2127.0,10.4,0.57,2.7,-2.5,-0.3,9.6,1.9,3.3,0.4,0.8,78.0,27.3,0,2025
Josh Giddey,22.0,CHI,2117.0,18.1,0.57,5.3,3.0,2.7,14.6,7.2,8.1,0.6,1.2,70.0,30.2,0,2025
Fred VanVleet,30.0,HOU,2111.0,12.8,0.515,5.2,0.9,1.5,14.1,5.6,3.7,0.4,1.6,60.0,35.2,0,2025
Keyonte George,21.0,UTA,2109.0,12.9,0.539,1.1,-2.7,-0.3,16.8,5.6,3.8,0.1,0.7,67.0,31.5,0,2025
Dennis Schröder,31.0,3TM,2105.0,12.7,0.531,3.2,-2.2,-0.1,13.1,5.4,2.6,0.2,0.9,75.0,28.1,0,2025
Damian Lillard,34.0,MIL,2093.0,21.3,0.621,7.6,4.0,3.2,24.9,7.1,4.7,0.2,1.2,58.0,36.1,0,2025
Russell Westbrook,36.0,DEN,2092.0,14.3,0.532,1.9,-1.1,0.5,13.3,6.1,4.9,0.5,1.4,75.0,27.9,0,2025
Kelly Oubre Jr.,29.0,PHI,2078.0,13.5,0.551,2.6,-2.3,-0.1,15.1,1.8,6.1,0.5,1.5,60.0,34.6,0,2025
Nickeil Alexander-Walker,26.0,MIN,2073.0,11.6,0.579,4.3,-0.4,0.8,9.4,2.7,3.2,0.4,0.6,82.0,25.3,0,2025
Luguentz Dort,25.0,OKC,2073.0,11.3,0.586,5.6,0.2,1.2,10.1,1.6,4.1,0.5,1.1,71.0,29.2,0,2025
Onyeka Okongwu,24.0,ATL,2064.0,19.0,0.634,7.2,1.3,1.7,13.4,2.3,8.9,0.9,0.9,74.0,27.9,0,2025
Malik Monk,26.0,SAC,2054.0,15.0,0.549,2.8,-0.8,0.6,17.2,5.6,3.8,0.6,0.9,65.0,31.6,0,2025
Jaylen Wells,21.0,MEM,2043.0,10.5,0.56,3.5,-2.2,-0.1,10.4,1.7,3.4,0.1,0.6,79.0,25.9,0,2025
Jalen Duren,21.0,DET,2034.0,21.4,0.703,9.2,3.1,2.7,11.8,2.7,10.3,1.1,0.7,78.0,26.1,0,2025
Jalen Wilson,24.0,BRK,2031.0,9.5,0.541,1.9,-3.9,-1.0,9.5,1.8,3.4,0.1,0.5,79.0,25.7,0,2025
Miles Bridges,26.0,CHO,2029.0,17.7,0.541,3.2,1.8,2.0,20.3,3.9,7.5,0.7,0.7,64.0,31.7,0,2025
Davion Mitchell,26.0,2TM,2027.0,10.2,0.573,3.0,-2.6,-0.3,7.9,4.9,2.3,0.2,1.0,74.0,27.4,0,2025
Franz Wagner,23.0,ORL,2023.0,20.1,0.558,5.6,3.1,2.6,24.2,4.7,5.7,0.4,1.3,60.0,33.7,0,2025
Quentin Grimes,24.0,2TM,2013.0,15.9,0.595,3.4,0.4,1.2,14.6,3.0,4.3,0.3,1.0,75.0,26.8,0,2025
Jordan Poole,25.0,WAS,2001.0,16.6,0.591,2.0,0.4,1.2,20.5,4.5,3.0,0.4,1.3,68.0,29.4,0,2025
Draymond Green,34.0,GSW,1983.0,12.4,0.534,3.7,0.5,1.3,9.0,5.6,6.1,1.0,1.5,68.0,29.2,0,2025
Devin Vassell,24.0,SAS,1983.0,14.2,0.553,2.2,-1.1,0.4,16.3,2.9,4.0,0.5,1.3,64.0,31.0,0,2025
Klay Thompson,34.0,DAL,1965.0,12.9,0.552,1.8,-1.0,0.5,14.0,2.0,3.4,0.4,0.7,72.0,27.3,0,2025
Tyrese Maxey,24.0,PHI,1960.0,19.5,0.562,3.8,2.0,2.0,26.3,6.1,3.3,0.4,1.8,52.0,37.7,0,2025
Norman Powell,31.0,LAC,1958.0,17.5,0.615,5.3,1.5,1.8,21.8,2.1,3.2,0.2,1.2,60.0,32.6,0,2025
Yves Missi,20.0,NOP,1956.0,15.4,0.572,3.6,-3.0,-0.5,9.1,1.4,8.2,1.3,0.5,73.0,26.8,0,2025
Keon Ellis,25.0,SAC,1948.0,13.5,0.664,5.0,1.9,1.9,8.3,1.5,2.7,0.8,1.5,80.0,24.4,0,2025
Bilal Coulibaly,20.0,WAS,1948.0,10.8,0.515,0.3,-3.7,-0.8,12.3,3.4,5.0,0.7,1.3,59.0,33.0,0,2025
Kyle Kuzma,29.0,2TM,1936.0,10.6,0.514,-0.9,-4.9,-1.4,14.8,2.3,5.7,0.3,0.6,65.0,29.8,0,2025
Julian Champagnie,23.0,SAS,1932.0,12.2,0.577,2.5,-1.3,0.4,9.9,1.4,3.9,0.4,0.7,82.0,23.6,0,2025
Keon Johnson,22.0,BRK,1925.0,10.4,0.499,0.5,-3.3,-0.6,10.6,2.2,3.8,0.4,1.0,79.0,24.4,0,2025
Naji Marshall,27.0,DAL,1919.0,15.1,0.584,3.5,-0.8,0.6,13.2,3.0,4.8,0.2,1.0,69.0,27.8,0,2025
Jrue Holiday,34.0,BOS,1896.0,13.5,0.565,5.1,0.7,1.3,11.1,3.9,4.3,0.4,1.1,62.0,30.6,0,2025
Guerschon Yabusele,29.0,PHI,1895.0,14.7,0.616,3.9,-1.0,0.5,11.0,2.1,5.6,0.3,0.8,70.0,27.1,0,2025
Gary Trent Jr.,26.0,MIL,1893.0,11.7,0.591,3.3,-1.6,0.2,11.1,1.2,2.3,0.1,1.0,74.0,25.6,0,2025
Anthony Black,21.0,ORL,1887.0,11.6,0.521,2.4,-1.9,0.0,9.4,3.1,2.9,0.6,1.1,78.0,24.2,0,2025
Josh Green,24.0,CHO,1887.0,7.8,0.559,1.5,-4.3,-1.1,7.4,1.6,2.5,0.2,1.1,68.0,27.8,0,2025
Nic Claxton,25.0,BRK,1882.0,16.5,0.569,4.3,0.4,1.1,10.3,2.2,7.4,1.4,0.9,70.0,26.9,0,2025
Andrew Nembhard,25.0,IND,1881.0,11.7,0.545,2.8,-2.3,-0.1,10.0,5.0,3.3,0.2,1.2,65.0,28.9,0,2025
Cason Wallace,21.0,OKC,1876.0,12.3,0.562,5.2,1.0,1.5,8.4,2.5,3.4,0.5,1.8,68.0,27.6,0,2025
Derrick Jones Jr.,27.0,LAC,1873.0,13.5,0.609,4.7,-0.3,0.8,10.1,0.8,3.4,0.4,1.0,77.0,24.3,0,2025
Rui Hachimura,26.0,LAL,1869.0,13.6,0.619,4.3,-0.7,0.6,13.1,1.4,5.0,0.4,0.8,59.0,31.7,0,2025
RJ Barrett,24.0,TOR,1869.0,16.5,0.547,2.4,0.6,1.2,21.1,5.4,6.3,0.3,0.8,58.0,32.2,0,2025
Buddy Hield,32.0,GSW,1863.0,12.3,0.56,2.8,-1.0,0.5,11.1,1.6,3.2,0.3,0.8,82.0,22.7,0,2025
Trey Murphy III,24.0,NOP,1854.0,17.3,0.598,3.5,0.8,1.3,21.2,3.5,5.1,0.7,1.1,53.0,35.0,0,2025
Zaccharie Risacher,19.0,ATL,1843.0,12.2,0.558,1.8,-3.5,-0.7,12.6,1.2,3.6,0.5,0.7,75.0,24.6,0,2025
Andrew Wiggins,29.0,2TM,1842.0,16.4,0.566,4.0,0.9,1.4,18.0,2.6,4.5,0.8,1.0,60.0,30.7,0,2025
Isaiah Collier,20.0,UTA,1839.0,9.7,0.494,-0.8,-5.3,-1.6,8.7,6.3,3.3,0.2,0.9,71.0,25.9,0,2025
Keldon Johnson,25.0,SAS,1838.0,15.6,0.572,3.2,-1.6,0.2,12.7,1.6,4.8,0.3,0.6,77.0,23.9,0,2025
Royce O'Neale,31.0,PHO,1837.0,12.6,0.585,2.8,0.1,1.0,9.1,2.2,4.7,0.5,0.9,75.0,24.5,0,2025
P.J. Washington,26.0,DAL,1835.0,14.0,0.556,2.4,-0.9,0.5,14.7,2.3,7.8,1.1,1.1,57.0,32.2,0,2025
CJ McCollum,33.0,NOP,1832.0,15.8,0.55,1.5,-1.4,0.3,21.1,4.1,3.8,0.4,0.8,56.0,32.7,0,2025
Haywood Highsmith,28.0,MIA,1818.0,9.9,0.583,3.3,-1.9,0.1,6.5,1.5,3.4,0.5,0.9,74.0,24.6,0,2025
Dorian Finney-Smith,31.0,2TM,1818.0,10.1,0.604,2.9,-1.0,0.5,8.7,1.4,3.9,0.4,0.9,63.0,28.9,0,2025
Alex Sarr,19.0,WAS,1814.0,12.9,0.482,-0.3,-3.3,-0.6,13.0,2.4,6.5,1.5,0.7,67.0,27.1,0,2025
Kyrie Irving,32.0,DAL,1804.0,19.9,0.594,4.6,3.4,2.5,24.7,4.6,4.8,0.5,1.3,50.0,36.1,0,2025
Kyshawn George,21.0,WAS,1802.0,8.8,0.503,0.1,-4.1,-0.9,8.7,2.5,4.2,0.7,1.0,68.0,26.5,0,2025
Cameron Johnson,28.0,BRK,1800.0,18.2,0.632,5.1,3.1,2.3,18.8,3.4,4.3,0.4,0.9,57.0,31.6,0,2025
Duncan Robinson,30.0,MIA,1786.0,11.8,0.595,2.7,-1.7,0.1,11.0,2.4,2.3,0.1,0.5,74.0,24.1,0,2025
Kris Dunn,30.0,LAC,1783.0,11.3,0.531,4.0,0.6,1.2,6.4,2.8,3.4,0.4,1.7,74.0,24.1,0,2025
Luka Dončić,25.0,2TM,1769.0,24.1,0.587,5.9,6.7,3.9,28.2,7.7,8.2,0.4,1.8,50.0,35.4,0,2025
Scoot Henderson,20.0,POR,1759.0,12.5,0.54,1.8,-2.2,-0.1,12.7,5.1,3.0,0.2,1.0,66.0,26.7,0,2025
Wendell Carter Jr.,25.0,ORL,1758.0,13.7,0.544,4.6,-1.2,0.3,9.1,2.0,7.2,0.6,0.8,68.0,25.9,0,2025
Collin Sexton,26.0,UTA,1758.0,16.6,0.593,2.4,-0.6,0.6,18.4,4.2,2.7,0.1,0.7,63.0,27.9,0,2025
Mike Conley,37.0,MIN,1756.0,13.3,0.573,5.2,1.2,1.4,8.2,4.5,2.6,0.2,1.1,71.0,24.7,0,2025
Amir Coffey,27.0,LAC,1748.0,11.2,0.614,4.0,-1.7,0.1,9.7,1.1,2.2,0.1,0.6,72.0,24.3,0,2025
Jimmy Butler,35.0,2TM,1746.0,22.4,0.626,8.7,4.9,3.0,17.5,5.4,5.4,0.3,1.4,55.0,31.7,0,2025
Aaron Wiggins,26.0,OKC,1744.0,16.1,0.596,5.4,1.1,1.4,12.0,1.8,3.9,0.2,0.8,76.0,22.9,0,2025
Walker Kessler,23.0,UTA,1740.0,20.0,0.66,5.4,1.8,1.7,11.1,1.7,12.2,2.4,0.6,58.0,30.0,0,2025
De'Andre Hunter,27.0,2TM,1740.0,15.9,0.623,4.4,0.4,1.0,17.0,1.4,4.0,0.2,0.8,64.0,27.2,0,2025
Ochai Agbaji,24.0,TOR,1739.0,12.0,0.601,3.1,-0.7,0.5,10.4,1.5,3.8,0.5,0.9,64.0,27.2,0,2025
Brandin Podziemski,21.0,GSW,1716.0,14.4,0.557,4.2,0.7,1.2,11.7,3.4,5.1,0.2,1.1,64.0,26.8,0,2025
Jabari Smith Jr.,21.0,HOU,1716.0,12.6,0.562,4.2,-0.7,0.6,12.2,1.1,7.0,0.7,0.4,57.0,30.1,0,2025
Anthony Davis,31.0,2TM,1706.0,26.3,0.588,6.7,5.4,3.2,24.7,3.5,11.6,2.2,1.2,51.0,33.5,0,2025
Bradley Beal,31.0,PHO,1702.0,15.2,0.598,2.4,-1.1,0.4,17.0,3.7,3.3,0.5,1.1,53.0,32.1,0,2025
Georges Niang,31.0,2TM,1697.0,11.2,0.607,2.9,-2.3,-0.1,9.9,1.4,3.4,0.2,0.4,79.0,21.5,0,2025
Jakob Poeltl,29.0,TOR,1686.0,20.0,0.641,5.5,2.0,1.7,14.5,2.8,9.6,1.2,1.2,57.0,29.6,0,2025
Scotty Pippen Jr.,24.0,MEM,1683.0,15.8,0.582,4.7,1.9,1.7,9.9,4.4,3.3,0.4,1.3,79.0,21.3,0,2025
Kevin Huerter,26.0,2TM,1679.0,11.3,0.544,1.9,-2.0,0.0,9.9,2.3,3.0,0.3,1.0,69.0,24.3,0,2025
Santi Aldama,24.0,MEM,1660.0,16.8,0.588,5.0,3.2,2.2,12.5,2.9,6.4,0.4,0.8,65.0,25.5,0,2025
A.J. Green,25.0,MIL,1659.0,9.2,0.621,2.8,-2.2,-0.1,7.4,1.5,2.4,0.1,0.5,73.0,22.7,0,2025
Al Horford,38.0,BOS,1659.0,12.9,0.563,4.4,1.2,1.3,9.0,2.1,6.2,0.9,0.6,60.0,27.7,0,2025
Terry Rozier,30.0,MIA,1658.0,10.5,0.497,1.0,-3.7,-0.7,10.6,2.6,3.7,0.2,0.6,64.0,25.9,0,2025
Peyton Watson,22.0,DEN,1656.0,11.4,0.564,2.5,-1.8,0.1,8.1,1.4,3.4,1.4,0.7,68.0,24.4,0,2025
Moses Moody,22.0,GSW,1649.0,12.4,0.578,3.5,-0.9,0.5,9.8,1.3,2.6,0.4,0.8,74.0,22.3,0,2025
Tristan Da Silva,23.0,ORL,1629.0,9.9,0.522,2.5,-2.6,-0.3,7.2,1.5,3.3,0.2,0.4,74.0,22.0,0,2025
Donte DiVincenzo,28.0,MIN,1606.0,14.1,0.582,3.9,1.9,1.6,11.7,3.6,3.7,0.3,1.2,62.0,25.9,0,2025
Isaiah Joe,25.0,OKC,1604.0,14.0,0.617,5.1,1.3,1.4,10.2,1.6,2.6,0.1,0.6,74.0,21.7,0,2025
Corey Kispert,25.0,WAS,1602.0,11.0,0.584,1.1,-3.7,-0.7,11.6,1.7,3.0,0.2,0.4,61.0,26.3,0,2025
Caris LeVert,30.0,2TM,1596.0,15.2,0.582,4.0,0.9,1.2,12.1,3.4,3.2,0.5,0.9,64.0,24.9,0,2025
Miles McBride,24.0,NYK,1593.0,12.6,0.531,3.2,0.0,0.8,9.5,2.9,2.5,0.3,1.0,64.0,24.9,0,2025
Isaiah Hartenstein,26.0,OKC,1590.0,18.9,0.599,6.8,3.2,2.1,11.2,3.8,10.7,1.1,0.8,57.0,27.9,0,2025
Gradey Dick,21.0,TOR,1587.0,10.9,0.543,1.4,-3.2,-0.5,14.4,1.8,3.6,0.2,0.9,54.0,29.4,0,2025
Paolo Banchero,22.0,ORL,1582.0,20.0,0.551,3.5,3.5,2.2,25.9,4.8,7.5,0.6,0.8,46.0,34.4,0,2025
Patrick Williams,23.0,CHI,1576.0,9.0,0.512,0.4,-3.7,-0.7,9.0,2.0,3.8,0.5,0.8,63.0,25.0,0,2025
Amen Thompson,23.0,HOU,2953.0,18.9,0.594,10.3,2.6,3.4,18.3,5.3,7.8,0.6,1.5,79.0,37.4,,2026
Kevin Durant,37.0,HOU,2840.0,21.1,0.641,10.7,4.5,4.7,26.0,4.8,5.5,0.9,0.8,78.0,36.4,,2026
Desmond Bane,27.0,ORL,2756.0,16.9,0.607,7.4,1.4,2.3,20.1,4.1,4.1,0.5,1.0,82.0,33.6,,2026
Toumani Camara,25.0,POR,2731.0,11.3,0.578,4.8,-1.0,0.7,13.4,2.5,5.1,0.4,1.1,82.0,33.3,,2026
Jabari Smith Jr.,22.0,HOU,2705.0,13.5,0.57,6.6,-0.7,0.9,15.8,1.9,6.9,0.9,0.7,77.0,35.1,,2026
Mikal Bridges,29.0,NYK,2692.0,15.3,0.587,8.0,2.7,3.2,14.4,3.7,3.8,0.8,1.3,82.0,32.8,,2026
Scottie Barnes,24.0,TOR,2681.0,19.2,0.577,7.8,4.2,4.2,18.1,5.9,7.5,1.5,1.4,80.0,33.5,,2026
Tyrese Maxey,25.0,PHI,2661.0,21.9,0.588,8.7,5.4,4.9,28.3,6.6,4.1,0.8,1.9,70.0,38.0,,2026
Jamal Murray,28.0,DEN,2652.0,21.8,0.622,9.5,4.1,4.1,25.4,7.1,4.4,0.4,0.9,75.0,35.4,,2026
Derrick White,31.0,BOS,2625.0,16.0,0.529,7.0,3.2,3.5,16.5,5.4,4.4,1.3,1.1,77.0,34.1,,2026
VJ Edgecombe,20.0,PHI,2623.0,14.0,0.54,4.4,-0.5,1.0,16.0,4.2,5.6,0.5,1.4,75.0,35.0,,2026
Julius Randle,31.0,MIN,2610.0,18.4,0.585,7.4,1.5,2.3,21.1,5.0,6.7,0.2,1.1,79.0,33.0,,2026
Brandon Ingram,28.0,TOR,2604.0,16.3,0.573,4.6,0.5,1.7,21.5,3.7,5.6,0.7,0.8,77.0,33.8,,2026
Nickeil Alexander-Walker,27.0,ATL,2603.0,16.5,0.61,6.3,1.2,2.1,20.8,3.7,3.4,0.5,1.3,78.0,33.4,,2026
Jalen Brunson,29.0,NYK,2590.0,20.1,0.58,8.8,3.1,3.3,26.0,6.8,3.3,0.1,0.8,74.0,35.0,,2026
Payton Pritchard,28.0,BOS,2556.0,17.1,0.584,8.5,2.3,2.8,17.0,5.2,3.9,0.1,0.7,79.0,32.4,,2026
Kon Knueppel,20.0,CHO,2551.0,17.1,0.633,8.0,2.8,3.1,18.5,3.4,5.3,0.2,0.7,81.0,31.5,,2026
Jalen Johnson,24.0,ATL,2532.0,20.4,0.581,7.5,4.2,4.0,22.5,7.9,10.3,0.4,1.2,72.0,35.2,,2026
Dyson Daniels,22.0,ATL,2520.0,15.5,0.542,6.6,1.3,2.1,11.9,5.9,6.8,0.4,2.0,76.0,33.2,,2026
Paolo Banchero,23.0,ORL,2502.0,17.6,0.566,5.0,1.4,2.1,22.2,5.2,8.4,0.6,0.7,72.0,34.8,,2026
Donte DiVincenzo,29.0,MIN,2494.0,12.5,0.567,5.2,0.8,1.7,12.2,3.8,4.1,0.4,1.3,82.0,30.4,,2026
Jaylen Brown,29.0,BOS,2443.0,22.0,0.573,6.9,3.3,3.3,28.7,5.1,6.9,0.4,1.0,71.0,34.4,,2026
James Harden,36.0,2TM,2438.0,20.7,0.61,7.7,3.9,3.6,23.6,8.0,4.8,0.4,1.1,70.0,34.8,,2026
DeMar DeRozan,36.0,SAC,2406.0,17.8,0.594,5.6,-0.1,1.1,18.4,4.1,2.9,0.3,1.0,77.0,31.2,,2026
Alperen Şengün,23.0,HOU,2398.0,21.4,0.569,8.0,4.2,3.7,20.4,6.2,8.9,1.1,1.2,72.0,33.3,,2026
Miles Bridges,27.0,CHO,2387.0,16.0,0.57,6.5,1.1,1.9,17.1,3.2,5.8,0.4,0.6,77.0,31.0,,2026
Rudy Gobert,33.0,MIN,2380.0,17.5,0.664,8.7,1.0,1.8,10.9,1.7,11.5,1.6,0.8,76.0,31.3,,2026
Ryan Rollins,23.0,MIL,2376.0,16.2,0.583,3.4,0.2,1.3,17.3,5.6,4.6,0.4,1.5,74.0,32.1,,2026
Bam Adebayo,28.0,MIA,2365.0,18.7,0.551,6.4,2.0,2.4,20.1,3.2,10.0,0.7,1.2,73.0,32.4,,2026
Cooper Flagg,19.0,DAL,2344.0,17.9,0.548,3.8,1.4,2.0,21.0,4.5,6.7,0.9,1.2,70.0,33.5,,2026
Donovan Mitchell,29.0,CLE,2342.0,22.9,0.613,8.2,5.1,4.2,27.9,5.7,4.5,0.3,1.5,70.0,33.5,,2026
Trey Murphy III,25.0,NOP,2341.0,18.3,0.613,6.0,2.4,2.6,21.5,3.8,5.7,0.4,1.5,66.0,35.5,,2026
Brandin Podziemski,22.0,GSW,2333.0,15.0,0.583,5.1,0.2,1.3,13.8,3.7,5.1,0.2,1.1,82.0,28.5,,2026
Karl-Anthony Towns,30.0,NYK,2322.0,22.0,0.619,9.5,3.3,3.1,20.1,3.0,11.9,0.5,0.9,75.0,31.0,,2026
Jaden McDaniels,25.0,MIN,2316.0,14.0,0.611,5.2,-0.3,1.0,14.8,2.7,4.2,1.0,1.1,73.0,31.7,,2026
Onyeka Okongwu,25.0,ATL,2297.0,15.9,0.592,6.0,0.7,1.6,15.2,3.1,7.6,1.1,1.1,74.0,31.0,,2026
Luka Dončić,26.0,LAL,2289.0,27.9,0.616,9.5,9.3,6.6,33.5,8.3,7.7,0.5,1.6,64.0,35.8,,2026
Wendell Carter Jr.,26.0,ORL,2288.0,14.1,0.617,6.2,-0.6,0.8,11.8,2.0,7.4,0.6,0.8,78.0,29.3,,2026
Collin Gillespie,26.0,PHO,2282.0,15.3,0.575,6.2,2.5,2.6,12.7,4.6,4.1,0.2,1.2,80.0,28.5,,2026
Bub Carrington,20.0,WAS,2271.0,9.9,0.556,-0.4,-4.7,-1.6,10.7,4.6,3.4,0.2,0.6,82.0,27.7,,2026
A.J. Green,26.0,MIL,2270.0,9.4,0.627,2.4,-3.3,-0.8,10.4,1.9,2.7,0.1,0.5,78.0,29.1,,2026
Julian Champagnie,24.0,SAS,2266.0,13.1,0.609,6.2,1.4,1.9,11.1,1.5,5.8,0.5,0.8,82.0,27.6,,2026
Nikola Jokić,30.0,DEN,2265.0,32.3,0.67,14.9,14.2,9.2,27.7,10.7,12.9,0.8,1.4,65.0,34.8,,2026
CJ McCollum,34.0,2TM,2264.0,15.9,0.566,3.0,-0.3,1.0,18.7,3.9,3.3,0.5,0.8,76.0,29.8,,2026
Shai Gilgeous-Alexander,27.0,OKC,2259.0,30.8,0.665,15.2,11.7,7.8,31.1,6.6,4.3,0.8,1.4,68.0,33.2,,2026
Matas Buzelis,21.0,CHI,2248.0,14.8,0.586,2.6,-1.0,0.5,16.3,2.1,5.8,1.5,0.7,77.0,29.2,,2026
Saddiq Bey,26.0,NOP,2246.0,17.1,0.579,5.4,0.5,1.4,17.7,2.5,5.6,0.1,0.9,72.0,31.2,,2026
Max Christie,22.0,DAL,2244.0,11.0,0.601,2.7,-1.5,0.3,12.3,2.0,3.2,0.4,0.6,77.0,29.1,,2026
De'Aaron Fox,28.0,SAS,2231.0,17.6,0.578,6.4,2.2,2.4,18.6,6.2,3.8,0.3,1.2,72.0,31.0,,2026
Immanuel Quickley,26.0,TOR,2231.0,16.6,0.577,6.5,2.4,2.5,16.4,5.9,4.0,0.1,1.3,70.0,31.9,,2026
Kris Dunn,31.0,LAC,2230.0,11.3,0.581,4.0,-0.8,0.6,7.3,3.6,3.3,0.2,1.6,82.0,27.2,,2026
OG Anunoby,28.0,NYK,2224.0,15.8,0.62,6.3,2.0,2.3,16.7,2.2,5.2,0.7,1.6,67.0,33.2,,2026
Royce O'Neale,32.0,PHO,2213.0,11.6,0.596,4.6,0.7,1.5,9.8,2.7,4.8,0.4,1.1,78.0,28.4,,2026
Quentin Grimes,25.0,PHI,2206.0,12.9,0.585,3.6,-1.6,0.2,13.4,3.3,3.6,0.4,0.9,75.0,29.4,,2026
Deni Avdija,25.0,POR,2199.0,20.3,0.6,7.0,4.3,3.5,24.2,6.7,6.9,0.6,0.8,66.0,33.3,,2026
Naji Marshall,28.0,DAL,2184.0,15.4,0.592,4.3,-0.6,0.8,15.2,3.3,4.7,0.1,1.1,74.0,29.5,,2026
Cade Cunningham,24.0,DET,2172.0,21.6,0.564,7.9,6.3,4.6,23.9,9.9,5.5,0.8,1.4,64.0,33.9,,2026
Reed Sheppard,21.0,HOU,2147.0,15.7,0.564,5.9,2.7,2.5,13.5,3.4,2.9,0.7,1.5,82.0,26.2,,2026
Devin Booker,29.0,PHO,2146.0,20.4,0.585,6.5,2.2,2.3,26.1,6.0,3.9,0.3,0.8,64.0,33.5,,2026
Anthony Edwards,24.0,MIN,2137.0,21.8,0.617,6.5,4.5,3.5,28.8,3.7,5.0,0.8,1.4,61.0,35.0,,2026
Tim Hardaway Jr.,33.0,DEN,2127.0,13.5,0.624,4.4,-0.7,0.7,13.5,1.4,2.6,0.1,0.5,80.0,26.6,,2026
Jaime Jaquez Jr.,24.0,MIA,2121.0,15.7,0.57,4.2,0.1,1.1,15.4,4.7,5.0,0.3,0.7,75.0,28.3,,2026
Duncan Robinson,31.0,DET,2113.0,12.4,0.629,6.1,0.8,1.5,12.2,2.1,2.7,0.3,0.6,77.0,27.4,,2026
Jeremiah Fears,19.0,NOP,2112.0,13.8,0.525,0.6,-2.7,-0.4,14.3,3.4,3.7,0.4,1.2,82.0,25.8,,2026
Donovan Clingan,21.0,POR,2094.0,20.9,0.604,8.6,3.0,2.6,12.1,2.1,11.6,1.7,0.6,77.0,27.2,,2026
Kawhi Leonard,34.0,LAC,2085.0,27.9,0.629,9.2,8.0,5.3,27.9,3.6,6.4,0.4,1.9,65.0,32.1,,2026
Evan Mobley,24.0,CLE,2074.0,20.0,0.596,6.5,3.0,2.6,18.2,3.6,9.0,1.7,0.7,65.0,31.9,,2026
Andrew Wiggins,30.0,MIA,2063.0,15.1,0.586,4.6,1.2,1.7,15.4,2.7,4.8,1.0,1.1,68.0,30.3,,2026
Jake LaRavia,24.0,LAL,2061.0,11.9,0.571,3.8,-1.2,0.4,8.2,1.8,4.0,0.5,1.3,82.0,25.1,,2026
Pascal Siakam,31.0,IND,2057.0,18.6,0.562,2.6,0.7,1.4,24.0,3.8,6.6,0.4,1.1,62.0,33.2,,2026
Cason Wallace,22.0,OKC,2046.0,12.1,0.538,5.2,1.2,1.7,8.6,2.6,3.1,0.4,1.9,77.0,26.6,,2026
Devin Vassell,25.0,SAS,2044.0,13.0,0.574,4.9,0.5,1.3,13.9,2.5,4.0,0.4,0.9,67.0,30.5,,2026
Stephon Castle,21.0,SAS,2038.0,17.4,0.575,5.8,1.9,2.0,16.7,7.4,5.3,0.3,1.1,68.0,30.0,,2026
Derik Queen,21.0,NOP,2023.0,15.9,0.546,2.7,-0.8,0.6,11.7,3.7,7.1,0.9,1.0,81.0,25.0,,2026
LaMelo Ball,24.0,CHO,2017.0,19.7,0.546,6.2,4.7,3.4,20.1,7.1,4.8,0.2,1.2,72.0,28.0,,2026
Naz Reid,26.0,MIN,2007.0,15.4,0.565,4.0,0.9,1.5,13.6,2.2,6.2,1.0,1.0,77.0,26.1,,2026
Davion Mitchell,27.0,MIA,2000.0,12.1,0.582,4.3,-0.9,0.6,9.3,6.5,2.7,0.2,1.0,70.0,28.6,,2026
Bruce Brown,29.0,DEN,1998.0,10.8,0.562,2.9,-2.4,-0.2,7.9,2.1,3.9,0.2,1.0,82.0,24.4,,2026
Chet Holmgren,23.0,OKC,1997.0,21.6,0.653,9.1,4.2,3.1,17.1,1.7,8.9,1.9,0.6,69.0,28.9,,2026
Josh Hart,30.0,NYK,1994.0,15.7,0.612,6.1,3.0,2.5,12.0,4.8,7.4,0.3,1.1,66.0,30.2,,2026
LeBron James,41.0,LAL,1989.0,20.8,0.594,5.4,3.5,2.8,20.9,7.2,6.1,0.6,1.2,60.0,33.2,,2026
Ace Bailey,19.0,UTA,1988.0,11.6,0.533,-0.1,-4.4,-1.2,13.8,1.8,4.2,0.7,0.8,72.0,27.6,,2026
Harrison Barnes,33.0,SAS,1986.0,11.8,0.608,4.8,-0.1,1.0,9.9,1.9,2.8,0.2,0.6,77.0,25.8,,2026
Jalen Duren,22.0,DET,1976.0,26.1,0.688,11.0,5.0,3.5,19.5,2.0,10.5,0.8,0.8,70.0,28.2,,2026
Brandon Miller,23.0,CHO,1968.0,16.8,0.574,4.5,1.6,1.8,20.2,3.3,4.9,0.7,1.0,65.0,30.3,,2026
Maxime Raynaud,22.0,SAC,1964.0,16.0,0.619,3.6,-2.4,-0.2,12.5,1.4,7.5,0.5,0.5,74.0,26.5,,2026
Deandre Ayton,27.0,LAL,1958.0,18.2,0.676,6.2,-0.9,0.6,12.5,0.8,8.0,1.0,0.6,72.0,27.2,,2026
Jarace Walker,22.0,IND,1953.0,11.5,0.543,0.5,-2.4,-0.2,11.6,2.5,5.1,0.3,0.8,76.0,25.7,,2026
Sam Hauser,28.0,BOS,1934.0,11.9,0.59,5.0,0.6,1.3,9.2,1.5,3.8,0.3,0.5,78.0,24.8,,2026
Rui Hachimura,27.0,LAL,1927.0,11.6,0.62,3.2,-2.2,-0.1,11.5,0.8,3.3,0.3,0.6,68.0,28.3,,2026
Neemias Queta,26.0,BOS,1926.0,20.3,0.674,9.0,2.8,2.4,10.2,1.7,8.4,1.3,0.8,76.0,25.3,,2026
Nic Claxton,26.0,BRK,1920.0,17.6,0.592,4.8,0.9,1.4,11.7,3.7,6.9,1.1,0.7,69.0,27.8,,2026
Myles Turner,29.0,MIL,1912.0,14.2,0.584,3.0,-0.9,0.5,11.9,1.5,5.3,1.6,0.7,71.0,26.9,,2026
Keldon Johnson,26.0,SAS,1911.0,17.3,0.613,6.4,0.9,1.4,13.2,1.4,5.4,0.1,0.6,82.0,23.3,,2026
Anthony Black,22.0,ORL,1910.0,13.7,0.549,2.6,-0.6,0.7,15.0,3.7,3.8,0.7,1.4,64.0,29.8,,2026
Tristan Da Silva,24.0,ORL,1899.0,12.0,0.576,3.3,-0.6,0.7,9.9,1.6,3.7,0.3,0.9,77.0,24.7,,2026
Moussa Diabaté,24.0,CHO,1899.0,17.2,0.653,7.4,1.7,1.8,7.9,1.9,8.7,1.0,0.8,73.0,26.0,,2026
Ausar Thompson,23.0,DET,1896.0,16.2,0.545,5.7,3.1,2.4,9.9,3.1,5.7,0.9,2.0,73.0,26.0,,2026
Nique Clifford,23.0,SAC,1882.0,9.0,0.505,-0.6,-4.9,-1.4,8.6,2.4,3.8,0.3,0.9,75.0,25.1,,2026
Ayo Dosunmu,26.0,2TM,1881.0,16.5,0.63,4.9,1.0,1.4,14.8,3.6,3.4,0.3,0.8,69.0,27.3,,2026
John Collins,28.0,LAC,1872.0,16.3,0.643,4.6,-0.5,0.7,13.6,1.0,5.3,0.7,0.9,69.0,27.1,,2026
Draymond Green,35.0,GSW,1869.0,10.4,0.54,1.7,-1.4,0.3,8.4,5.5,5.5,0.6,0.9,68.0,27.5,,2026
Victor Wembanyama,22.0,SAS,1866.0,29.9,0.626,10.0,10.7,6.0,25.0,3.1,11.5,3.1,1.0,64.0,29.2,,2026
Russell Westbrook,37.0,SAC,1853.0,15.1,0.528,0.4,-0.4,0.7,15.2,6.7,5.4,0.2,1.3,64.0,29.0,,2026
Jamal Shead,23.0,TOR,1852.0,10.5,0.491,2.7,-2.3,-0.1,6.6,5.4,1.7,0.2,0.9,82.0,22.6,,2026
Pelle Larsson,24.0,MIA,1849.0,13.1,0.605,4.1,-1.2,0.4,11.4,3.4,3.5,0.2,0.7,70.0,26.4,,2026
Luguentz Dort,26.0,OKC,1849.0,8.3,0.524,3.0,-2.0,0.0,8.3,1.2,3.6,0.4,0.9,69.0,26.8,,2026
Sion James,23.0,CHO,1843.0,8.3,0.531,3.1,-2.0,0.0,5.4,2.0,3.5,0.2,0.6,82.0,22.5,,2026
Zion Williamson,25.0,NOP,1841.0,22.6,0.644,6.1,2.9,2.3,21.0,3.2,5.7,0.5,1.0,62.0,29.7,,2026
Jaylen Wells,22.0,MEM,1821.0,11.5,0.559,1.6,-3.1,-0.5,12.5,1.6,3.2,0.1,0.9,69.0,26.4,,2026
Nikola Vučević,35.0,2TM,1818.0,17.7,0.574,4.4,1.5,1.6,15.1,3.3,8.4,0.6,0.6,64.0,28.4,,2026
Oso Ighodaro,23.0,PHO,1808.0,13.8,0.636,4.7,0.1,0.9,6.5,2.3,5.1,0.7,0.9,82.0,22.0,,2026
Kyle Kuzma,30.0,MIL,1806.0,14.1,0.581,1.9,-2.3,-0.1,13.0,2.7,4.5,0.4,0.7,69.0,26.2,,2026
Kyle Filipowski,22.0,UTA,1801.0,16.0,0.586,3.1,-1.1,0.4,11.4,2.6,7.2,0.5,0.9,77.0,23.4,,2026
Andrew Nembhard,26.0,IND,1786.0,15.7,0.564,2.8,-0.8,0.6,16.9,7.7,2.8,0.1,0.9,57.0,31.3,,2026
Keyonte George,22.0,UTA,1786.0,18.5,0.609,3.3,0.9,1.3,23.6,6.1,3.7,0.3,1.1,54.0,33.1,,2026
Noah Clowney,21.0,BRK,1780.0,11.2,0.554,1.1,-3.4,-0.6,12.3,1.6,4.1,0.7,0.8,66.0,27.0,,2026
Jaylon Tyson,23.0,CLE,1777.0,14.8,0.608,4.0,0.1,0.9,13.2,2.2,5.1,0.4,0.8,66.0,26.9,,2026
Marcus Smart,31.0,LAL,1769.0,9.9,0.543,2.0,-2.2,-0.1,9.3,3.0,2.8,0.4,1.4,62.0,28.5,,2026
Brice Sensabaugh,22.0,UTA,1762.0,14.4,0.59,1.1,-2.6,-0.3,14.9,1.9,3.1,0.2,0.7,75.0,23.5,,2026
Austin Reaves,27.0,LAL,1762.0,20.2,0.641,5.6,2.8,2.1,23.3,5.5,4.7,0.4,1.1,51.0,34.5,,2026
Tre Jones,26.0,CHI,1752.0,18.7,0.637,5.7,1.3,1.5,14.1,5.4,3.1,0.2,1.2,65.0,27.0,,2026
Sandro Mamukelashvili,26.0,TOR,1751.0,18.1,0.637,6.2,2.8,2.1,11.2,1.9,4.9,0.5,0.8,80.0,21.9,,2026
Tobias Harris,33.0,DET,1746.0,15.0,0.574,5.3,1.4,1.5,13.3,2.5,5.1,0.4,0.9,63.0,27.7,,2026
Precious Achiuwa,26.0,SAC,1745.0,16.2,0.558,2.9,-1.6,0.2,10.1,1.4,6.7,0.7,0.9,73.0,23.9,,2026
P.J. Washington,27.0,DAL,1736.0,13.1,0.537,1.7,-1.6,0.2,14.2,1.8,7.0,1.1,1.0,56.0,31.0,,2026
Josh Giddey,23.0,CHI,1731.0,18.0,0.562,3.2,2.7,2.0,17.0,9.1,8.3,0.5,1.0,54.0,32.1,,2026
RJ Barrett,25.0,TOR,1726.0,17.0,0.585,4.0,0.2,1.0,19.3,3.3,5.3,0.3,0.7,57.0,30.3,,2026
Jay Huff,27.0,IND,1719.0,15.2,0.598,3.2,0.4,1.1,9.5,1.5,4.0,1.9,0.5,82.0,21.0,,2026
Norman Powell,32.0,MIA,1717.0,17.5,0.609,4.0,1.6,1.5,21.7,2.5,3.5,0.2,1.1,58.0,29.6,,2026
Cam Spencer,25.0,MEM,1714.0,17.2,0.649,5.3,2.2,1.8,11.1,5.6,2.5,0.2,0.7,72.0,23.8,,2026
Kel'el Ware,21.0,MIA,1704.0,20.0,0.616,6.2,2.1,1.8,11.1,0.7,9.0,1.1,0.8,77.0,22.1,,2026
Dillon Brooks,30.0,PHO,1702.0,14.1,0.54,2.1,-2.3,-0.1,20.2,1.8,3.6,0.2,1.0,56.0,30.4,,2026
Dennis Schröder,32.0,2TM,1697.0,12.9,0.526,1.5,-2.2,-0.1,10.8,4.9,2.7,0.2,0.8,70.0,24.2,,2026
Isaac Okoro,25.0,CHI,1695.0,9.8,0.574,2.2,-3.8,-0.8,9.3,1.6,2.7,0.5,0.7,63.0,26.9,,2026
Jerami Grant,31.0,POR,1695.0,15.4,0.608,4.0,0.0,0.9,18.6,2.1,3.5,0.6,0.7,57.0,29.7,,2026
Dominick Barlow,22.0,PHI,1689.0,13.2,0.597,3.9,-1.1,0.4,7.7,1.2,4.8,0.7,0.9,71.0,23.8,,2026
Michael Porter Jr.,27.0,BRK,1689.0,19.9,0.595,2.9,3.0,2.1,24.2,3.0,7.1,0.3,1.1,52.0,32.5,,2026
Luke Kennard,29.0,2TM,1681.0,13.5,0.689,4.5,0.1,0.9,8.4,2.2,2.3,0.1,0.7,78.0,21.6,,2026
Cameron Johnson,29.0,DEN,1647.0,12.8,0.629,3.7,-0.6,0.6,12.2,2.4,3.8,0.4,0.7,54.0,30.5,,2026
Brook Lopez,37.0,LAC,1635.0,12.3,0.552,2.3,-0.9,0.5,8.5,1.3,3.6,1.2,0.6,75.0,21.8,,2026
Will Riley,19.0,WAS,1633.0,12.1,0.548,0.4,-4.5,-1.0,10.3,2.0,2.9,0.1,0.7,74.0,22.1,,2026
Cody Williams,21.0,UTA,1631.0,9.6,0.524,0.1,-5.5,-1.5,8.8,2.0,3.0,0.4,0.8,67.0,24.3,,2026
Bennedict Mathurin,23.0,2TM,1620.0,14.7,0.575,2.1,-2.5,-0.2,17.6,2.4,5.4,0.2,0.8,54.0,30.0,,2026
Bobby Portis,30.0,MIL,1619.0,17.1,0.587,2.8,0.0,0.8,13.7,1.6,6.4,0.2,0.6,67.0,24.2,,2026
Collin Sexton,27.0,2TM,1614.0,17.4,0.615,3.9,0.6,1.1,15.4,3.3,2.3,0.1,1.1,68.0,23.7,,2026
Cedric Coward,22.0,MEM,1598.0,15.3,0.585,2.5,-0.2,0.7,13.6,2.8,5.9,0.4,0.6,62.0,25.8,,2026
Peyton Watson,23.0,DEN,1598.0,14.3,0.594,2.6,-1.2,0.3,14.6,2.1,4.9,1.1,0.9,54.0,29.6,,2026
Herbert Jones,27.0,NOP,1588.0,9.1,0.491,0.7,-3.1,-0.5,8.9,2.8,3.4,0.5,1.6,56.0,28.4,,2026
Jalen Suggs,24.0,ORL,1574.0,15.6,0.561,2.7,2.5,1.8,13.8,5.5,3.9,0.7,1.8,57.0,27.6,,2026
Kelly Oubre Jr.,30.0,PHI,1574.0,13.0,0.58,2.7,-1.4,0.2,14.1,1.6,5.0,0.5,1.4,50.0,31.5,,2026
Jordan Goodwin,27.0,PHO,1572.0,14.7,0.525,3.9,1.8,1.5,8.7,2.2,4.9,0.2,1.5,70.0,22.5,,2026
